sistema;subsistema;propietario;razon_social;rut;central;estado;fecha_puesta_servicio_central;anio_servicio_central;region_nombre;comuna_nombre;cod_unidad;tipo_unidad;fecha_servicio_unidad;unidades;marca_modelo;clasificacion;tipo_de_energia;potencia_bruta_mw;potencia_neta_mw;ley_ernc;medio_generacion;distribuidora;punto_conexion;combustible_1;consumo_1;unidad_1;combustible_2;consumo_2;unidad_2;combustible_3;consumo_3;unidad_3;tipo_turbina_hidraulica;gasto_m3_por_s;caida_m;coord_este_utm;coord_norte_utm;huso_utm;tipo_final;orden;fecha_act
SEA;AYSEN;EDELAYSEN;Empresa Eléctrica de Aisén S.A.;88.272.600-2;ALTO BAGUALES 2;En Operacion;01/01/2016;2016;Región Aisén del Gral.Carlos Ibáñez del Campo;Coihaique;G-5734;EOLICA;2016;;;ERNC;Eólica;0,9;0,9;Si;;;Interconección Aysen-Coyahqiue;EOLICA;;;;;;;;;;;;726258,7977;5045322,821;18S;Eólica;15;10/08/2026
SEA;AYSEN;EDELAYSEN;Empresa Eléctrica de Aisén S.A.;88.272.600-2;ALTO BAGUALES 2;En Operacion;01/01/2016;2016;Región Aisén del Gral.Carlos Ibáñez del Campo;Coihaique;G-5735;EOLICA;2016;;;ERNC;Eólica;0,9;0,9;Si;;;Interconección Aysen-Coyahqiue;EOLICA;;;;;;;;;;;;726258,7977;5045322,821;18S;Eólica;15;10/08/2026
SEA;AYSEN;EDELAYSEN;Empresa Eléctrica de Aisén S.A.;88.272.600-2;AYSEN TÉRMICO;En Operacion;01/01/1997;1997;Región Aisén del Gral.Carlos Ibáñez del Campo;Aisén;G-5114;DIESEL;2000;;;Convencional;Petróleo Diesel;1,2;1,2;No;;;Barra central Aysen ed Aysen;DIESEL;;;;;;;;;;;;679309,0822;5027217,691;18S;Petróleo Diesel;15;10/08/2026
SEA;AYSEN;EDELAYSEN;Empresa Eléctrica de Aisén S.A.;88.272.600-2;AYSEN TÉRMICO;En Operacion;01/01/1997;1997;Región Aisén del Gral.Carlos Ibáñez del Campo;Aisén;G-5950;DIESEL;2023;;;Convencional;Petróleo Diesel;1,6;1,6;No;;;Barra central Aysen ed Aysen;DIESEL;;;;;;;;;;;;679309,0822;5027217,691;18S;Petróleo Diesel;15;10/08/2026
SEA;AYSEN;EDELAYSEN;Empresa Eléctrica de Aisén S.A.;88.272.600-2;AYSEN;En Operacion;01/01/1960;1960;Región Aisén del Gral.Carlos Ibáñez del Campo;Aisén;G-5116;pasada;1970;;;ERNC;Hidráulica Pasada;3;3;Si;;;Barra central Aysen de Aysen;;;;;;;;;;Francis;3,3;103;679309,0822;5027217,691;18S;Mini Hidráulica de Pasada;15;10/08/2026
SEA;AYSEN;EDELAYSEN;Empresa Eléctrica de Aisén S.A.;88.272.600-2;AYSEN;En Operacion;01/01/1960;1960;Región Aisén del Gral.Carlos Ibáñez del Campo;Aisén;G-5117;pasada;2001;;;ERNC;Hidráulica Pasada;0,9;0,9;Si;;;Barra central Aysen de Aysen;;;;;;;;;;Francis;1;103;679309,0822;5027217,691;18S;Mini Hidráulica de Pasada;15;10/08/2026
SEA;AYSEN;EDELAYSEN;Empresa Eléctrica de Aisén S.A.;88.272.600-2;AYSEN;En Operacion;01/01/1960;1960;Región Aisén del Gral.Carlos Ibáñez del Campo;Aisén;G-5118;pasada;2001;;;ERNC;Hidráulica Pasada;2,7;2,7;Si;;;Barra central Aysen de Aysen;;;;;;;;;;Francis;3,1;103;679309,0822;5027217,691;18S;Mini Hidráulica de Pasada;15;10/08/2026
SEM;PUNTA ARENAS;PECKEY ENERGY S.A.;PECKEY ENERGY S.A.;76180803-6;CABO NEGRO;En Operacion;01/01/2010;2010;Región de Magallanes y de la Antártica Chilena;Punta Arenas;TE Vestas V-52;Turbina Eólica;2010;;;ERNC;Eólica;0,85;0,765;Si;;;Alimentador N°6;Eólica;;;;;;;;;;;;377101;4131785;19F;Eólica;16;10/08/2026
SEM;PUNTA ARENAS;PECKEY ENERGY S.A.;PECKEY ENERGY S.A.;76180803-6;CABO NEGRO;En Operacion;01/01/2010;2010;Región de Magallanes y de la Antártica Chilena;Punta Arenas;TE Vestas V-52;Turbina Eólica;2010;;;ERNC;Eólica;0,85;0,765;Si;;;Alimentador N°6;Eólica;;;;;;;;;;;;377101;4131785;19F;Eólica;16;10/08/2026
SEM;PUNTA ARENAS;PECKEY ENERGY S.A.;PECKEY ENERGY S.A.;76180803-6;CABO NEGRO;En Operacion;01/01/2010;2010;Región de Magallanes y de la Antártica Chilena;Punta Arenas;TE Vestas V-52;Turbina Eólica;2010;;;ERNC;Eólica;0,85;0,765;Si;;;Alimentador N°6;Eólica;;;;;;;;;;;;377101;4131785;19F;Eólica;16;10/08/2026
LOS LAGOS;COCHAMO;HIDRONER SPA;COMPAÑÍA HIDROLECTRICA HIDRONER SPA;76.378.725-7;CENTRAL HIDROELECTRICA TERRA AUSTRAL;En Operacion;01/01/2022;2022;Región de Los Lagos;Cochamó;Hidraulica;FLUJO CRUZADO;2022;;;ERNC;Hidráulica Pasada;0,8;0,78;Si;;;Alimentador Cochamó 13,2 kV  ;−;;;−;;;−;−;−;Flujo Cruzado;1,5;60;724561;5396491;18 G;Mini Hidráulica de Pasada;14;10/08/2026
LOS LAGOS;COCHAMO;INVERGES (*);ENERGÍA LIMPIA SPA;76.768.971-3;CH COCHAMO;En Operacion;01/01/2020;2020;Región de Los Lagos;Cochamó;Hidraulica;HIDRAULICA;2020;;;ERNC;Hidráulica Pasada;0,68;0,68;Si;;; Poste 639199;−;;;−;;;−;−;−;Flujo Cruzado;0,55;158;725707;5403127;WGS 84 huso 18;Mini Hidráulica de Pasada;14;10/08/2026
SEA;AYSEN;EDELAYSEN;Empresa Eléctrica de Aisén S.A.;88.272.600-2;CHACABUCO;En Operacion;01/01/2008;2008;Región Aisén del Gral.Carlos Ibáñez del Campo;Aisén;G-5112;DIESEL;2004;;;Convencional;Petróleo Diesel;1,2;1,2;No;;;Alimentador Aysen-Chacabuco;DIESEL;;;;;;;;;;;;676043,7039;5033554,641;18S;Petróleo Diesel;15;10/08/2026
SEA;AYSEN;EDELAYSEN;Empresa Eléctrica de Aisén S.A.;88.272.600-2;CHACABUCO;En Operacion;01/01/2008;2008;Región Aisén del Gral.Carlos Ibáñez del Campo;Aisén;G-5113;DIESEL;2004;;;Convencional;Petróleo Diesel;1,2;1,2;No;;;Alimentador Aysen-Chacabuco;DIESEL;;;;;;;;;;;;676043,7039;5033554,641;18S;Petróleo Diesel;15;10/08/2026
SEA;AYSEN;EDELAYSEN;Empresa Eléctrica de Aisén S.A.;88.272.600-2;CHACABUCO;En Operacion;01/01/2008;2008;Región Aisén del Gral.Carlos Ibáñez del Campo;Aisén;G-5148;DIESEL;2015;;;Convencional;Petróleo Diesel;1,6;1,6;No;;;Alimentador Aysen-Chacabuco;DIESEL;;;;;;;;;;;;676043,7039;5033554,641;18S;Petróleo Diesel;15;10/08/2026
SEA;AYSEN;EDELAYSEN;Empresa Eléctrica de Aisén S.A.;88.272.600-2;CHACABUCO;En Operacion;01/01/1993;1993;Región Aisén del Gral.Carlos Ibáñez del Campo;Coihaique;G-5804;DIESEL;2020;;;Convencional;Petróleo Diesel;2,84;2,84;No;;;Alimentador Aysen-Chacabuco;DIESEL;;;;;;;;;;;;676043,7039;5033554,641;18S;Petróleo Diesel;15;10/08/2026
SEA;AYSEN;EDELAYSEN;Empresa Eléctrica de Aisén S.A.;88.272.600-2;CHACABUCO;En Operacion;01/01/1993;1993;Región Aisén del Gral.Carlos Ibáñez del Campo;Coihaique;G-5805;DIESEL;2020;;;Convencional;Petróleo Diesel;2,84;2,84;No;;;Alimentador Aysen-Chacabuco;DIESEL;;;;;;;;;;;;676043,7039;5033554,641;18S;Petróleo Diesel;15;10/08/2026
SEA;GENERAL CARRERA;EDELAYSEN;Empresa Eléctrica de Aisén S.A.;88.272.600-2;CHILE CHICO;En Operacion;01/01/1965;1965;Región Aisén del Gral.Carlos Ibáñez del Campo;Chile Chico;G-5144;DIESEL;2013;;;Convencional;Petróleo Diesel;0,4;0,4;No;;;Barra central Chile Chico;DIESEL;;;;;;;;;;;;291097,2547;5157717,655;19S;Petróleo Diesel;15;10/08/2026
SEA;GENERAL CARRERA;EDELAYSEN;Empresa Eléctrica de Aisén S.A.;88.272.600-2;CHILE CHICO;En Operacion;01/01/1965;1965;Región Aisén del Gral.Carlos Ibáñez del Campo;Chile Chico;G-5518;DIESEL;2005;;;Convencional;Petróleo Diesel;0,288;0,282;No;;;Barra central Chile Chico;DIESEL;;;;;;;;;;;;291097,2547;5157717,655;19S;Petróleo Diesel;15;10/08/2026
SEA;GENERAL CARRERA;EDELAYSEN;Empresa Eléctrica de Aisén S.A.;88.272.600-2;CHILE CHICO;En Operacion;01/01/1965;1965;Región Aisén del Gral.Carlos Ibáñez del Campo;Chile Chico;G-5622;DIESEL;2011;;;Convencional;Petróleo Diesel;0,4;0,4;No;;;Barra central Chile Chico;DIESEL;;;;;;;;;;;;291097,2547;5157717,655;19S;Petróleo Diesel;15;10/08/2026
SEA;GENERAL CARRERA;EDELAYSEN;Empresa Eléctrica de Aisén S.A.;88.272.600-2;CHILE CHICO;En Operacion;01/01/1965;1965;Región Aisén del Gral.Carlos Ibáñez del Campo;Chile Chico;G-5743;DIESEL;2017;;;Convencional;Petróleo Diesel;0,648;0,648;No;;;Barra central Chile Chico;DIESEL;;;;;;;;;;;;291097,2547;5157717,655;19S;Petróleo Diesel;15;10/08/2026
SEA;GENERAL CARRERA;EDELAYSEN;Empresa Eléctrica de Aisén S.A.;88.272.600-2;CHILE CHICO;En Operacion;01/01/1965;1965;Región Aisén del Gral.Carlos Ibáñez del Campo;Chile Chico;G-5953;DIESEL;2023;;;Convencional;Petróleo Diesel;0,4;0,5;No;;;Barra central Chile Chico;DIESEL;;;;;;;;;;;;291097,2547;5157717,655;19S;Petróleo Diesel;15;10/08/2026
SEA;GENERAL CARRERA;EDELAYSEN;Empresa Eléctrica de Aisén S.A.;88.272.600-2;CHILE CHICO;En Operacion;01/01/1965;1965;Región Aisén del Gral.Carlos Ibáñez del Campo;Chile Chico;G-5954;DIESEL;2023;;;Convencional;Petróleo Diesel;0,4;0,5;No;;;Barra central Chile Chico;DIESEL;;;;;;;;;;;;291097,2547;5157717,655;19S;Petróleo Diesel;15;10/08/2026
LOS LAGOS;COCHAMO;SAGESA;SAGESA S.A.;76.186.388-6;COCHAMO;En Operacion;01/01/1996;1996;Región de Los Lagos;Cochamó;5714;DIESEL;2021;;;Convencional;Petróleo Diesel;0,8;0,8;No;;;PATIO MT CENTRAL COCHAMO;PETROLEO;;;−;;;−;−;−;;;;724512,99;5396489,99;18 G;Petróleo Diesel;14;10/08/2026
LOS LAGOS;COCHAMO;SAGESA;SAGESA S.A.;76.186.388-6;COCHAMO;En Operacion;01/01/1996;1996;Región de Los Lagos;Cochamó;5887;DIESEL;2021;;;Convencional;Petróleo Diesel;1;1;No;;;PATIO MT CENTRAL COCHAMO;PETROLEO;;;−;;;−;−;−;;;;724512,99;5396489,99;18 G;Petróleo Diesel;14;10/08/2026
LOS LAGOS;COCHAMO;SAGESA;SAGESA S.A.;76.186.388-6;COCHAMO;En Operacion;01/01/1996;1996;Región de Los Lagos;Cochamó;5888;DIESEL;2021;;;Convencional;Petróleo Diesel;1;1;No;;;PATIO MT CENTRAL COCHAMO;PETROLEO;;;−;;;−;−;−;;;;724512,99;5396489,99;18 G;Petróleo Diesel;14;10/08/2026
SEN;SING;CERRO DOMINADOR PV S.A.;;;CSP CERRO DOMINADOR;En Operacion;30/09/2021;2021;Región de Antofagasta;María Elena;;;;1;;ERNC;Solar-CSP;114,4;108,27;Si;;NO APLICA;ID 2811-BA S/E CERRO DOMINADOR 220KV BP;;;;;;;;;;;;;450672;7481162;19 K;Concentración Solar de Potencia;3;10/08/2026
LOS LAGOS;HORNOPIREN;EPA;Empresa Eléctrica Cuchildeo SPA;76.679.610-9;CUCHILDEO;En Operacion;01/01/2008;2008;Región de Los Lagos;Hualaihué;Hidraulica;HIDRAULICA;2008;;;ERNC;Hidráulica Pasada;0,765;0,765;Si;;;PATIO MT CENTRAL CUCHILDEO;−;;;−;;;−;−;−;S (KAPLAN);11;8,2;708609,99;5351609,8;18 G;Mini Hidráulica de Pasada;14;10/08/2026
SEA;AYSEN;EDELAYSEN;Empresa Eléctrica de Aisén S.A.;88.272.600-2;EL BLANCO;En Operacion;01/01/2021;2021;Región Aisén del Gral.Carlos Ibáñez del Campo;Coihaique;G;SOLAR;2021;;;ERNC;Solar Fotovoltaica;2,96;2,96;Si;;;Alimentador Balmaceda;SOLAR;;;;;;;;;;;;271683,08;4925658,05;19S;Solar Fotovoltaica;15;10/08/2026
SEA;GENERAL CARRERA;EDELAYSEN;Empresa Eléctrica de Aisén S.A.;88.272.600-2;EL TRARO PROVISORIA;En Operacion;01/01/2022;2022;Región Aisén del Gral.Carlos Ibáñez del Campo;Cochrane;G-5719;DIESEL;2023;;;Convencional;Petróleo Diesel;0,4;0,4;No;;;Barra central El Traro de Cochrane;DIESEL;;;;;;;;;;;;680088,4359;5233320,167;18S;Petróleo Diesel;15;10/08/2026
SEA;GENERAL CARRERA;EDELAYSEN;Empresa Eléctrica de Aisén S.A.;88.272.600-2;EL TRARO;En Operacion;01/01/1987;1987;Región Aisén del Gral.Carlos Ibáñez del Campo;Cochrane;G-5122;pasada;1987;;;ERNC;Hidráulica Pasada;0,32;0,32;Si;;;Barra central El Traro de Cochrane;;;;;;;;;;Hélice Kaplan;3,99;10,7;680088,4359;5233320,167;18S;Mini Hidráulica de Pasada;15;10/08/2026
SEA;GENERAL CARRERA;EDELAYSEN;Empresa Eléctrica de Aisén S.A.;88.272.600-2;EL TRARO;En Operacion;01/01/1987;1987;Región Aisén del Gral.Carlos Ibáñez del Campo;Cochrane;G-5123;pasada;1987;;;ERNC;Hidráulica Pasada;0,32;0,32;Si;;;Barra central El Traro de Cochrane;;;;;;;;;;Hélice Kaplan;3,99;10,7;680088,4359;5233320,167;18S;Mini Hidráulica de Pasada;15;10/08/2026
SEA;GENERAL CARRERA;EDELAYSEN;Empresa Eléctrica de Aisén S.A.;88.272.600-2;EL TRARO;En Operacion;01/01/2007;2007;Región Aisén del Gral.Carlos Ibáñez del Campo;Cochrane;G-5741;DIESEL;2016;;;Convencional;Petróleo Diesel;0,4;0,4;No;;;Barra central El Traro de Cochrane;DIESEL;;;;;;;;;;;;680088,4359;5233320,167;18S;Petróleo Diesel;15;10/08/2026
SEA;GENERAL CARRERA;EDELAYSEN;Empresa Eléctrica de Aisén S.A.;88.272.600-2;EL TRARO;En Operacion;01/01/2007;2007;Región Aisén del Gral.Carlos Ibáñez del Campo;Cochrane;G-5955;DIESEL;2023;;;Convencional;Petróleo Diesel;0,52;0,52;No;;;Barra central El Traro de Cochrane;DIESEL;;;;;;;;;;;;680088,4359;5233320,167;18S;Petróleo Diesel;15;10/08/2026
SEA;PALENA;EDELAYSEN;Empresa Eléctrica de Aisén S.A.;88.272.600-2;FUTALEUFU;En Operacion;01/01/1976;1976;Región de Los Lagos;Futaleufú;G-5520;DIESEL;2009;;;Convencional;Petróleo Diesel;0,256;0,256;No;;;Alimentador Futaleufu;DIESEL;;;;;;;;;;;;267060,8821;4785127,192;18S;Petróleo Diesel;14;10/08/2026
SEA;PALENA;EDELAYSEN;Empresa Eléctrica de Aisén S.A.;88.272.600-2;FUTALEUFU;En Operacion;01/01/1976;1976;Región de Los Lagos;Futaleufú;G-5747;DIESEL;2017;;;Convencional;Petróleo Diesel;0,4;0,4;No;;;Alimentador Futaleufu;DIESEL;;;;;;;;;;;;267060,8821;4785127,192;18S;Petróleo Diesel;14;10/08/2026
SEA;PALENA;EDELAYSEN;Empresa Eléctrica de Aisén S.A.;88.272.600-2;FUTALEUFU;En Operacion;01/01/1976;1976;Región de Los Lagos;Futaleufú;G-5856;DIESEL;2020;;;Convencional;Petróleo Diesel;0,508;0,508;No;;;Alimentador Futaleufu;DIESEL;;;;;;;;;;;;267060,8821;4785127,192;19S;Petróleo Diesel;14;10/08/2026
SEN;SING;GEOTÉRMICA DEL NORTE S.A.;;96.971.330-6;GEO CERRO PABELLON;En Operacion;31/05/2019;2019;Región de Antofagasta;Ollagüe;;;;3;;ERNC;Geotérmica;94,88;83,58;Si;;NO APLICA;ID 2583 BA S/E CERRO PABELLÓN 200KV BP1;;;;;;;;;;;;;587704,27;7582720,94;19K;Geotérmica;3;10/08/2026
SEN;SIC;COLBÚN S.A.;;96.505.760-9;HE ANGOSTURA;En Operacion;01/04/2014;2014;Región del Biobío;Santa Bárbara;;;;3;;Convencional;Hidráulica Pasada;323,8;321;No;;NO APLICA;S/E CENTRAL ANGOSTURA 220KV;;;;;;;;;;;;;251712,84;5822359,45;19H;Hidráulica de Pasada;10;10/08/2026
SEN;SIC;ENEL GENERACIÓN CHILE S.A.;;91.081.000-6;HE ANTUCO;En Operacion;31/07/1981;1981;Región del Biobío;Tucapel;;;;2;;Convencional;Hidráulica Pasada;329,125;326,628;No;;NO APLICA;S/E ANTUCO 220KV;;;;;;;;;;;;;267200,25;5867506,41;19H;Hidráulica de Pasada;10;10/08/2026
SEN;SIC;COLBÚN S.A.;;96.505.760-9;HE CANUTILLAR;En Operacion;31/07/1990;1990;Región de Los Lagos;Cochamó;;;;2;;Convencional;Hidráulica Embalse;172;171,57;No;;NO APLICA;S/E CENTRAL CANUTILLAR 220KV;;;;;;;;;;;;;721777,5495;5399336,144;18G;Hidráulica de Embalse;14;10/08/2026
SEN;SIC;ENEL GENERACIÓN CHILE S.A.;;91.081.000-6;HE CIPRESES;En Operacion;31/07/1955;1955;Región del Maule;San Clemente;;;;3;;Convencional;Hidráulica Embalse;97,9807;96,6415;No;;NO APLICA;S/E CIPRESES 154KV B1;;;;;;;;;;;;;336636,74;6038216,74;19H;Hidráulica de Embalse;9;10/08/2026
SEN;SIC;COLBÚN S.A.;;96.505.760-9;HE COLBUN;En Operacion;31/07/1985;1985;Región del Maule;Colbún;;;;2;;Convencional;Hidráulica Embalse;467,3;460,8;No;;NO APLICA;S/E COLBUN 220KV;;;;;;;;;;;;;287758,57;6049943,42;19H;Hidráulica de Embalse;9;10/08/2026
SEN;SIC;SOCIEDAD CONCESIONARIA EMBALSE CONVENTO VIEJO S.A.;;76.338.870-0;HE CONVENTO VIEJO;En Operacion;21/02/2019;2019;Región del Libertador Gral. Bernardo O’Higgins;Chimbarongo;;;;2;;Convencional;Hidráulica Embalse;17,04;16,58;No;;NO APLICA;ID2105-S/E SECCIONADORA CONVENTO VIEJO;;;;;;;;;;;;;305155;6150633;19H;Hidráulica de Embalse;8;10/08/2026
SEN;SIC;ENEL GENERACIÓN CHILE S.A.;;91.081.000-6;HE EL TORO;En Operacion;31/07/1973;1973;Región del Biobío;Antuco;;;;4;;Convencional;Hidráulica Embalse;443,8897;437,2715;No;;NO APLICA;S/E CENTRAL EL TORO 220KV B1;;;;;;;;;;;;;279180,91;5869694,55;19H;Hidráulica de Embalse;10;10/08/2026
SEN;SIC;ENEL GENERACIÓN CHILE S.A.;;;HE LOS CONDORES;En Operacion;17/02/2025;2025;Región del Maule;San Clemente;;;;2;;Convencional;Hidráulica Embalse;170,7223;169,7399;No;;No Aplica;ID:2265 S/E CENTRAL LOS CONDORES;;;;;;;;;;;;;352980;6024040;19H;Hidráulica de Embalse;9;10/08/2026
SEN;SIC;COLBÚN S.A.;;96.505.760-9;HE MACHICURA;En Operacion;31/07/1985;1985;Región del Maule;Colbún;;;;2;;Convencional;Hidráulica Embalse;95;94,7625;No;;NO APLICA;S/E MACHICURA 220KV;;;;;;;;;;;;;283144,297;6043076,017;19H;Hidráulica de Embalse;9;10/08/2026
SEN;SIC;ENEL GENERACIÓN CHILE S.A.;;91.081.000-6;HE PANGUE;En Operacion;31/07/1996;1996;Región del Biobío;Alto Biobío;;;;2;;Convencional;Hidráulica Embalse;467;465,8325;No;;NO APLICA;S/E CENTRAL PANGUE 220KV;;;;;;;;;;;;;270363,9968;5800866,019;19H;Hidráulica de Embalse;10;10/08/2026
SEN;SIC;EMPRESA ELÉCTRICA PEHUENCHE S.A.;;96.504.980-0;HE PEHUENCHE;En Operacion;31/07/1991;1991;Región del Maule;Colbún;;;;2;;Convencional;Hidráulica Embalse;546,92;543,33;No;;NO APLICA;S/E CENTRAL PEHUENCHE 220KV B1;;;;;;;;;;;;;308640,5961;6045796,012;19H;Hidráulica de Embalse;9;10/08/2026
SEN;SIC;ENEL GENERACIÓN CHILE S.A.;;91.081.000-6;HE RALCO;En Operacion;06/09/2004;2004;Región del Biobío;Alto Biobío;;;;2;;Convencional;Hidráulica Embalse;690,12;685,06;No;;NO APLICA;S/E CENTRAL RALCO 220KV;;;;;;;;;;;;;282373,2068;5786143,331;19H;Hidráulica de Embalse;10;10/08/2026
SEN;SIC;ENEL GENERACIÓN CHILE S.A.;;91.081.000-6;HE RAPEL;En Operacion;31/07/1968;1968;Región del Libertador Gral. Bernardo O’Higgins;Litueche;;;;5;;Convencional;Hidráulica Embalse;363,8066;361,9847;No;;NO APLICA;S/E  RAPEL 220KV B1;;;;;;;;;;;;;261017,0025;6230244,021;19H;Hidráulica de Embalse;8;10/08/2026
LOS LAGOS;HORNOPIREN;SAGESA;SAGESA S.A.;76.186.388-6;HORNOPIREN;En Operacion;01/01/2022;2022;Región de Los Lagos;Hualaihué;5568;DIESEL;2022;;;Convencional;Petróleo Diesel;0,75;0,75;No;;;PATIO MT CENTRAL HORNOPIREN;PETROLEO;;;−;;;−;−;−;;;;708455,32;5351576,06;18 G;Petróleo Diesel;14;10/08/2026
LOS LAGOS;HORNOPIREN;SAGESA;SAGESA S.A.;76.186.388-6;HORNOPIREN;En Operacion;01/01/1995;1995;Región de Los Lagos;Hualaihué;5666;DIESEL;2014;;;Convencional;Petróleo Diesel;0,75;0,75;No;;;PATIO MT CENTRAL HORNOPIREN;PETROLEO;;;−;;;−;−;−;;;;708455,32;5351576,06;18 G;Petróleo Diesel;14;10/08/2026
LOS LAGOS;HORNOPIREN;SAGESA;SAGESA S.A.;76.186.388-6;HORNOPIREN;En Operacion;01/01/1995;1995;Región de Los Lagos;Hualaihué;5740;DIESEL;2016;;;Convencional;Petróleo Diesel;0,75;0,75;No;;;PATIO MT CENTRAL HORNOPIREN;PETROLEO;;;−;;;−;−;−;;;;708455,32;5351576,06;18 G;Petróleo Diesel;14;10/08/2026
LOS LAGOS;HORNOPIREN;SAGESA;SAGESA S.A.;76.186.388-6;HORNOPIREN;En Operacion;01/01/1995;1995;Región de Los Lagos;Hualaihué;5857;DIESEL;2020;;;Convencional;Petróleo Diesel;0,8;0,82;No;;;PATIO MT CENTRAL HORNOPIREN;PETROLEO;;;−;;;−;−;−;;;;708455,32;5351576,06;18 G;Petróleo Diesel;14;10/08/2026
SEN;SIC;ENEL GENERACIÓN CHILE S.A.;;91.081.000-6;HP ABANICO;En Operacion;31/07/1948;1948;Región del Biobío;Antuco;;;;4;;Convencional;Hidráulica Pasada;100;90,3856;No;;NO APLICA;S/E ABANICO 154KV;;;;;;;;;;;;;279542,74;5861815,15;19H;Hidráulica de Pasada;10;10/08/2026
SEN;SIC;HIDROELÉCTRICA LAS JUNTAS S.A.;;;HP AILLIN;En Operacion;20/06/2023;2023;Región del Biobío;Santa Bárbara;;;;1;;ERNC;Mini Hidráulica Pasada;7;6,8511;Si;PMG;HIDROELECTRICA LAS JUNTAS S.A.;14724_IM S/E LAS JUNTAS E1;;;;;;;;;;;;;283177;5839896;19 H;Mini Hidráulica de Pasada;10;10/08/2026
SEN;SIC;AES ANDES S.A.;;94.272.000-9;HP ALFALFAL;En Operacion;31/07/1991;1991;Región Metropolitana de Santiago;San José de Maipo;;;;2;;Convencional;Hidráulica Pasada;187,1236;184,5534;No;;NO APLICA;S/E CENTRAL ALFALFAL 220KV;;;;;;;;;;;;;389218;6292506;19H;Hidráulica de Pasada;7;10/08/2026
SEN;SIC;ALTO MAIPO SPA;;;HP ALFALFAL II;En Operacion;26/03/2022;2022;Región Metropolitana de Santiago;San José de Maipo;;;;2;;Convencional;Hidráulica Pasada;259,58;259,38;No;;AES GENER;SE ALFALFAL;;;;;;;;;;;;;385621,93;6284684,8;19H;Hidráulica de Pasada;7;10/08/2026
SEN;SIC;ESPINOS S.A.;;76.925.800-0;HP ALTO RENAICO;En Operacion;19/11/2018;2018;Región del Biobío;Mulchén;;;;1;;ERNC;Mini Hidráulica Pasada;1,402;1,378;Si;PMG;NO APLICA;TAP OFF ALTO RENAICO;;;;;;;;;;;;;728594,0004;5813182,018;18H;Mini Hidráulica de Pasada;10;10/08/2026
SEN;SIC;HIDROELÉCTRICA EMBALSE ANCOA SPA;;;HP ANCOA;En Operacion;16/02/2018;2018;Región del Maule;Colbún;;;;2;;Convencional;Hidráulica Pasada;25,5634;25,4089;No;;NO APLICA;TAP OFF PUTAGÁN 66 KV;;;;;;;;;;;;;302526,11;6030183,32;19H;Hidráulica de Pasada;9;10/08/2026
SEN;SIC;COLBÚN S.A.;;96.505.760-9;HP BLANCO;En Operacion;31/07/1993;1993;Región de Valparaíso;Los Andes;;;;1;;Convencional;Hidráulica Pasada;53;52,8675;No;;NO APLICA;S/E ACONCAGUA 110KV;;;;;;;;;;;;;375739,9989;6357126,019;19H;Hidráulica de Pasada;6;10/08/2026
SEN;SIC;HIDROENERSUR SPA;;76.003.174-7;HP CALLAO;En Operacion;14/09/2012;2012;Región de Los Lagos;Puerto Octay;;;;2;;ERNC;Mini Hidráulica Pasada;3,3;3,29175;Si;PMG;No aplica (PMG);Línea 23 kV  S/ERío Bonito - Central Nalcas;;;;;;;;;;;;;724252,0005;5470282,018;18G;Mini Hidráulica de Pasada;14;10/08/2026
SEN;SIC;EMPRESA ELÉCTRICA CAPULLO S.A.;;96.637.520-5;HP CAPULLO;En Operacion;31/07/1995;1995;Región de Los Lagos;Puyehue;;;;1;;ERNC;Mini Hidráulica Pasada;12;11,84316;Si;;NO APLICA;S/E PULELFU 66KV;;;;;;;;;;;;;719278,24;5478087,96;18G;Mini Hidráulica de Pasada;14;10/08/2026
SEN;SIC;NUEVA CARENA SPA;;96.854.000-9;HP CARENA;En Operacion;31/07/1943;1943;Región Metropolitana de Santiago;Curacaví;;;;4;;ERNC;Mini Hidráulica Pasada;10;8,4;Si;;NO APLICA;S/E CARENA 44KV;;;;;;;;;;;;;318658,9719;6288406,03;19H;Mini Hidráulica de Pasada;7;10/08/2026
SEN;SIC;EMPRESA ELÉCTRICA CARÉN S.A.;;76.149.809-6;HP CARILAFQUEN;En Operacion;28/10/2016;2016;Región de La Araucanía;Melipeuco;;;;2;;ERNC;Mini Hidráulica Pasada;19,8;19,2357;Si;;NO APLICA;SE MELIPEUCO 23KV;;;;;;;;;;;;;281337,35;5693206,42;19H;Mini Hidráulica de Pasada;12;10/08/2026
SEN;SIC;COLBÚN S.A.;;96.505.760-9;HP CHACABUQUITO;En Operacion;31/07/2002;2002;Región de Valparaíso;San Esteban;;;;4;;Convencional;Hidráulica Pasada;25,7;25,63575;No;;NO APLICA;S/E TOTORALILLO 110KV;;;;;;;;;;;;;359066,8531;6363941,732;19H;Hidráulica de Pasada;6;10/08/2026
SEN;SIC;PACIFIC HYDRO CHACAYES S.A.;;76.006.855-1;HP CHACAYES;En Operacion;31/12/2011;2011;Región del Libertador Gral. Bernardo O’Higgins;Machalí;;;;2;;Convencional;Hidráulica Pasada;112;111,72;No;;NO APLICA;S/E CENTRAL CHACAYES 110 KV;;;;;;;;;;;;;366315,6514;6206335,729;19H;Hidráulica de Pasada;8;10/08/2026
SEN;SING;ENGIE ENERGÍA CHILE S.A.;;88.006.900-4;HP CHAPIQUIÑA;En Operacion;31/07/1967;1967;Región de Arica y Parinacota;Putre;;;;2;;ERNC;Hidráulica Pasada;10,894;10,832;;;NO APLICA;S/E CENTRAL CHAPIQUIÑA 66KV;;;;;;;;;;;;;442028,004;7968474,01;19K;Mini Hidráulica de Pasada;1;10/08/2026
SEN;SIC;COLBÚN S.A.;;96.505.760-9;HP CHIBURGO;En Operacion;19/07/2007;2007;Región del Maule;Colbún;;;;2;;ERNC;Mini Hidráulica Pasada;19,4;19,1575;Si;;NO APLICA;S/E CENTRAL CHIBURGO 66KV;;;;;;;;;;;;;286804,0006;6051019,85;19H;Mini Hidráulica de Pasada;9;10/08/2026
SEN;SIC;ELÉCTRICA CIPRESILLOS SPA;;;HP CIPRESILLOS;En Operacion;28/03/2023;2023;Región del Libertador Gral. Bernardo O’Higgins;Machalí;;;;2;;ERNC;Mini Hidráulica Pasada;12;10,356;Si;;NO APLICA;BA S/E CIPRESILLOS 23KV BP1;;;;;;;;;;;;;380280;6188269;19H;Mini Hidráulica de Pasada;8;10/08/2026
SEN;SIC;HIDROELÉCTRICA LOS CORRALES SPA;;;HP CORRALES;En Operacion;06/01/2022;2022;Región del Libertador Gral. Bernardo O’Higgins;San Fernando;;;;1;;ERNC;Mini Hidráulica Pasada;2,999;2,968;Si;PMG;No Aplica;ID 1399 - BA S/E SAN ANDRES 220KV B1;;;;;;;;;;;;;371425;6154694;19 H;Mini Hidráulica de Pasada;8;10/08/2026
SEN;SIC;HIDROPALMAR SPA;;76.065.092-7;HP CORRENTOSO;En Operacion;16/06/2020;2020;Región de Los Lagos;Puyehue;;;;1;;ERNC;Mini Hidráulica Pasada;8,48;8,38;Si;PMG;NO APLICA;SE Copihues;;;;;;;;;;;;;728393,88;5480812,59;18G;Mini Hidráulica de Pasada;14;10/08/2026
SEN;SIC;PACIFIC HYDRO CHILE S.A.;;96.990.040-8;HP COYA;En Operacion;09/07/2008;2008;Región del Libertador Gral. Bernardo O’Higgins;Machalí;;;;1;;ERNC;Mini Hidráulica Pasada;12;11,9724;Si;;NO APLICA;S/E CENTRAL COYA 69KV;;;;;;;;;;;;;359437,4705;6214070,085;19H;Mini Hidráulica de Pasada;8;10/08/2026
SEN;SIC;CUMBRES SPA;;76.253.866-0;HP CUMBRES;En Operacion;28/09/2019;2019;Región de Los Ríos;Río Bueno;;;;2;;ERNC;Mini Hidráulica Pasada;17,96;17,86;Si;;NO APLICA;S/E Central Cumbres 23KV B1;;;;;;;;;;;;;736150;5496726;18H;Mini Hidráulica de Pasada;13;10/08/2026
SEN;SIC;EMPRESA ELÉCTRICA PEHUENCHE S.A.;;96.504.980-0;HP CURILLINQUE;En Operacion;31/07/1993;1993;Región del Maule;San Clemente;;;;1;;Convencional;Hidráulica Pasada;84,9719;84,6179;No;;NO APLICA;S/E CURILLINQUE 154KV;;;;;;;;;;;;;324557,69;6035885,94;19H;Hidráulica de Pasada;9;10/08/2026
SEN;SIC;ELÉCTRICA DIGUA SPA;;;HP DIGUA;En Operacion;19/05/2021;2021;Región del Maule;Parral;;;;2;;Convencional;Hidráulica Pasada;22,5;22,5;No;;No Aplica;ID2254 - S/E DIGUA;;;;;;;;;;;;;270659,1104;5984567,325;19H;Hidráulica de Pasada;9;10/08/2026
SEN;SIC;HIDROELECTRICA DON EUGENIO SPA;;;HP DON EUGENIO;En Operacion;07/05/2026;2026;Región del Libertador Gral. Bernardo O’Higgins;San Fernando;;;;1;;ERNC;Mini Hidráulica Pasada;3,0102;2,9763;Si;PMG;No Aplica;ID4701: BA S/E DON EUGENIO 23kV BP1;;;;;;;;;;;;;368038,06;6156149,31;19H;Mini Hidráulica de Pasada;8;10/08/2026
SEN;SIC;HIDROELECTRICA DOS VALLES SPA;;76.495.341-K;HP DOS VALLES;En Operacion;14/09/2019;2019;Región del Libertador Gral. Bernardo O’Higgins;San Fernando;;;;2;;ERNC;Mini Hidráulica Pasada;4,509;4,462;Si;PMG;NO APLICA;S/E Elevadora Damas 46 kV;;;;;;;;;;;;;377490,026;6137019,988;19H;Mini Hidráulica de Pasada;8;10/08/2026
SEN;SIC;HIDROELÉCTRICA EL PASO SPA;;76.032.642-9;HP EL PASO;En Operacion;02/03/2016;2016;Región del Libertador Gral. Bernardo O’Higgins;San Fernando;;;;3;;Convencional;Hidráulica Pasada;60;59,64;No;;NO APLICA;S/E CENTRAL EL PASO 154KV;;;;;;;;;;;;;370381,8;6129984,463;19H;Hidráulica de Pasada;8;10/08/2026
SEN;SIC;EMPRESA ELÉCTRICA EL PINAR SPA;;;HP EL PINAR;En Operacion;21/11/2022;2022;Región de Ñuble;Yungay;;;;2;;ERNC;Hidráulica Pasada;11,61;11,3778;;;NO APLICA;403 BA S/E CHOLGUAN 13.2KV;;;;;;;;;;;;;265306;5887040;19H;Mini Hidráulica de Pasada;11;10/08/2026
SEN;SIC;ASOC. DE CANAL. SOCIEDAD DEL CANAL DE MAIPO;;76.081.590-K;HP EL RINCON;En Operacion;13/04/2007;2007;Región Metropolitana de Santiago;La Florida;;;;1;;ERNC;Mini Hidráulica Pasada;0,289;0,284665;Si;PMG;NO APLICA;ID 1223 BA S/E CENTRAL FLORIDA 2 12KV BP1;;;;;;;;;;;;;356744,76;6286886,3;19 H;Mini Hidráulica de Pasada;7;10/08/2026
SEN;SIC;ASOC. DE CANAL. SOCIEDAD DEL CANAL DE MAIPO;;76.081.590-K;HP FLORIDA;En Operacion;31/07/1909;1909;Región Metropolitana de Santiago;La Florida;;;;2;;ERNC;Hidráulica Pasada;6;5,9868;;PMG;NO APLICA;ID 742 BA S/E FLORIDA 110KV BP1;;;;;;;;;;;;;356418,9;6287038,65;19 H;Mini Hidráulica de Pasada;7;10/08/2026
SEN;SIC;ASOC. DE CANAL. SOCIEDAD DEL CANAL DE MAIPO;;76.081.590-K;HP FLORIDA II;En Operacion;31/07/1993;1993;Región Metropolitana de Santiago;La Florida;;;;2;;ERNC;Hidráulica Pasada;19,891;19,125;;;NO APLICA;ID 742 BA S/E FLORIDA 110KV BP1;;;;;;;;;;;;;356531;6286936;19 H;Mini Hidráulica de Pasada;7;10/08/2026
SEN;SIC;ASOC. DE CANAL. SOCIEDAD DEL CANAL DE MAIPO;;76.081.590-K;HP FLORIDA III;En Operacion;31/07/1999;1999;Región Metropolitana de Santiago;La Florida;;;;2;;ERNC;Hidráulica Pasada;2,5;2,4945;;PMG;NO APLICA;ID 1223 BA S/E CENTRAL FLORIDA 2 12KV BP1;;;;;;;;;;;;;356755,85;6286901,08;19 H;Mini Hidráulica de Pasada;7;10/08/2026
SEN;SIC;ENERGÍA COYANCO S.A.;;76.857.590-8;HP GUAYACAN;En Operacion;30/03/2011;2011;Región Metropolitana de Santiago;San José de Maipo;;;;2;;ERNC;Mini Hidráulica Pasada;12;11,8432;Si;;NO APLICA;Tap La Laja 110 kV;;;;;;;;;;;;;373852;6281068;19H;Mini Hidráulica de Pasada;7;10/08/2026
SEN;SIC;RÍO TRANQUILO S.A.;;76.293.900-2;HP HORNITOS;En Operacion;31/07/2008;2008;Región de Valparaíso;Los Andes;;;;1;;Convencional;Hidráulica Pasada;57,5618;57,0066;No;;NO APLICA;S/E LOS MAQUIS 220KV;;;;;;;;;;;;;381856,4637;6359059,774;19K;Hidráulica de Pasada;6;10/08/2026
SEN;SIC;ENEL GENERACIÓN CHILE S.A.;;91.081.000-6;HP ISLA;En Operacion;31/07/1963;1963;Región del Maule;San Clemente;;;;2;;Convencional;Hidráulica Pasada;70;69,881;No;;NO APLICA;S/E CENTRAL CIPRESES 154KV B2;;;;;;;;;;;;;334167,83;6035607,92;19H;Hidráulica de Pasada;9;10/08/2026
SEN;SIC;ELÉCTRICA PUNTILLA S.A.;;96.817.230-1;HP ITATA;En Operacion;09/09/2016;2016;Región de Ñuble;Yungay;;;;2;;ERNC;Mini Hidráulica Pasada;20;19,43;;;NO APLICA;TAP SECCIONADORA ITATA 66KV;;;;;;;;;;;;;750757,35;5895969,96;18H;Mini Hidráulica de Pasada;11;10/08/2026
SEN;SIC;COLBÚN S.A.;;96.505.760-9;HP JUNCAL;En Operacion;31/07/1994;1994;Región de Valparaíso;Los Andes;;;;1;;Convencional;Hidráulica Pasada;29,2;29,127;No;;NO APLICA;S/E ACONCAGUA 110KV;;;;;;;;;;;;;375665,57;6357124,17;19H;Hidráulica de Pasada;6;10/08/2026
SEN;SIC;COLBÚN S.A.;;96.505.760-9;HP JUNCALITO;En Operacion;31/07/1994;1994;Región de Valparaíso;Los Andes;;;;1;;ERNC;Mini Hidráulica Pasada;1,52;1,52;Si;PMG;NO APLICA;S/E HORNITOS 220KV;;;;;;;;;;;;;381257,96;6358961,998;19H;Mini Hidráulica de Pasada;6;10/08/2026
SEN;SIC;HIDROELÉCTRICA LA CONFLUENCIA S.A.;;76.350.250-3;HP LA CONFLUENCIA;En Operacion;01/05/2011;2011;Región del Libertador Gral. Bernardo O’Higgins;San Fernando;;;;2;;Convencional;Hidráulica Pasada;163,9051;162,9461;No;;NO APLICA;S/E CENTRAL LA CONFLUENCIA 154KV;;;;;;;;;;;;;357928,41;6144324,784;19G;Hidráulica de Pasada;8;10/08/2026
SEN;SIC;HIDROELÉCTRICA LA HIGUERA S.A.;;96.990.050-5;HP LA HIGUERA;En Operacion;02/05/2011;2011;Región del Libertador Gral. Bernardo O’Higgins;San Fernando;;;;2;;Convencional;Hidráulica Pasada;161,7761;160,7698;No;;NO APLICA;S/E CENTRAL LA HIGUERA 154KV B1;;;;;;;;;;;;;343084,21;6153171,264;19H;Hidráulica de Pasada;8;10/08/2026
SEN;SIC;COLBÚN S.A.;;96.505.760-9;HP LA MINA;En Operacion;21/02/2018;2018;Región del Maule;San Clemente;;;;2;;Convencional;Hidráulica Pasada;37,37;36,93;No;;NO APLICA;TAP RIO COLORADO 66KV;;;;;;;;;;;;;342863,07;6033682,25;19H;Hidráulica de Pasada;9;10/08/2026
SEN;SIC;EÓLICA MONTE REDONDO SPA;;76.019.239-2;HP LAJA I;En Operacion;28/05/2015;2015;Región del Biobío;Laja;;;;2;;Convencional;Hidráulica Pasada;34,4;34,056;No;;NO APLICA;S/E BUCALEMU 66KV;;;;;;;;;;;;;719027,9773;5875098,994;18H;Hidráulica de Pasada;10;10/08/2026
SEN;SIC;ALTO MAIPO SPA;;;HP LAS LAJAS;En Operacion;26/03/2022;2022;Región Metropolitana de Santiago;San José de Maipo;;;;2;;Convencional;Hidráulica Pasada;277,67;277,46;No;;AES GENER;SE ALTO MAIPO;;;;;;;;;;;;;380261;6286622;19H;Hidráulica de Pasada;7;10/08/2026
SEN;SIC;HIDROELÉCTRICA LAS NIEVES SPA;;;HP LAS NIEVES;En Operacion;08/05/2026;2026;Región de La Araucanía;Melipeuco;;;;1;;ERNC;Mini Hidráulica Pasada;6,7676;6,6765;Si;;No Aplica;ID2497 -  S/ETAP OFF LAS NIEVES;;;;;;;;;;;;;280281,56;5692229,71;19H;Mini Hidráulica de Pasada;12;10/08/2026
SEN;SIC;LICÁN SPA;;76.375.780-3;HP LICAN;En Operacion;04/06/2011;2011;Región de Los Ríos;Río Bueno;;;;2;;ERNC;Mini Hidráulica Pasada;18;17,955;Si;;NO APLICA;S/E MANTILHUE 110KV;;;;;;;;;;;;;719814,7704;5500400,727;18G;Mini Hidráulica de Pasada;13;10/08/2026
SEN;SIC;HIDROELÉCTRICA RÍO LIRCAY S.A.;;76.025.973-K;HP LIRCAY;En Operacion;09/03/2009;2009;Región del Maule;San Clemente;;;;2;;ERNC;Mini Hidráulica Pasada;19;18,9525;Si;;NO APLICA;S/E CENTRAL LIRCAY 66KV;;;;;;;;;;;;;294995,81;6065027,49;19H;Mini Hidráulica de Pasada;9;10/08/2026
SEN;SIC;HIDROELÉCTRICA LLEUQUEREO S.A.;;76.281.947-3;HP LLAUQUEREO;En Operacion;07/08/2015;2015;Región del Biobío;Santa Bárbara;;;;1;;ERNC;Mini Hidráulica Pasada;1,8;1,755;Si;PMG;NO APLICA;S/E PEUCHEN 220 KV;;;;;;;;;;;;;277070,9757;5839265,01;19H;Mini Hidráulica de Pasada;10;10/08/2026
SEN;SIC;EMPRESA ELÉCTRICA PEHUENCHE S.A.;;96.504.980-0;HP LOMA ALTA;En Operacion;31/07/1997;1997;Región del Maule;San Clemente;;;;1;;Convencional;Hidráulica Pasada;36,5327;36,349;No;;NO APLICA;TAP LOMA ALTA 220KV;;;;;;;;;;;;;320899,58;6037385,21;19H;Hidráulica de Pasada;9;10/08/2026
SEN;SIC;EMPRESA ELÉCTRICAS AGUAS DEL MELADO SPA;;77.277.800-7;HP LOS HIERROS;En Operacion;12/04/2014;2014;Región del Maule;Colbún;;;;2;;Convencional;Hidráulica Pasada;25,06;25;No;;NO APLICA;S/E LOMA ALTA 220KV;;;;;;;;;;;;;313639,9999;6029856,015;19H;Hidráulica de Pasada;9;10/08/2026
SEN;SIC;EMPRESA ELÉCTRICA PORTEZUELO SPA;;76.461.861-0;HP LOS HIERROS II;En Operacion;21/09/2015;2015;Región del Maule;Colbún;;;;1;;ERNC;Mini Hidráulica Pasada;6,03;6;Si;PMG;NO APLICA;S/E CENTRAL LOS HIERROS II 110KV;;;;;;;;;;;;;312243,9999;6031826,015;19H;Mini Hidráulica de Pasada;9;10/08/2026
SEN;SIC;ENEL GENERACIÓN CHILE S.A.;;91.081.000-6;HP LOS MOLLES;En Operacion;31/07/1952;1952;Región de Coquimbo;Monte Patria;;;;2;;ERNC;Mini Hidráulica Pasada;18;17,9514;Si;;NO APLICA;S/E LOS MOLLES 66KV B1;;;;;;;;;;;;;348089,2948;6597647,26;19J;Mini Hidráulica de Pasada;5;10/08/2026
SEN;SIC;COLBÚN S.A.;;96.505.760-9;HP LOS QUILOS;En Operacion;31/07/1943;1943;Región de Valparaíso;San Esteban;;;;3;;Convencional;Hidráulica Pasada;32,0351;31,7972;No;;NO APLICA;S/E CENTRAL LOS QUILOS 66KV;;;;;;;;;;;;;368282,4994;6362640,517;19H;Hidráulica de Pasada;6;10/08/2026
SEN;SIC;AES ANDES S.A.;;94.272.000-9;HP MAITENES;En Operacion;31/07/1923;1923;Región Metropolitana de Santiago;San José de Maipo;;;;3;;Convencional;Hidráulica Pasada;27;26,92;No;;NO APLICA;S/E CENTRAL MAITENES 110KV;;;;;;;;;;;;;382836,1919;6289164,103;19H;Hidráulica de Pasada;7;10/08/2026
SEN;SIC;EMPRESA ELÉCTRICA CARÉN S.A.;;76.149.809-6;HP MALALCAHUELLO;En Operacion;28/10/2016;2016;Región de La Araucanía;Melipeuco;;;;2;;ERNC;Mini Hidráulica Pasada;9,2;9,154;Si;;NO APLICA;SE MELIPEUCO 23KV;;;;;;;;;;;;;281324,48;5693185,18;19H;Mini Hidráulica de Pasada;12;10/08/2026
SEN;SIC;DUQUECO SPA;;76.254.033-9;HP MAMPIL;En Operacion;31/07/2000;2000;Región del Biobío;Santa Bárbara;;;;2;;Convencional;Hidráulica Pasada;55;54,9065;No;;NO APLICA;S/E CENTRAL MAMPIL 220KV;;;;;;;;;;;;;260780,28;5842172,94;19H;Hidráulica de Pasada;10;10/08/2026
SEN;SIC;HIDROELÉCTRICA RÍO LIRCAY S.A.;;76.025.973-K;HP MARIPOSAS;En Operacion;26/03/2011;2011;Región del Maule;San Clemente;;;;1;;ERNC;Mini Hidráulica Pasada;6,3;6,2855;Si;PMG;NO APLICA;ID 1174 BA S/E MARIPOSAS 66KV BP1;;;;;;;;;;;;;294883;6058490;19 H;Mini Hidráulica de Pasada;9;10/08/2026
SEN;SIC;HIDROENERSUR SPA;;76.003.174-7;HP MC1;En Operacion;29/05/2013;2013;Región de Los Lagos;Puerto Octay;;;;2;;ERNC;Mini Hidráulica Pasada;9;8,9546;Si;PMG;NO APLICA;S/E RIO BONITO;;;;;;;;;;;;;718639,0313;5467123,052;18G;Mini Hidráulica de Pasada;14;10/08/2026
SEN;SIC;HIDROENERSUR SPA;;76.003.174-7;HP MC2;En Operacion;29/05/2013;2013;Región de Los Lagos;Puerto Octay;;;;1;;ERNC;Mini Hidráulica Pasada;3,2;3,15;Si;PMG;NO APLICA;S/E RIO BONITO;;;;;;;;;;;;;718639,0313;5467123,052;18G;Mini Hidráulica de Pasada;14;10/08/2026
SEN;SIC;HIDROENERSUR SPA;;;HP MC3;En Operacion;04/01/2023;2023;Región de Los Lagos;Puerto Octay;;;;1;;ERNC;Mini Hidráulica Pasada;2,3;2,2709;Si;PMG;NO APLICA;S/E RIO BONITO;;;;;;;;;;;;;722642;5463653;18H;Mini Hidráulica de Pasada;14;10/08/2026
SEN;SIC;HIDROMOCHO S.A.;;76.376.443-5;HP MOCHO;En Operacion;06/01/2021;2021;Región de Los Ríos;Río Bueno;;;;1;;ERNC;Mini Hidráulica Pasada;14,9;14,77;Si;;No aplica;S/E Mocho;;;;;;;;;;;;;732490;5497370;18G;Mini Hidráulica de Pasada;13;10/08/2026
SEN;SIC;HIDROENERSUR SPA;;76.003.174-7;HP NALCAS;En Operacion;14/09/2012;2012;Región de Los Lagos;Puerto Octay;;;;2;;ERNC;Mini Hidráulica Pasada;7,079;6,992;Si;PMG;NO APLICA;S/E RIO BONITO;;;;;;;;;;;;;724070,0005;5469472,018;18G;Mini Hidráulica de Pasada;14;10/08/2026
SEN;SIC;ENEL GENERACIÓN CHILE S.A.;;91.081.000-6;HP OJOS DE AGUA;En Operacion;27/06/2008;2008;Región del Maule;San Clemente;;;;1;;ERNC;Mini Hidráulica Pasada;9;8,9847;Si;PMG;NO APLICA;S/E CIPRESES;;;;;;;;;;;;;336635,99;6038272,21;19H;Mini Hidráulica de Pasada;9;10/08/2026
SEN;SIC;HIDROELÉCTRICA PALACIOS SPA;;76.585.842-9;HP PALACIOS;En Operacion;05/11/2019;2019;Región del Libertador Gral. Bernardo O’Higgins;San Fernando;;;;1;;ERNC;Mini Hidráulica Pasada;3,044;3,017;Si;PMG;NO APLICA;S/E EL PASO 154 KV;;;;;;;;;;;;;377462,04;6136965,27;19 H;Mini Hidráulica de Pasada;8;10/08/2026
SEN;SIC;HIDROPALMAR SPA;;76.065.092-7;HP PALMAR;En Operacion;16/06/2020;2020;Región de Los Lagos;Puyehue;;;;2;;ERNC;Mini Hidráulica Pasada;8,66;8,56;Si;PMG;NO APLICA;SE Copihues;;;;;;;;;;;;;726378;5481176;18G;Mini Hidráulica de Pasada;14;10/08/2026
SEN;SIC;ENEL GENERACIÓN CHILE S.A.;;91.081.000-6;HP PALMUCHO;En Operacion;28/11/2007;2007;Región del Biobío;Alto Biobío;;;;1;;Convencional;Hidráulica Pasada;32;31,952;No;;NO APLICA;S/E ZONA DE CAIDA 66KV;;;;;;;;;;;;;282470,8826;5787034,678;19H;Hidráulica de Pasada;10;10/08/2026
SEN;SIC;PACIFIC HYDRO CHILE S.A.;;96.990.040-8;HP PANGAL;En Operacion;01/01/1919;1919;Región del Libertador Gral. Bernardo O’Higgins;Machalí;;;;5;;Convencional;Hidráulica Pasada;37;36,9075;No;;NO APLICA;S/E CENTRAL PANGAL 69KV;;;;;;;;;;;;;367137,92;6210373,03;19H;Hidráulica de Pasada;8;10/08/2026
SEN;SIC;DUQUECO SPA;;76.254.033-9;HP PEUCHEN;En Operacion;31/07/2000;2000;Región del Biobío;Santa Bárbara;;;;2;;Convencional;Hidráulica Pasada;85;84,8725;No;;NO APLICA;S/E CENTRAL PEUCHEN 220KV;;;;;;;;;;;;;270616,14;5841932,19;19H;Hidráulica de Pasada;10;10/08/2026
SEN;SIC;HIDROELÉCTRICA PIEDRAS NEGRAS SPA;;;HP PIEDRAS NEGRAS;En Operacion;02/10/2024;2024;Región del Libertador Gral. Bernardo O’Higgins;San Fernando;;;;1;;ERNC;Mini Hidráulica Pasada;2,999;2,964;Si;PMG;No Aplica;ID3467: BA S/E CENTRAL CORRALES 23KV BP1;;;;;;;;;;;;;368455;6153181;19H;Mini Hidráulica de Pasada;8;10/08/2026
SEN;SIC;ENEL GREEN POWER CHILE S.A.;;;HP PILMAIQUEN;En Operacion;31/07/1944;1944;Región de Los Ríos;Río Bueno;;;;5;;Convencional;Hidráulica Pasada;40,8;40,6776;No;;NO APLICA;S/E CENTRAL PILMAIQUEN 66KV;;;;;;;;;;;;;698751,9502;5498760,806;18G;Hidráulica de Pasada;13;10/08/2026
SEN;SIC;HIDROELÉCTRICA RÍO LIRCAY S.A.;;76.025.973-K;HP PROVIDENCIA;En Operacion;28/03/2013;2013;Región del Maule;San Clemente;;;;2;;ERNC;Mini Hidráulica Pasada;14,2;14,129;Si;;NO APLICA;S/E LIRCAY 66 KV;;;;;;;;;;;;;293769,9998;6072494,016;19H;Mini Hidráulica de Pasada;9;10/08/2026
SEN;SIC;EMPRESA ELÉCTRICA LA LEONERA S.A.;;76.427.560-8;HP PULELFU;En Operacion;07/07/2016;2016;Región de Los Lagos;Puyehue;;;;2;;ERNC;Mini Hidráulica Pasada;9;8,955;Si;PMG;NO APLICA;TAP-OOF LINEA CAPULLO-AIHUAPI 66 KV;;;;;;;;;;;;;720543,08;5479043,52;18G;Mini Hidráulica de Pasada;14;10/08/2026
SEN;SIC;ENEL GREEN POWER CHILE S.A.;;76.412.562-2;HP PULLINQUE;En Operacion;31/07/1962;1962;Región de Los Ríos;Panguipulli;;;;3;;Convencional;Hidráulica Pasada;51,4;51,1584;No;;NO APLICA;S/E PULLINQUE 66KV;;;;;;;;;;;;;738949,5;5613419,17;18H;Hidráulica de Pasada;13;10/08/2026
SEN;SIC;HIDROELÉCTRICA PUNTA DEL VIENTO SPA;;;HP PUNTA DEL VIENTO;En Operacion;30/08/2022;2022;Región del Libertador Gral. Bernardo O’Higgins;San Fernando;;;;1;;ERNC;Hidráulica Pasada;2,999;2,964;;;No Aplica;ID 3532 – BA S/E CENTRAL PUNTA DEL VIENTO 23KV BP1;;;;;;;;;;;;;368296;6153169;19H;Mini Hidráulica de Pasada;8;10/08/2026
SEN;SIC;ELÉCTRICA PUNTILLA S.A.;;96.817.230-1;HP PUNTILLA;En Operacion;31/07/1926;1926;Región Metropolitana de Santiago;Pirque;;;;3;;Convencional;Hidráulica Pasada;21,76;21,7491;No;;NO APLICA;S/E PUENTE ALTO 110KV;;;;;;;;;;;;;357594,2525;6279086,235;19H;Hidráulica de Pasada;7;10/08/2026
SEN;SIC;AES ANDES S.A.;;94.272.000-9;HP QUELTEHUES;En Operacion;14/02/2024;2024;Región Metropolitana de Santiago;San José de Maipo;;;;3;;Convencional;Hidráulica Pasada;49;48,9412;No;;NO APLICA;S/E CENTRAL QUELTEHUES 110KV;;;;;;;;;;;;;387157,0308;6257927,471;19H;Hidráulica de Pasada;7;10/08/2026
SEN;SIC;COLBÚN S.A.;;96.505.760-9;HP QUILLECO;En Operacion;30/04/2007;2007;Región del Biobío;Quilleco;;;;2;;Convencional;Hidráulica Pasada;70,8;70,6513;No;;NO APLICA;S/E CENTRAL QUILLECO 220KV;;;;;;;;;;;;;238044,95;5863742,29;19H;Hidráulica de Pasada;10;10/08/2026
SEN;SIC;ESPINOS S.A.;;76.925.800-0;HP RENAICO;En Operacion;03/09/2013;2013;Región del Biobío;Mulchén;;;;1;;ERNC;Mini Hidráulica Pasada;6,3;6,3;Si;PMG;NO APLICA;S/E ANGOL 23 KV;;;;;;;;;;;;;727499,9882;5811692,969;18H;Mini Hidráulica de Pasada;10;10/08/2026
SEN;SIC;HIDROELÉCTRICA RÍO COLORADO S.A.;;76.189.274-6;HP RIO COLORADO;En Operacion;21/12/2017;2017;Región del Maule;San Clemente;;;;2;;ERNC;Mini Hidráulica Pasada;16,5;16,466;Si;;NO APLICA;TAP OFF RÍO COLORADO 66KV;;;;;;;;;;;;;324845;6032856;19H;Mini Hidráulica de Pasada;9;10/08/2026
SEN;SIC;HIDROELÉCTRICA RÍO HUASCO S.A.;;76.071.113-6;HP RIO HUASCO;En Operacion;09/10/2013;2013;Región de Atacama;Vallenar;;;;2;;ERNC;Mini Hidráulica Pasada;5,12;5,1;Si;PMG;NO APLICA;S/E EL EDEN;;;;;;;;;;;;;339259,9989;6826782,056;19J;Mini Hidráulica de Pasada;4;10/08/2026
SEN;SIC;HIDROANGOL SPA;;76.067.373-0;HP RIO PICOIQUEN;En Operacion;13/08/2015;2015;Región de La Araucanía;Angol;;;;2;;ERNC;Mini Hidráulica Pasada;19,6;19,306;Si;;NO APLICA;SE PICOIQUEN 66KV;;;;;;;;;;;;;697711,37;5812440,34;18H;Mini Hidráulica de Pasada;12;10/08/2026
SEN;SIC;EMPRESA ELÉCTRICA RUCATAYO S.A.;;76.030.638-K;HP RUCATAYO;En Operacion;13/12/2012;2012;Región de Los Lagos;Puyehue;;;;1;;Convencional;Hidráulica Pasada;59,5;59,3;No;;NO APLICA;S/E CENTRAL RUCATAYO 220KV;;;;;;;;;;;;;694228,0002;5500987,016;18G;Hidráulica de Pasada;14;10/08/2026
SEN;SIC;COLBÚN S.A.;;96.505.760-9;HP RUCUE;En Operacion;31/07/1998;1998;Región del Biobío;Quilleco;;;;2;;Convencional;Hidráulica Pasada;178,4;178,1324;No;;NO APLICA;S/E CENTRAL RUCUE 220KV B2;;;;;;;;;;;;;246205,13;5861299,82;19H;Hidráulica de Pasada;10;10/08/2026
SEN;SIC;HIDROELÉCTRICA SAN ANDRÉS SPA;;76.032.641-0;HP SAN ANDRES;En Operacion;23/06/2014;2014;Región del Libertador Gral. Bernardo O’Higgins;San Fernando;;;;2;;Convencional;Hidráulica Pasada;43,3652;42,8901;No;;NO APLICA;S/E CENTRAL SAN ANDRÉS 154KV;;;;;;;;;;;;;373430,6;6155511,413;19H;Hidráulica de Pasada;8;10/08/2026
SEN;SIC;COLBÚN S.A.;;96.505.760-9;HP SAN CLEMENTE;En Operacion;16/09/2010;2010;Región del Maule;San Clemente;;;;1;;ERNC;Mini Hidráulica Pasada;5,9;5,8853;Si;PMG;NO APLICA;S/E CENTRAL CHIBURGO 66KV;;;;;;;;;;;;;286588,81;6058068,42;19H;Mini Hidráulica de Pasada;9;10/08/2026
SEN;SIC;COLBÚN S.A.;;96.505.760-9;HP SAN IGNACIO;En Operacion;31/07/1996;1996;Región del Maule;Yerbas Buenas;;;;1;;Convencional;Hidráulica Pasada;35,42;35,08;No;;NO APLICA;TAP SAN CLEMENTE 66KV;;;;;;;;;;;;;269811,2285;6055815,685;19H;Hidráulica de Pasada;9;10/08/2026
SEN;SIC;ENEL GENERACIÓN CHILE S.A.;;;HP SAUZAL;En Operacion;31/07/1948;1948;Región del Libertador Gral. Bernardo O’Higgins;Machalí;;;;3;;Convencional;Hidráulica Pasada;83,1078;82,6261;No;;NO APLICA;S/E SAUZAL 110KV;;;;;;;;;;;;;349825,98;6208622,24;19H;Hidráulica de Pasada;8;10/08/2026
SEN;SIC;ENEL GENERACIÓN CHILE S.A.;;91.081.000-6;HP SAUZALITO;En Operacion;31/07/1959;1959;Región del Libertador Gral. Bernardo O’Higgins;Machalí;;;;1;;ERNC;Mini Hidráulica Pasada;11,3115;11,2221;Si;;NO APLICA;S/E SAUZAL 110KV;;;;;;;;;;;;;347559,83;6210482,1;19H;Mini Hidráulica de Pasada;8;10/08/2026
SEN;SIC;AES ANDES S.A.;;94.272.000-9;HP VOLCAN;En Operacion;31/07/1944;1944;Región Metropolitana de Santiago;San José de Maipo;;;;1;;ERNC;Mini Hidráulica Pasada;13;12,997;Si;;NO APLICA;S/E CENTRAL QUELTEHUES 110KV;;;;;;;;;;;;;387574,84;6257066,703;19H;Mini Hidráulica de Pasada;7;10/08/2026
SEA;PALENA;EDELAYSEN;Empresa Eléctrica de Aisén S.A.;88.272.600-2;LA JUNTA;En Operacion;01/01/2009;2009;Región Aisén del Gral.Carlos Ibáñez del Campo;Cisnes;G-5860;DIESEL;2019;;;Convencional;Petróleo Diesel;0,508;0,508;No;;;Línea Media Tensión La Junta ;DIESEL;;;;;;;;;;;;709777,8032;4871861,833;19S;Petróleo Diesel;15;10/08/2026
SEA;AYSEN;EDELAYSEN;Empresa Eléctrica de Aisén S.A.;88.272.600-2;LAGO ATRAVESADO;En Operacion;01/01/2003;2003;Región Aisén del Gral.Carlos Ibáñez del Campo;Coihaique;G-5106;pasada;2002;;;ERNC;Hidráulica Pasada;5,25;5,25;Si;;;Barra central Tehuelche de Coyhaique;;;;;;;;;;Francis;9,85;63,5;710799,1408;5070403,437;18S;Mini Hidráulica de Pasada;15;10/08/2026
SEA;AYSEN;EDELAYSEN;Empresa Eléctrica de Aisén S.A.;88.272.600-2;LAGO ATRAVESADO;En Operacion;01/01/2003;2003;Región Aisén del Gral.Carlos Ibáñez del Campo;Coihaique;G-5107;pasada;2002;;;ERNC;Hidráulica Pasada;5,25;5,25;Si;;;Barra central Tehuelche de Coyhaique;;;;;;;;;;Francis;9,85;63,5;710799,1408;5070403,437;18S;Mini Hidráulica de Pasada;15;10/08/2026
SEA;PALENA;EDELAYSEN;Empresa Eléctrica de Aisén S.A.;88.272.600-2;LAGO VERDE;En Operacion;01/01/2006;2006;Región Aisén del Gral.Carlos Ibáñez del Campo;Lago Verde;G-5766;DIESEL;2020;;;Convencional;Petróleo Diesel;0,2;0,2;No;;;Línea Media Tensión Lago Verde;DIESEL;;;;;;;;;;;;272388,08;5097111;19S;Petróleo Diesel;15;10/08/2026
LOS LAGOS;COCHAMO;SAGESA;SAGESA S.A.;76.186.388-6;LLAGUEPE;En Operacion;01/01/2021;2021;Región de Los Lagos;Cochamó;5870;DIESEL;2021;;;Convencional;Petróleo Diesel;0,8;0,8;No;;;PATIO MT CENTRAL PUELO;PETROLEO;;;−;;;−;−;−;;;;708718,06;5377049,16;18 G;Petróleo Diesel;14;10/08/2026
LOS LAGOS;COCHAMO;SAGESA;SAGESA S.A.;76.186.388-6;LLAGUEPE;En Operacion;01/01/2021;2021;Región de Los Lagos;Cochamó;5871;DIESEL;2021;;;Convencional;Petróleo Diesel;0,8;0,8;No;;;PATIO MT CENTRAL PUELO;PETROLEO;;;−;;;−;−;−;;;;708718,06;5377049,16;18 G;Petróleo Diesel;14;10/08/2026
ISLA DE PASCUA;ISLA DE PASCUA;SASIPA SPA;Sociedad Agricola y Ganadera Isla de Pascua SpA;87634600 - 1;MATAVERI;En Operacion;01/01/1969;1969;Región de Valparaíso;Isla de Pascua;INVERSOR INGETEAM Modelo 3Play 100 TL;;;;;ERNC;Solar Fotovoltaica;0,1;0,1;Si;;;;Solar;;;;;;;;;;;;653590;6996003;12J;Solar Fotovoltaica;6;10/08/2026
ISLA DE PASCUA;ISLA DE PASCUA;SASIPA SPA;Sociedad Agricola y Ganadera Isla de Pascua SpA;87634600 - 1;MATAVERI;En Operacion;01/01/1969;1969;Región de Valparaíso;Isla de Pascua;Motor CATERPILLAR Modelo 3512 GG4;;;;;Convencional;Petróleo Diesel;1,36;1,09;No;;;;Diesel;;;;;;;;;;;;653590;6996003;12J;Petróleo Diesel;6;10/08/2026
ISLA DE PASCUA;ISLA DE PASCUA;SASIPA SPA;Sociedad Agricola y Ganadera Isla de Pascua SpA;87634600 - 1;MATAVERI;En Operacion;01/01/1969;1969;Región de Valparaíso;Isla de Pascua;Motor CATERPILLAR Modelo C32 GG1;;;;;Convencional;Petróleo Diesel;0,8;0,64;No;;;;Diesel;;;;;;;;;;;;653590;6996003;12J;Petróleo Diesel;6;10/08/2026
ISLA DE PASCUA;ISLA DE PASCUA;SASIPA SPA;Sociedad Agricola y Ganadera Isla de Pascua SpA;87634600 - 1;MATAVERI;En Operacion;01/01/1969;1969;Región de Valparaíso;Isla de Pascua;Motor CATERPILLAR Modelo C32 GG6;;;;;Convencional;Petróleo Diesel;0,8;0,64;No;;;;Diesel;;;;;;;;;;;;653590;6996003;12J;Petróleo Diesel;6;10/08/2026
ISLA DE PASCUA;ISLA DE PASCUA;SASIPA SPA;Sociedad Agricola y Ganadera Isla de Pascua SpA;87634600 - 1;MATAVERI;En Operacion;01/01/1969;1969;Región de Valparaíso;Isla de Pascua;Motor CATERPILLAR Modelo C32 GG7;;;;;Convencional;Petróleo Diesel;0,8;0,64;No;;;;Diesel;;;;;;;;;;;;653590;6996003;12J;Petróleo Diesel;6;10/08/2026
ISLA DE PASCUA;ISLA DE PASCUA;Finning Chile;Finning Chile S.A.;91489000-4;MATAVERI;En Operacion;01/01/2023;2023;Región de Valparaíso;Isla de Pascua;Motor RENTAL CATERPILLAR Modelo C32 GG9;;;;;Convencional;Petróleo Diesel;0,8;0,64;No;;;;Diesel;;;;;;;;;;;;653590;6996003;12J;Petróleo Diesel;6;10/08/2026
ISLA DE PASCUA;ISLA DE PASCUA;Finning Chile;Finning Chile S.A.;91489000-4;MATAVERI;En Operacion;01/01/2023;2023;Región de Valparaíso;Isla de Pascua;Motor RENTAL CATERPILLAR Modelo C32 GG9;;;;;Convencional;Petróleo Diesel;0,8;0,64;No;;;;Diesel;;;;;;;;;;;;653590;6996003;12J;Petróleo Diesel;6;10/08/2026
SEA;AYSEN;EDELAYSEN;Empresa Eléctrica de Aisén S.A.;88.272.600-2;MAÑIHUALES;En Operacion;01/01/2011;2011;Región Aisén del Gral.Carlos Ibáñez del Campo;Aisén;G-5532;DIESEL;1990;;;Convencional;Petróleo Diesel;0,825;0,825;No;;;Linea MT Mañihuales;DIESEL;;;;;;;;;;;;724649,2108;4996010,409;18S;Petróleo Diesel;15;10/08/2026
SEA;AYSEN;EDELAYSEN;Empresa Eléctrica de Aisén S.A.;88.272.600-2;MAÑIHUALES;En Operacion;01/01/2011;2011;Región Aisén del Gral.Carlos Ibáñez del Campo;Aisén;G-5844;DIESEL;2021;;;Convencional;Petróleo Diesel;0,8;0,8;No;;;Linea MT Mañihuales;DIESEL;;;;;;;;;;;;724649,2108;4996010,409;18S;Petróleo Diesel;15;10/08/2026
SEA;AYSEN;EDELAYSEN;Empresa Eléctrica de Aisén S.A.;88.272.600-2;MONREAL;En Operacion;01/01/2013;2013;Región Aisén del Gral.Carlos Ibáñez del Campo;Coihaique;G-5143;pasada;2013;;;ERNC;Hidráulica Pasada;3;3;Si;;;Derivación del alimentador Balmaceda A804;;;;;;;;;;Francis;1,48;247;728082,7138;5083769,951;18S;Mini Hidráulica de Pasada;15;10/08/2026
SEA;CISNES;EDELAYSEN;Distribución y Generaración Energía Eléctrica;88.272.600-2;NUEVO REINO;En Operacion;01/01/1987;1987;Región Aisén del Gral.Carlos Ibáñez del Campo;Cisnes;G-5124;DIESEL;;;;Convencional;Petróleo Diesel;0,282;0,282;No;;;Central Nuevo Reino;DIESEL;;;;;;;;;;;;683801,31;5045249,18;18S;Petróleo Diesel;15;10/08/2026
SEA;CISNES;EDELAYSEN;Distribución y Generaración Energía Eléctrica;88.272.600-2;NUEVO REINO;En Operacion;01/01/1987;1987;Región Aisén del Gral.Carlos Ibáñez del Campo;Cisnes;G-5126;pasada;1987;;;ERNC;Hidráulica Pasada;0,15;0,15;Si;;;Barra central Nuevo Reino de Puerto Cisne;;;;;;;;;;;;;683801,31;5045249,18;18S;Mini Hidráulica de Pasada;15;10/08/2026
SEA;CISNES;EDELAYSEN;Distribución y Generaración Energía Eléctrica;88.272.600-2;NUEVO REINO;En Operacion;01/01/1987;1987;Región Aisén del Gral.Carlos Ibáñez del Campo;Cisnes;G-5127;pasada;1987;;;ERNC;Hidráulica Pasada;0,15;0,15;Si;;;Barra central Nuevo Reino de Puerto Cisne;;;;;;;;;;;;;683801,31;5045249,18;18S;Mini Hidráulica de Pasada;15;10/08/2026
SEA;CISNES;EDELAYSEN;Distribución y Generaración Energía Eléctrica;88.272.600-2;NUEVO REINO;En Operacion;01/01/1987;1987;Región Aisén del Gral.Carlos Ibáñez del Campo;Cisnes;G-5145;DIESEL;;;;Convencional;Petróleo Diesel;0,58;0,58;No;;;Central Nuevo Reino;DIESEL;;;;;;;;;;;;683801,31;5045249,18;18S;Petróleo Diesel;15;10/08/2026
SEA;CISNES;EDELAYSEN;Distribución y Generaración Energía Eléctrica;88.272.600-2;NUEVO REINO;En Operacion;01/01/1987;1987;Región Aisén del Gral.Carlos Ibáñez del Campo;Cisnes;G-5926;DIESEL;2021;;;Convencional;Petróleo Diesel;0,508;0,508;No;;;Central Nuevo Reino;DIESEL;;;;;;;;;;;;683801,31;5045249,18;18S;Petróleo Diesel;15;10/08/2026
SEA;PALENA;EDELAYSEN;Empresa Eléctrica de Aisén S.A.;88.272.600-2;PALENA;En Operacion;01/01/2013;2013;Región de Los Lagos;Palena;G-5131;DIESEL;2009;;;Convencional;Petróleo Diesel;0,292;0,292;No;;;Alimentador Palena ;DIESEL;;;;;;;;;;;;272267,41;5167472,19;19S;Petróleo Diesel;14;10/08/2026
SEA;PALENA;EDELAYSEN;Empresa Eléctrica de Aisén S.A.;88.272.600-2;PALENA;En Operacion;01/01/2013;2013;Región de Los Lagos;Palena;G-5522;DIESEL;2013;;;Convencional;Petróleo Diesel;0,292;0,292;No;;;Alimentador Palena ;DIESEL;;;;;;;;;;;;272267,41;5167472,19;19S;Petróleo Diesel;14;10/08/2026
SEA;PALENA;EDELAYSEN;Empresa Eléctrica de Aisén S.A.;88.272.600-2;PALENA;En Operacion;01/01/2013;2013;Región de Los Lagos;Palena;G-5745;DIESEL;2017;;;Convencional;Petróleo Diesel;0,648;0,648;No;;;Alimentador Palena ;DIESEL;;;;;;;;;;;;272267,41;5167472,19;19S;Petróleo Diesel;14;10/08/2026
SEN;SIC;AR ALENA SPA;;;PE ALENA;En Operacion;13/12/2021;2021;Región del Biobío;Los Ángeles;;;;18;;ERNC;Eólica;86,2;83,92;Si;;NO APLICA;ID2263 S/E CENTRAL EOLICA ALENA;;;;;;;;;;;;;716082,46;5848487,42;18H;Eólica;10;10/08/2026
SEN;SIC;PARQUE EÓLICO ANTOFAGASTA SPA;;;PE ANTOFAGASTA;En Operacion;24/04/2026;2026;Región de Antofagasta;Taltal;;;;52;;ERNC;Eólica;356,9507;350,7938;Si;;No Aplica;ID4443-BA S/E IBERTALTAL 500kV BP1ID4444-BA S/E IBERTALTAL 500kV BT1;;;;;;;;;;;;;418080;7248380;19J;Eólica;3;10/08/2026
SEN;SIC;PARQUE EÓLICO ATACAMA SPA;;;PE ATACAMA;En Operacion;15/09/2023;2023;Región de Atacama;Freirina;;;;29;;ERNC;Eólica;165,8115;160,294;Si;;NO APLICA;ID 3765-BA S/E IBERATACAMA 220kV BP1;;;;;;;;;;;;;258259;6795074;19J;Eólica;4;10/08/2026
SEN;SIC;AELA EÓLICA LLANQUIHUE SPA;;76.296.433-3;PE AURORA;En Operacion;11/11/2020;2020;Región de Los Lagos;Llanquihue;;;;43;;ERNC;Eólica;129,07;126,6;Si;;NO APLICA;S/E CENTRAL PARQUE EOLICO AURORA;;;;;;;;;;;;;654058,13;5433196,71;18G;Eólica;14;10/08/2026
SEN;SIC;PARQUE EÓLICO CABO LEONES I S.A.;;76.166.466-2;PE CABO LEONES;En Operacion;12/06/2018;2018;Región de Atacama;Freirina;;;;No Aplica;;ERNC;Eólica;190,2255;175,1989;Si;;No Aplica;ID2721-BA S/E CENTRAL PARQUE EOLICO CABO LEONES I 220KV BP1;;;;;;;;;;;;;260993;6798412;19J;Eólica;4;10/08/2026
SEN;SIC;IBEREÓLICA CABO LEONES II S.A.;;76202178-1;PE CABO LEONES II;En Operacion;23/02/2021;2021;Región de Atacama;Freirina;;;;49;;ERNC;Eólica;207,23;205,25;Si;;NO APLICA;ID 3256 BA S/E CENTRAL CABO LEONES II 220KV;;;;;;;;;;;;;261743;6790295;19J;Eólica;4;10/08/2026
SEN;SIC;PE CABO LEONES III SPA;;76.202.178-1;PE CABO LEONES III;En Operacion;29/12/2020;2020;Región de Atacama;Freirina;;;;44;;ERNC;Eólica;190,225;188,274;Si;;No Aplica;ID 2721 - BA S/E CENTRAL PARQUE EOLICO CABO LEONES I 220KV BP1;;;;;;;;;;;;;255357;6798880;19J;Eólica;4;10/08/2026
SEN;SING;ENGIE ENERGÍA CHILE S.A.;;;PE CALAMA;En Operacion;29/10/2021;2021;Región de Antofagasta;Calama;;;;36;;ERNC;Eólica;163,118;160,696;Si;;NO APLICA;ID 224 TAP OASIS 220kV;;;;;;;;;;;;;519563;7513452;19K;Eólica;3;10/08/2026
SEN;SIC;PARQUE EÓLICO CAMPO LINDO SPA;;;PE CAMPO LINDO;En Operacion;03/04/2023;2023;Región del Biobío;Los Ángeles;;;;15;;ERNC;Eólica;65,71;62,945;Si;;NO APLICA;ID 2330 - S/E CAMPO LINDO;;;;;;;;;;;;;721816,9;5857691,8;18H;Eólica;10;10/08/2026
SEN;SIC;ENEL GENERACIÓN CHILE S.A.;;91.081.000-6;PE CANELA;En Operacion;27/12/2007;2007;Región de Coquimbo;Canela;;;;11;;ERNC;Eólica;18,15;17,9685;Si;;NO APLICA;S/E LAS PALMAS 220KV BA-B;;;;;;;;;;;;;252276,0001;6535518,995;19J;Eólica;5;10/08/2026
SEN;SIC;ENEL GENERACIÓN CHILE S.A.;;91.081.000-6;PE CANELA II;En Operacion;11/12/2009;2009;Región de Coquimbo;Canela;;;;40;;ERNC;Eólica;60;59,4;Si;;NO APLICA;S/E LAS PALMAS 220KV BA-A;;;;;;;;;;;;;252455,9996;6532721,018;19J;Eólica;5;10/08/2026
SEN;SIC;STATKRAFT EOLICO S.A.;;;PE CARDONAL;En Operacion;12/06/2024;2024;Región del Libertador Gral. Bernardo O’Higgins;Litueche;;;;6;;ERNC;Eólica;31,5127;30,8951;Si;;No Aplica;ID3976 - BA S/E CARDONAL 110kV BP1;;;;;;;;;;;;;253470;6225090;19H;Eólica;8;10/08/2026
SEN;SING;AR CERRO TIGRE SPA;;;PE CERRO TIGRE;En Operacion;08/03/2022;2022;Región de Antofagasta;Antofagasta;;;;44;;ERNC;Eólica;184,8;182,05;Si;;No aplica;ID2282 - S/E CENTRAL CERRO TIGRE;;;;;;;;;;;;;406316,08;7371925,92;19;Eólica;3;10/08/2026
SEN;SING;HUEMUL ENERGÍA SPA;;;PE CKHURI;En Operacion;28/04/2026;2026;Región de Antofagasta;Calama;;;;26;;ERNC;Eólica;95,2572;94,3344;Si;;CGE;S/E EL ABRA;;;;;;;;;;;;;543230,43;7556765,76;19K;Eólica;3;10/08/2026
SEN;SIC;AELA EÓLICA NEGRETE SPA;;76.489.426-K;PE CUEL;En Operacion;05/02/2014;2014;Región del Biobío;Los Ángeles;;;;22;;ERNC;Eólica;33;32,4951;Si;;NO APLICA;S/E CENTRAL CUEL 154KV;;;;;;;;;;;;;721518,0794;5845517,697;18H;Eólica;10;10/08/2026
SEN;SIC;PARQUE EÓLICO EL ARRAYÁN SPA;;76.068.557-7;PE EL ARRAYAN;En Operacion;06/06/2014;2014;Región de Coquimbo;Ovalle;;;;50;;ERNC;Eólica;115;114,9885;Si;;NO APLICA;S/E DON GOYO 220KV;;;;;;;;;;;;;241256,9995;6613923,019;19J;Eólica;5;10/08/2026
SEN;SIC;PARQUE EÓLICO EL MAITÉN SPA;;76.460.012-6;PE EL MAITEN;En Operacion;26/06/2020;2020;Región del Biobío;Laja;;;;3;;ERNC;Eólica;11,46;10,89;Si;;NO APLICA;ID 208 TAP PARQUE EOLICO EL MAITEN 220KV;;;;;;;;;;;;;717112,06;5872368,34;18H;Eólica;10;10/08/2026
SEN;SIC;COLBÚN S.A.;;;PE HORIZONTE NORTE;En Operacion;02/06/2025;2025;Región de Antofagasta;Taltal;;;;70;;ERNC;Eólica;373,5432;366,5994;Si;;No Aplica;ID3956 - BA S/E HORIZONTE NORTE 220 KV BP1 ID3957 - BA S/E HORIZONTE NORTE 220KV BP2;;;;;;;;;;;;;410599;7240065;19J;Eólica;3;10/08/2026
SEN;SIC;COLBÚN S.A.;;;PE HORIZONTE SUR;En Operacion;28/07/2025;2025;Región de Antofagasta;Taltal;;;;70;;ERNC;Eólica;371,2949;364,4452;Si;;No Aplica;ID 2431 – S/E HORIZONTE SUR;;;;;;;;;;;;;410599;7240065;19J;Eólica;3;10/08/2026
SEN;SIC;ENGIE ENERGÍA CHILE S.A.;;;PE KALLPA;En Operacion;07/03/2025;2025;Región de Antofagasta;Taltal;;;;57;;ERNC;Eólica;342;335,596;Si;;NO APLICA;ID2382-S/E PARINAS;;;;;;;;;;;;;400901;7242842;19J;Eólica;3;10/08/2026
SEN;SIC;ENEL GREEN POWER CHILE S.A.;;;PE LA CABAÑA;En Operacion;08/02/2024;2024;Región de La Araucanía;Renaico;;;;22;;ERNC;Solar;107,8434;105,23;Si;;NO APLICA;ID2418-S/E LA CABAÑA;;;;;;;;;;;;;713708,387;5812910,435;18H;Solar Fotovoltaica;12;10/08/2026
SEN;SIC;EÓLICA LA ESPERANZA S.A.;;76.427.498-9;PE LA ESPERANZA;En Operacion;13/02/2017;2017;Región del Biobío;Negrete;;;;5;;ERNC;Eólica;10,5;10,2585;Si;PMG;NO APLICA;S/E CENTRAL PE LA ESPERANZA 23KV;;;;;;;;;;;;;717419,023;5835410,022;18H;Eólica;10;10/08/2026
SEN;SIC;EÓLICA LA ESTRELLA SPA;;;PE LA ESTRELLA;En Operacion;24/06/2021;2021;Región del Libertador Gral. Bernardo O’Higgins;Litueche;;;;11;;ERNC;Eólica;49,92;49,1;Si;;No Aplica;ID 3330 BA S/E LA ESTRELLA 110KV B1;;;;;;;;;;;;;257467;6218103;19H;Eólica;8;10/08/2026
SEN;SIC;VIENTOS DE RENAICO SPA;;76.266.502-6;PE LA FLOR;En Operacion;16/06/2020;2020;Región de La Araucanía;Renaico;;;;9;;ERNC;Eólica;32,4;31,5;Si;;NO APLICA;ID 3147 BA S/E NAHUELBUTA 23KV BP1;;;;;;;;;;;;;711096;5829304;18H;Eólica;12;10/08/2026
SEN;SIC;PARQUE EÓLICO LEBU-TORO SPA;;76.416.891-7;PE LEBU;En Operacion;25/03/2014;2014;Región del Biobío;Lebu;;;;9;;ERNC;Eólica;10,045;9,34;Si;PMG;NO APLICA;S/E LEBU 66 KV;;;;;;;;;;;;;619571,6065;5828898,504;18H;Eólica;10;10/08/2026
SEN;SING;AR LLANOS DEL VIENTO SPA;;;PE LLANOS DEL  VIENTO;En Operacion;31/03/2023;2023;Región de Antofagasta;Antofagasta;;;;NO APLICA;;ERNC;Eólica;160;157,011;Si;;NO APLICA;S/E O'Higgins 220 kV;;;;;;;;;;;;;397860,683;7371491,536;19K;Eólica;3;10/08/2026
SEN;SIC;WPD DUQUECO SPA;;;PE LOMAS DE DUQUECO;En Operacion;03/08/2022;2022;Región del Biobío;Los Ángeles;;;;14;;ERNC;Eólica;58,8;58;Si;;No Aplica;ID2311 - S/E LOS ANGELES SUR;;;;;;;;;;;;;730890;5843634;18H;Eólica;10;10/08/2026
SEN;SIC;ENEL GREEN POWER CHILE S.A.;;76.412.562-2;PE LOS BUENOS AIRES;En Operacion;30/08/2016;2016;Región del Biobío;Los Ángeles;;;;12;;ERNC;Eólica;24;23,85;Si;;NO APLICA;S/E CENTRAL PE BUENOS AIRES 66KV;;;;;;;;;;;;;720199,9575;5842382,984;18H;Eólica;10;10/08/2026
SEN;SIC;STATKRAFT EOLICO S.A.;;;PE LOS CERRILLOS;En Operacion;06/08/2024;2024;Región del Libertador Gral. Bernardo O’Higgins;Litueche;;;;8;;ERNC;Eólica;45,9672;44,6805;Si;;No Aplica;ID3976 - BA S/E CARDONAL 110kV BP1;;;;;;;;;;;;;256170;6220370;19H;Eólica;8;10/08/2026
SEN;SIC;PARQUE EÓLICO LOS CURUROS SPA;;76.178.599-0;PE LOS CURUROS;En Operacion;23/07/2014;2014;Región de Coquimbo;Ovalle;;;;57;;ERNC;Eólica;109,4;107,7;Si;;NO APLICA;S/E LA CEBADA 220KV;;;;;;;;;;;;;246372,9995;6564046,018;19J;Eólica;5;10/08/2026
SEN;SIC;ENERGÍA EÓLICA LOS OLMOS SPA;;;PE LOS OLMOS;En Operacion;19/01/2022;2022;Región del Biobío;Mulchén;;;;23;;ERNC;Eólica;111,9485;109,1301;Si;;No Aplica;Subestación Seccionadora Los Olmos 220kV;;;;;;;;;;;;;725834;5830700;18H;Eólica;10;10/08/2026
SEN;SIC;WPD MALLECO SPA;;;PE MALLECO NORTE;En Operacion;03/02/2022;2022;Región de La Araucanía;Collipulli;;;;39;;ERNC;Eólica;137,85;133,9;Si;;No Aplica;S/E SECCIONADORA RIO MALLECO;;;;;;;;;;;;;740358;5789440;18H;Eólica;12;10/08/2026
SEN;SIC;WPD MALLECO SPA;;;PE MALLECO SUR;En Operacion;28/09/2021;2021;Región de La Araucanía;Collipulli;;;;39;;ERNC;Eólica;135,15;131,86;Si;;No Aplica;S/E SECCIONADORA RIO MALLECO;;;;;;;;;;;;;740358;5789440;18H;Eólica;12;10/08/2026
SEN;SIC;STATKRAFT EOLICO S.A.;;;PE MANANTIALES;En Operacion;06/08/2024;2024;Región del Libertador Gral. Bernardo O’Higgins;Litueche;;;;5;;ERNC;Eólica;27,1491;26,472;Si;;No Aplica;ID610 - BA S/E QUELENTARO 110KV BP1;;;;;;;;;;;;;256760;6223140;19H;Eólica;8;10/08/2026
SEN;SIC;ENERGÍA EÓLICA MESAMÁVIDA SPA;;;PE MESAMAVIDA;En Operacion;29/07/2022;2022;Región del Biobío;Los Ángeles;;;;12;;ERNC;Eólica;61,46;60;Si;;No aplica;2119 -  S/E SANTA LUISA;;;;;;;;;;;;;724542;5848018;18H;Eólica;10;10/08/2026
SEN;SIC;EÓLICA MONTE REDONDO SPA;;76.019.239-2;PE MONTE REDONDO;En Operacion;06/01/2010;2010;Región de Coquimbo;Ovalle;;;;24;;ERNC;Eólica;48;47,52;Si;;NO APLICA;TAP OFF MONTE REDONDO 220KV;;;;;;;;;;;;;246429,9995;6558791,018;19J;Eólica;5;10/08/2026
SEN;SIC;WPD NEGRETE SPA;;;PE NEGRETE;En Operacion;15/06/2021;2021;Región del Biobío;Negrete;;;;10;;ERNC;Eólica;36;35,34;Si;;NO APLICA;ID 1077 BA S/E NEGRETE 66KV B1;;;;;;;;;;;;;714574;5835798;18H;Eólica;10;10/08/2026
SEN;SIC;AR PUELCHE SUR SPA;;;PE PUELCHE SUR;En Operacion;10/01/2023;2023;Región de Los Lagos;Frutillar;;;;32;;ERNC;Eólica;160;156,859;Si;;NO APLICA;ID:2301 S/E PUELCHE SUR;;;;;;;;;;;;;668281,83;5455665,34;18G;Eólica;14;10/08/2026
SEN;SIC;COMPAÑÍA BARRICK CHILE GENERACIÓN SPA;;96.576.920-K;PE PUNTA COLORADA;En Operacion;15/12/2011;2011;Región de Coquimbo;La Higuera;;;;10;;ERNC;Eólica;20;19,998;Si;;NO APLICA;S/E PUNTA COLORADA 220KV;;;;;;;;;;;;;300187,6011;6749678,361;19J;Eólica;5;10/08/2026
SEN;SIC;PARQUE EÓLICO PUNTA DE TALCA SPA;;;PE PUNTA DE TALCA;En Operacion;31/07/2025;2025;Región de Coquimbo;Ovalle;;;;14;;ERNC;Eólica;80,4664;79,2432;Si;;N/A;ID1517 - BA S/E CENTRAL TALINAY ORIENTE 220KV BP1;;;;;;;;;;;;;249705;6579553;19J;Eólica;5;10/08/2026
SEN;SIC;PUNTA PALMERAS S.A.;;76.106.835-0;PE PUNTA PALMERAS;En Operacion;19/11/2014;2014;Región de Coquimbo;Canela;;;;15;;ERNC;Eólica;45;44,7048;Si;;NO APLICA;S/E LAS PALMAS 220KV;;;;;;;;;;;;;248506,9996;6541405,018;19J;Eólica;5;10/08/2026
SEN;SIC;PACIFIC HYDRO PUNTA SIERRA SPA;;76.547.592-9;PE PUNTA SIERRA;En Operacion;05/06/2019;2019;Región de Coquimbo;Ovalle;;;;32;;ERNC;Eólica;82,622;81,185;Si;;NO APLICA;ID 2772 BA S/E PUNTA SIERRA 220KV BP1;;;;;;;;;;;;;249936,93;6551910,19;19 J;Eólica;5;10/08/2026
SEN;SIC;ENEL GREEN POWER CHILE S.A.;;76.412.562-2;PE RENAICO I;En Operacion;12/09/2016;2016;Región de La Araucanía;Renaico;;;;44;;ERNC;Eólica;88;87,5;Si;;NO APLICA;S/E PARQUE EÓLICO RENAICO 220KV;;;;;;;;;;;;;712553;5821851;18H;Eólica;12;10/08/2026
SEN;SIC;ENEL GREEN POWER CHILE S.A.;;;PE RENAICO II;En Operacion;04/08/2023;2023;Región de La Araucanía;Renaico;;;;32;;ERNC;Eólica;145,31;141,412;Si;;No Aplica;1774 S/E PARQUE EOLICO RENAICO;;;;;;;;;;;;;712062;5821551;18H;Eólica;12;10/08/2026
SEN;SIC;PARQUE EÓLICO SAN GABRIEL SPA;;76.365.923-2;PE SAN GABRIEL;En Operacion;13/03/2020;2020;Región de La Araucanía;Renaico;;;;61;;ERNC;Eólica;183;180;Si;;NO APLICA;ID: 3024 – BA S/E MULCHEN GIS 220KV BP1;;;;;;;;;;;;;717985,34;5827627,45;18H;Eólica;12;10/08/2026
SEN;SIC;SAN JUAN S.A.;;76.319.883-9;PE SAN JUAN;En Operacion;16/03/2017;2017;Región de Atacama;Freirina;;;;56;;ERNC;Eólica;193,2;189,4;Si;;NO APLICA;S/E EÓLICA SAN JUAN 220KV;;;;;;;;;;;;;260338,0141;6803823,967;19J;Eólica;4;10/08/2026
SEN;SIC;ENERGÍA EÓLICA SAN MATÍAS SPA;;;PE SAN MATIAS;En Operacion;13/06/2024;2024;Región del Biobío;Los Ángeles;;;;19;;ERNC;Eólica;81,9883;79,4329;Si;;NO APLICA;ID 2330 - S/E CAMPO LINDO;;;;;;;;;;;;;721816,9;5857691,8;18H;Eólica;10;10/08/2026
SEN;SIC;ALBA SPA;;76.114.239-9;PE SAN PEDRO;En Operacion;27/06/2014;2014;Región de Los Lagos;Dalcahue;;;;20;;ERNC;Eólica;36;35,9964;Si;;NO APLICA;S/E CENTRAL SAN PEDRO DALCAHUE 110KV;;;;;;;;;;;;;587406,877;5319658,457;18G;Eólica;14;10/08/2026
SEN;SIC;RÍO ALTO SPA;;76.213.834-4;PE SAN PEDRO II;En Operacion;20/05/2017;2017;Región de Los Lagos;Dalcahue;;;;13;;ERNC;Eólica;65;64,9935;Si;;NO APLICA;S/E CENTRAL SAN PEDRO DALCAHUE 110KV;;;;;;;;;;;;;589535,0015;5318425,969;18G;Eólica;14;10/08/2026
SEN;SIC;AELA EÓLICA SARCO SPA;;76.644.111-4;PE SARCO;En Operacion;15/07/2020;2020;Región de Atacama;Freirina;;;;50;;ERNC;Eólica;170,2;167,56;Si;;NO APLICA;S/E SARCO;;;;;;;;;;;;;263735,88;6805382,09;19J;Eólica;4;10/08/2026
SEN;SING;ENEL GREEN POWER CHILE S.A.;;76.412.562-2;PE SIERRA GORDA ESTE;En Operacion;04/04/2018;2018;Región de Antofagasta;Sierra Gorda;;;;56;;ERNC;Eólica;112;110,619;Si;;NO APLICA;S/E El ARRIERO;;;;;;;;;;;;;502596;7470021;19K;Eólica;3;10/08/2026
SEN;SIC;PARQUE TALINAY ORIENTE S.A.;;76.126.507-5;PE TALINAY ORIENTE;En Operacion;13/04/2013;2013;Región de Coquimbo;Ovalle;;;;45;;ERNC;Eólica;90;89,55;Si;;NO APLICA;S/E CENTRAL TALINAY ORIENTE 220KV;;;;;;;;;;;;;252236,9996;6581553,018;19J;Eólica;5;10/08/2026
SEN;SIC;ENEL GREEN POWER CHILE S.A.;;76.412.562-2;PE TALINAY PONIENTE;En Operacion;26/05/2015;2015;Región de Coquimbo;Ovalle;;;;32;;ERNC;Eólica;60,4;60,098;Si;;NO APLICA;S/E CENTRAL TALINAY ORIENTE 220KV;;;;;;;;;;;;;251544,9948;6582676,998;19J;Eólica;5;10/08/2026
SEN;SIC;ENEL GREEN POWER CHILE S.A.;;76.412.562-2;PE TALTAL;En Operacion;09/02/2015;2015;Región de Antofagasta;Taltal;;;;33;;ERNC;Eólica;99;98,109;Si;;NO APLICA;S/E CENTRAL PARQUE EÓLICO TALTAL 220KV;;;;;;;;;;;;;414421;7228198,011;19J;Eólica;3;10/08/2026
SEN;SING;AR TCHAMMA SPA;;;PE TCHAMMA;En Operacion;21/02/2022;2022;Región de Antofagasta;Calama;;;;35;;ERNC;Eólica;174,0638;171,777;Si;;NO APLICA;S/E TCHAMMA;;;;;;;;;;;;;492341;7511625;19K;Eólica;3;10/08/2026
SEN;SIC;ACCIONA ENERGÍA CHILE HOLDINGS S.A.;;76.437.712-5;PE TOLPAN SUR;En Operacion;24/11/2020;2020;Región de La Araucanía;Renaico;;;;28;;ERNC;Eólica;83,53;80,9;Si;;NO APLICA;ID1391 BA S/E MULCHEN 220KV B1;;;;;;;;;;;;;712859;5826350;18H;Eólica;12;10/08/2026
SEN;SIC;NORVIND S.A.;;76.919.070-8;PE TOTORAL;En Operacion;25/01/2010;2010;Región de Coquimbo;Canela;;;;23;;ERNC;Eólica;46;45,54;Si;;NO APLICA;S/E LAS PALMAS 220KV BA-B;;;;;;;;;;;;;251545,9996;6531368,018;19J;Eólica;5;10/08/2026
SEN;SIC;ENERGÍAS UCUQUER DOS S.A.;;76.319.372-1;PE UCUQUER II;En Operacion;22/10/2014;2014;Región del Libertador Gral. Bernardo O’Higgins;Litueche;;;;5;;ERNC;Eólica;10,75;10,5028;Si;;NO APLICA;S/E MATANCILLA 13.2 KV;;;;;;;;;;;;;257924,9995;6230005,018;19H;Eólica;8;10/08/2026
SEN;SING;ENEL GREEN POWER CHILE S.A.;;76.412.562-2;PE VALLE DE LOS VIENTOS;En Operacion;21/03/2014;2014;Región de Antofagasta;Calama;;;;45;;ERNC;Eólica;90;88,9;Si;;NO APLICA;BA Valle de los Vientos 110KV;;;;;;;;;;;;;518298,8537;7513327,976;19K;Eólica;3;10/08/2026
SEN;SIC;DON ESTEBAN SPA;;;PFV  DON OSCAR;En Operacion;02/09/2024;2024;Región de Coquimbo;Coquimbo;;;;No aplica;;ERNC;Solar;9,1185;9;Si;PMG;No aplica;ID3197 -BA S/E C.R. LLANOS BLANCOS 220KV BP;;;;;;;;;;;;;287944;6662311;19J;Solar Fotovoltaica;5;10/08/2026
SEN;SIC;ALMEYDA SPA;;76.321.458-3;PFV ALMEYDA;En Operacion;05/05/2020;2020;Región de Atacama;Chañaral;;;;17;;ERNC;Solar;56,8;56;Si;;No Aplica;ID 2748 BA S/E CUMBRES 220 KV BP2;;;;;;;;;;;;;390533;7101853;19S;Solar Fotovoltaica;4;10/08/2026
SEN;SIC;LARQUI SOLAR SPA;;;PFV ALTO DEL SOL;En Operacion;02/06/2025;2025;Región de Ñuble;Bulnes;;;;1;;ERNC;Solar;9,257;9,018;Si;PMG;No aplica;ID3260-BA S/E LARQUI 66KV BP1;;;;;;;;;;;;;743846;5929802;18H;Solar Fotovoltaica;11;10/08/2026
SEN;SING;ANDES SOLAR SPA;;94.272.000-9;PFV ANDES SOLAR;En Operacion;28/05/2016;2016;Región de Antofagasta;Antofagasta;;;;1;;ERNC;Solar;21,795;21,425;Si;;NO APLICA;S/E ANDES SOLAR;;;;;;;;;;;;;542260;7344264;19J;Solar Fotovoltaica;3;10/08/2026
SEN;SING;ANDES SOLAR II SPA;;94.272.000-9;PFV ANDES SOLAR II;En Operacion;13/08/2020;2020;Región de Antofagasta;Antofagasta;;;;1;;ERNC;Solar;86,75;86,32;Si;;NO APLICA;ID 266 (TERCIARIO ATR3 DE LA S/E ANDES);;;;;;;;;;;;;542461,8;7343826,75;19J;Solar Fotovoltaica;3;10/08/2026
SEN;SING;ANDES SOLAR II SPA;;;PFV ANDES SOLAR II-B;En Operacion;17/07/2023;2023;Región de Antofagasta;Antofagasta;;;;1;;ERNC;Solar;135,8345;129,7287;Si;;NO APLICA;ID 266 (TERCIARIO TR1 DE LA S/E FUTURO);;;;;;;;;;;;;544169,36;7344751,04;19J;Solar Fotovoltaica;3;10/08/2026
SEN;SING;ANDES SOLAR III SPA;;;PFV ANDES SOLAR III;En Operacion;31/03/2026;2026;Región de Antofagasta;Antofagasta;;;;1;;ERNC;Solar;158,9339;153,226;Si;;No Aplica;BA: ID 4589-BA S/E FUTURO 220kV BP2;;;;;;;;;;;;;543024,85;7346939,476;19J;Solar Fotovoltaica;3;10/08/2026
SEN;SING;ANDES SOLAR IV SPA;;;PFV ANDES SOLAR IV;En Operacion;30/09/2024;2024;Región de Antofagasta;Antofagasta;;;;No aplica;;ERNC;Solar;132,3687;129,7222;Si;;NO APLICA;ID3530-BA S/E FUTURO 220KV BP;;;;;;;;;;;;;544836,4327;7344263;19J;Solar Fotovoltaica;3;10/08/2026
SEN;SIC;GENERADORA DEL PACÍFICO SPA;;76.010.367-5;PFV ANTAY;En Operacion;03/11/2017;2017;Región de Atacama;Copiapó;;;;1;;ERNC;Solar;9;9;Si;PMG;NO APLICA;S/E CENTRAL TERMOPACIFICO 220KV;;;;;;;;;;;;;363645;6958075;19J;Solar Fotovoltaica;4;10/08/2026
SEN;SING;ATACAMA SOLAR SPA;;;PFV ATACAMA SOLAR II;En Operacion;29/04/2021;2021;Región de Tarapacá;Pica;;;;NO APLICA;;ERNC;Solar;153,68;149,98;Si;;No Aplica;ID 2252 - S/E Matilla 33kV;;;;;;;;;;;;;453306,02;7730356,65;19 K;Solar Fotovoltaica;2;10/08/2026
SEN;SING;ENEL GREEN POWER CHILE S.A.;;91.081.000-6;PFV AZABACHE;En Operacion;09/08/2022;2022;Región de Antofagasta;Calama;;;;NO APLICA;;ERNC;Solar;58,99;58,0703;Si;;NO APLICA;ID 2247 - S/E CHIU CHIU;;;;;;;;;;;;;520072,202;7514028,255;19K;Solar Fotovoltaica;3;10/08/2026
SEN;SING;BOLERO SPA;;76.175.608-7;PFV BOLERO;En Operacion;06/04/2018;2018;Región de Antofagasta;Sierra Gorda;;;;1;;ERNC;Solar;124,4153;122,0386;Si;;NO APLICA;S/E BOLERO 220KV;;;;;;;;;;;;;457769;7404150;19K;Solar Fotovoltaica;3;10/08/2026
SEN;SIC;GR PIÑOL SPA;;;PFV CALEU;En Operacion;19/12/2025;2025;Región de Valparaíso;Llaillay;;;;NO APLICA;;ERNC;Solar;9,1968;8,9648;Si;;NO APLICA;BA: ID4670-BA S/E CRISTALERIAS 12KV BP3;;;;;;;;;;;;;318099;6363295;19H;Solar Fotovoltaica;6;10/08/2026
SEN;SIC;ENEL GREEN POWER CHILE S.A.;;;PFV CAMPOS DEL SOL;En Operacion;18/01/2023;2023;Región de Atacama;Copiapó;;;;No aplica;;ERNC;Solar;371,35;363,7962;Si;;NO APLICA;ID563-S/E CARRERA PINTO;;;;;;;;;;;;;409106,257;7007370,805;19J;Solar Fotovoltaica;4;10/08/2026
SEN;SING;ENGIE ENERGÍA CHILE S.A.;;;PFV CAPRICORNIO;En Operacion;21/11/2022;2022;Región de Antofagasta;Antofagasta;;;;1;;ERNC;Solar;90,37;88,6173;Si;;NO APLICA;ID 2272 S/E ELEVADORA CAPRICORNIO;;;;;;;;;;;;;379260,42;7409924,94;19K;Solar Fotovoltaica;3;10/08/2026
SEN;SIC;GENERADORA SOL SOLIV SPA;;;PFV CARACAS II;En Operacion;09/08/2023;2023;Región de Coquimbo;Los Vilos;;;;3;;ERNC;Solar;9,375;9,0686;Si;PMG;No Aplica;ID3038 - BA S/E CENTRAL CHAGUAL BP 23KV;;;;;;;;;;;;;269905,33;6470490,12;19J;Solar Fotovoltaica;5;10/08/2026
SEN;SIC;ARCADIA GENERACIÓN SOLAR S.A.;;76.412.562-2;PFV CARRERA PINTO;En Operacion;03/05/2016;2016;Región de Atacama;Copiapó;;;;1;;ERNC;Solar;93;90,675;Si;;NO APLICA;S/E CARRERA PINTO 220KV;;;;;;;;;;;;;413885;7012836,012;19J;Solar Fotovoltaica;4;10/08/2026
SEN;SIC;SANTA ESTER SOLAR SPA;;;PFV CASTILLA;En Operacion;19/12/2022;2022;Región de Atacama;Copiapó;;;;5544;;ERNC;Solar;2,75;2,7054;Si;PMG;No Aplica;ID564 -S/E Castilla 23 kV;;;;;;;;;;;;;347867;6913075;19J;Solar Fotovoltaica;4;10/08/2026
SEN;SING;CEME 1 SPA;;;PFV CEME 1;En Operacion;05/07/2024;2024;Región de Antofagasta;María Elena;;;;1;;ERNC;Solar;412,9326;403,0398;Si;;No Aplica;ID3785-BA S/E CEME 1 220KV BP1;;;;;;;;;;;;;438883,09;7527154,03;19K;Solar Fotovoltaica;3;10/08/2026
SEN;SING;CERRO DOMINADOR PV S.A.;;76.459.637-4;PFV CERRO DOMINADOR;En Operacion;04/07/2018;2018;Región de Antofagasta;María Elena;;;;1;;ERNC;Solar;100,22;99,9;Si;;NO APLICA;SE Cerro Dominador;;;;;;;;;;;;;451671,49;7479671,2;19 K;Solar Fotovoltaica;3;10/08/2026
SEN;SIC;ENEL GREEN POWER CHILE S.A.;;76.412.562-2;PFV CHAÑARES;En Operacion;28/05/2015;2015;Región de Atacama;Diego de Almagro;;;;1;;ERNC;Solar;36;35,892;Si;;NO APLICA;S/E TAP CHAÑARES 110KV;;;;;;;;;;;;;393687,9608;7082373,001;19J;Solar Fotovoltaica;4;10/08/2026
SEN;SIC;ENLASA GENERACIÓN CHILE S.A.;;;PFV CHERCAN SOLAR;En Operacion;28/12/2023;2023;Región de Coquimbo;Coquimbo;;;;3;;ERNC;Solar;9,1204;8,9925;Si;;Enlasa Generación Chile SA;ID267-S/E CENTRAL LAS PIEDRAS;;;;;;;;;;;;;285362;6663523;19J;Solar Fotovoltaica;5;10/08/2026
SEN;SIC;CONEJO SOLAR SPA;;76.376.829-5;PFV CONEJO SOLAR;En Operacion;08/09/2016;2016;Región de Antofagasta;Taltal;;;;1;;ERNC;Solar;104;102,5864;Si;;NO APLICA;S/E CENTRAL CONEJO 220KV;;;;;;;;;;;;;368053;7174101,012;19J;Solar Fotovoltaica;3;10/08/2026
SEN;SING;ENGIE ENERGÍA CHILE S.A.;;;PFV COYA;En Operacion;24/03/2023;2023;Región de Antofagasta;María Elena;;;;No aplica;;ERNC;Solar;184,8532;182,373;Si;;NO APLICA;ID:2339-S/E PALPANA;;;;;;;;;;;;;451914,78;7539426,97;19K;Solar Fotovoltaica;3;10/08/2026
SEN;SING;FOTOVOLTAICA DE LOS ANDES SPA;;;PFV DE LOS ANDES;En Operacion;02/05/2022;2022;Región de Antofagasta;Antofagasta;;;;1;;ERNC;Solar;9,66;8,928;Si;PMG;NO APLICA;BA ID: 3459 - BA S/E ANDES (AES GENER) 23KV BP2;;;;;;;;;;;;;540741,9;7343313,6;19J;Solar Fotovoltaica;3;10/08/2026
SEN;SING;FOTOVOLTAICA DEL DESIERTO SPA;;;PFV DEL DESIERTO;En Operacion;02/05/2022;2022;Región de Antofagasta;Antofagasta;;;;1;;ERNC;Solar;8,45;8,35;Si;PMG;NO APLICA;BA ID: 3459 - BA S/E ANDES (AES GENER) 23KV BP2;;;;;;;;;;;;;7343977,3;541029,48;19J;Solar Fotovoltaica;3;10/08/2026
SEN;SIC;COPIAPÓ SOLAR SPA;;;PFV DESIERTO DE ATACAMA;En Operacion;17/09/2025;2025;Región de Atacama;Tierra Amarilla;;;;1;;ERNC;Solar;239,845;235,4181;Si;;NO APLICA;ID 4439 - BA S/E DESIERTO DE ATACAMA 33KV BP1  ID 4440 - BA S/E DESIERTO DE ATACAMA 33KV BP2  ID 4441 - BA S/E DESIERTO DE ATACAMA 33KV BP3  ID 4442 - BA S/E DESIERTO DE ATACAMA 33KV BP4;;;;;;;;;;;;;382240;6918000;19J;Solar Fotovoltaica;4;10/08/2026
SEN;SIC;ARCADIA GENERACIÓN SOLAR S.A.;;76.412.562-2;PFV DIEGO DE ALMAGRO;En Operacion;11/12/2014;2014;Región de Atacama;Diego de Almagro;;;;1;;ERNC;Solar;32,01;31,914;Si;;NO APLICA;S/E CENTRAL EMELDA 110KV;;;;;;;;;;;;;398306;7081876,012;19J;Solar Fotovoltaica;4;10/08/2026
SEN;SIC;COLBÚN S.A.;;;PFV DIEGO DE ALMAGRO SUR;En Operacion;09/08/2022;2022;Región de Atacama;Diego de Almagro;;;;No aplica;;ERNC;Solar;211,6;208,945;Si;;No Aplica;ID 2337 – S/E INCA DE ORO;;;;;;;;;;;;;403353;7058772;19J;Solar Fotovoltaica;4;10/08/2026
SEN;SING;ARCADIA GENERACIÓN SOLAR S.A.;;;PFV DOMEYKO;En Operacion;29/12/2022;2022;Región de Antofagasta;Antofagasta;;;;100;;ERNC;Solar;207,29;201,61;Si;;No Aplica;ID1922-S/E PURI;;;;;;;;;;;;;441034,28;7339008,92;19J;Solar Fotovoltaica;3;10/08/2026
SEN;SIC;ENEL GREEN POWER CHILE S.A.;;;PFV DON HUMBERTO;En Operacion;07/11/2024;2024;Región Metropolitana de Santiago;Tiltil;;;;131300;;ERNC;Solar;82,7085;80,8036;Sí;;NO APLICA;ID14147-BA S/E PUNTA PEUCO 110KV BP1;;;;;;;;;;;;;329302,62;6334314,14;19H;Solar Fotovoltaica;7;10/08/2026
SEN;SIC;DOÑA ANTONIA SOLAR SPA;;;PFV DOÑA ANTONIA;En Operacion;28/08/2024;2024;Región de Coquimbo;Ovalle;;;;5400;;ERNC;Solar;80,2949;79,3579;Si;;No Aplica;ID3911-BA S/E DOÑA ANTONIA 110 KV BP1;;;;;;;;;;;;;290739,28;6626899,63;19J;Solar Fotovoltaica;5;10/08/2026
SEN;SIC;ENERGÍA CERRO EL MORADO S.A.;;76.392.147-6;PFV DOÑA CARMEN SOLAR;En Operacion;29/11/2017;2017;Región de Valparaíso;La Ligua;;;;1;;ERNC;Solar;34,617;34,542;Si;;NO APLICA;S/E DOÑA CARMEN 220KV;;;;;;;;;;;;;288375;6404151;19H;Solar Fotovoltaica;6;10/08/2026
SEN;SING;ENGIE ENERGÍA CHILE S.A.;;88.006.900-4;PFV EL AGUILA;En Operacion;04/10/2018;2018;Región de Arica y Parinacota;Arica;;;;1;;ERNC;Solar;2,024;2,014;Si;PMG;NO APLICA;TAP OFF EL ÁGUILA;;;;;;;;;;;;;406372;7960260;19K;Solar Fotovoltaica;1;10/08/2026
SEN;SIC;EL PELÍCANO SOLAR COMPANY SPA;;76.337.599-4;PFV EL PELICANO;En Operacion;13/09/2018;2018;Región de Coquimbo;La Higuera;;;;1;;ERNC;Solar;108,103;105,032;Si;;NO APLICA;S/E EL PELÍCANO 220KV;;;;;;;;;;;;;317904,08;6774361,37;19J;Solar Fotovoltaica;5;10/08/2026
SEN;SIC;ACCIONA ENERGÍA CHILE HOLDINGS S.A.;;76.437.712-5;PFV EL ROMERO;En Operacion;03/03/2017;2017;Región de Atacama;Vallenar;;;;NO APLICA;;ERNC;Solar;196;196;Si;;NO APLICA;S/E EL ROMERO 220KV;;;;;;;;;;;;;314253,24;6778336,99;19J;Solar Fotovoltaica;4;10/08/2026
SEN;SING;SOLAR ELENA SPA;;;PFV ELENA;En Operacion;22/11/2023;2023;Región de Antofagasta;María Elena;;;;No Aplica;;ERNC;Solar;67,497;66,442;Si;;No aplica;ID 2057 S/E  Kimal 220 kV;;;;;;;;;;;;;448153;7550295;19K;Solar Fotovoltaica;3;10/08/2026
SEN;SIC;ENFRAGEN CHILE SOLAR SPA;;;PFV EMILIA SOLAR;En Operacion;16/05/2024;2024;Región de Coquimbo;Combarbalá;;;;No aplica;;ERNC;Solar;3,8;3,77;Si;PMG;No aplica;ID3034 - BA S/E CENTRAL COMBARBALA BP 23KV;;;;;;;;;;;;;301202;6552863;19J;Solar Fotovoltaica;5;10/08/2026
SEN;SIC;RTS ENERGÍA S.A.;;;PFV ESPERANZA;En Operacion;20/12/2013;2013;Región de Atacama;Diego de Almagro;;;;1;;ERNC;Solar;2,88;2,8656;Si;PMG;NO APLICA;S/E EL SALVADOR 12.5 KV;;;;;;;;;;;;;437295,3;7091662,49;19J;Solar Fotovoltaica;4;10/08/2026
SEN;SIC;ENERBLAN SPA;;;PFV ESPIGA DE ORO;En Operacion;14/01/2025;2025;Región del Biobío;Negrete;;;;NO APLICA;;ERNC;Solar;2,8041;2,7169;Sí;PMG;NO APLICA;ID4488-BA S/E NEGRETE 23KV BP1-EXT 1;;;;;;;;;;;;;717653;5835941;18H;Solar Fotovoltaica;10;10/08/2026
SEN;SING;ESTEPA SOLAR SPA;;;PFV ESTEPA SOLAR;En Operacion;28/07/2026;2026;Región de Antofagasta;María Elena;;;;1;;ERNC;Solar;190,256;190,128;Si;;No aplica;ID4821 - BA S/E ESTEPA 33kV BP1 ID4822 - BA S/E ESTEPA 33kV BP2;;;;;;;;;;;;;441551,11;7539703,022;19K;Solar Fotovoltaica;3;10/08/2026
SEN;SING;ENEL GREEN POWER CHILE S.A.;;76.412.562-2;PFV FINIS TERRAE;En Operacion;18/04/2017;2017;Región de Antofagasta;María Elena;;;;No aplica;;ERNC;Solar;248,21;241,394;Si;;NO APLICA;ID 2262 – BA S/E RANDE 220KV;;;;;;;;;;;;;445661,1438;7530254,476;19K;Solar Fotovoltaica;3;10/08/2026
SEN;SIC;GR ALGARROBO SPA;;;PFV GRAN TENO;En Operacion;09/08/2024;2024;Región del Maule;Teno;;;;136 Inversores;;ERNC;Solar;202,3136;199,5618;Si;;NA;S/E Seccionadora SOLIS;;;;;;;;;;;;;304318;6146303;19H;Solar Fotovoltaica;9;10/08/2026
SEN;SING;COPEC RENOVABLES SPA;;76.102.539-2;PFV GRANJA SOLAR;En Operacion;30/06/2020;2020;Región de Tarapacá;Pozo Almonte;;;;NO APLICA;;ERNC;Solar;110,81;109,59;Si;;NO APLICA;PAÑO J11 S/E LAGUNAS 220KV;;;;;;;;;;;;;449407,32;7698801,75;19 K;Solar Fotovoltaica;2;10/08/2026
SEN;SIC;ENEL GREEN POWER CHILE S.A.;;;PFV GUANCHOI;En Operacion;26/06/2023;2023;Región de Atacama;Diego de Almagro;;;;1;;ERNC;Solar;366,4688;356,6098;Si;;No aplica;ID 3596 – BA S/E BELLA MONICA 220 KV BP1;;;;;;;;;;;;;401215;7095179;19J;Solar Fotovoltaica;4;10/08/2026
SEN;SING;AUSTRIANSOLAR CHILE CUATRO SPA;;76.337.593-5;PFV HUATACONDO;En Operacion;05/09/2019;2019;Región de Tarapacá;Pozo Almonte;;;;NO APLICA;;ERNC;Solar;89,465;88,1;Si;;NO APLICA;ID 2825 BA S/E SAN SIMON BP2;;;;;;;;;;;;;450915;7663213;19 K;Solar Fotovoltaica;2;10/08/2026
SEN;SING;PLANTA SOLAR SAN PEDRO III SPA;;76.175.454-8;PFV JAMA;En Operacion;24/09/2016;2016;Región de Antofagasta;Calama;;;;2;;ERNC;Solar;52,65;51;Si;;NO APLICA;S/E SOLAR JAMA;;;;;;;;;;;;;531355,72;7503345,1;19K;Solar Fotovoltaica;3;10/08/2026
SEN;SIC;JAVIERA SPA;;76.376.635-7;PFV JAVIERA;En Operacion;19/05/2015;2015;Región de Atacama;Chañaral;;;;NO APLICA;;ERNC;Solar;69,018;63,3;Si;;NO APLICA;ID 1525 BA S/E CENTRAL JAVIERA 110KV BP1;;;;;;;;;;;;;378062,52;7090296,63;19 J;Solar Fotovoltaica;4;10/08/2026
SEN;SING;FOTOVOLTAICA NORTE GRANDE 1 SPA;;;PFV LA CRUZ SOLAR;En Operacion;07/04/2022;2022;Región de Antofagasta;María Elena;;;;NO APLICA;;ERNC;Solar;52,8137;52,0201;Si;;NO APLICA;ID1965-TAP OFF LA CRUZ;;;;;;;;;;;;;436901;7538315;19K;Solar Fotovoltaica;3;10/08/2026
SEN;SING;ENLIGHT INVESTMENTS SPA;;76.271.234-2;PFV LA HUAYCA II;En Operacion;04/06/2018;2018;Región de Tarapacá;Pozo Almonte;;;;3;;ERNC;Solar;26,732;25,05;Si;;NO APLICA;S/E LA HUAYCA II 66KV;;;;;;;;;;;;;444294,84;7738386,01;19 K;Solar Fotovoltaica;2;10/08/2026
SEN;SIC;AUSTRIANSOLAR CHILE SEIS SPA;;;PFV LA HUELLA;En Operacion;23/07/2021;2021;Región de Coquimbo;La Higuera;;;;No aplica;;ERNC;Solar;85,205;84;Si;;No aplica;ID2261 - S/E CENTRAL LA HUELLA;;;;;;;;;;;;;315563,97;6774850,84;19J;Solar Fotovoltaica;5;10/08/2026
SEN;SIC;ENEL GREEN POWER CHILE S.A.;;76.412.562-2;PFV LA SILLA;En Operacion;12/08/2016;2016;Región de Coquimbo;La Higuera;;;;3;;ERNC;Solar;1,53;1,53;Si;PMG;NO APLICA;S/E PAJONALES 23KV;;;;;;;;;;;;;330495,11;6767337,39;19J;Solar Fotovoltaica;5;10/08/2026
SEN;SIC;ENEL GREEN POWER CHILE S.A.;;76.412.562-2;PFV LALACKAMA;En Operacion;02/06/2015;2015;Región de Antofagasta;Taltal;;;;NO APLICA;;ERNC;Solar;55;54,835;Si;;NO APLICA;TAP TALTAL 220KV;;;;;;;;;;;;;368543,41;7221044,58;19J;Solar Fotovoltaica;3;10/08/2026
SEN;SIC;ENEL GREEN POWER CHILE S.A.;;76.412.562-2;PFV LALACKAMA II;En Operacion;31/08/2015;2015;Región de Antofagasta;Taltal;;;;NO APLICA;;ERNC;Solar;16,5;16,4505;Si;;NO APLICA;TAP TALTAL 220KV;;;;;;;;;;;;;367908,82;7222262,22;19J;Solar Fotovoltaica;3;10/08/2026
SEN;SING;ENEL GREEN POWER CHILE S.A.;;;PFV LAS SALINAS;En Operacion;12/02/2024;2024;Región de Antofagasta;Sierra Gorda;;;;No aplica;;ERNC;Solar;202,7273;198,1912;Si;;No aplica;BA: ID3680 - BA S/E LAS SALINAS 220KV BP1;;;;;;;;;;;;;5032648;74712184;19J;Solar Fotovoltaica;3;10/08/2026
SEN;SIC;PARQUE SOLAR LEYDA SPA;;;PFV LEYDA;En Operacion;28/08/2025;2025;Región de Valparaíso;San Antonio;;;;1;;ERNC;Solar;80;80;Si;;no aplica;ID4017-BA S/E SANTO DOMINGO 110 KV BP1;;;;;;;;;;;;;270177,93;6277725,19;19H;Solar Fotovoltaica;6;10/08/2026
SEN;SIC;AMANECER SOLAR SPA;;76.273.559-8;PFV LLANO DE LLAMPOS;En Operacion;30/04/2014;2014;Región de Atacama;Copiapó;;;;310308;;ERNC;Solar;101,02;101,02;Si;;NO APLICA;S/E LLANO DE LLAMPOS 220KV;;;;;;;;;;;;;383921;7000014,012;19J;Solar Fotovoltaica;4;10/08/2026
SEN;SIC;SOLAR LOS LOROS SPA;;76.247.976-1;PFV LOS LOROS;En Operacion;17/08/2016;2016;Región de Atacama;Tierra Amarilla;;;;NO APLICA;;ERNC;Solar;46;45,8467;Si;;NO APLICA;ID 1599 BA S/E PARQUE SOLAR LOS LOROS 23KV BP1 / ID 1600 BA S/E PARQUE SOLAR LOS LOROS 23KV BP2;;;;;;;;;;;;;384525,93;6918072,68;19 J;Solar Fotovoltaica;4;10/08/2026
SEN;SIC;EMPRESA ELÉCTRICA CIPRÉS SPA;;;PFV LOS NARANJOS;En Operacion;16/06/2026;2026;Región de Ñuble;Yungay;;;;NO APLICA;;ERNC;Solar;8,7395;8,4431;Si;PMG;NO APLICA;ID4281-BA S/E LOS NARANJOS 66KV BP1;;;;;;;;;;;;;260144,038;5888816,03;19H;Solar Fotovoltaica;11;10/08/2026
SEN;SIC;DON ARTURO SPA;;;PFV LUCAS SOLAR;En Operacion;08/04/2024;2024;Región de Coquimbo;Coquimbo;;;;No aplica;;ERNC;Solar;9,1165;9;Si;PMG;No aplica;ID3198 - BA S/E C.R. LLANOS BLANCOS 23KV B1;;;;;;;;;;;;;285621;6662754;19J;Solar Fotovoltaica;5;10/08/2026
SEN;SIC;PARQUE SOLAR FOTOVOLTAICO LUZ DEL NORTE SPA;;76.319.477-9;PFV LUZ DEL NORTE;En Operacion;24/02/2016;2016;Región de Atacama;Copiapó;;;;172;;ERNC;Solar;141,04;141,04;Si;;NO APLICA;S/E CENTRAL LUZ DEL NORTE;;;;;;;;;;;;;411211,26;7010246,56;19J;Solar Fotovoltaica;4;10/08/2026
SEN;SIC;COLBÚN S.A.;;;PFV MACHICURA;En Operacion;20/12/2022;2022;Región del Maule;Colbún;;;;1;;ERNC;Solar;9,225;9;Si;PMG;NO APLICA;ID 247 Tap PFV Machicura;;;;;;;;;;;;;282914;6043363;19 Sur;Solar Fotovoltaica;9;10/08/2026
SEN;SIC;ACCIONA ENERGÍA CHILE HOLDINGS S.A.;;;PFV MALGARIDA;En Operacion;19/06/2021;2021;Región de Atacama;Diego de Almagro;;;;1;;ERNC;Solar;204,32;200,68;Si;;NO APLICA;ID2284-S/E MALGARIDA;;;;;;;;;;;;;404140,03;7094120,03;19J;Solar Fotovoltaica;4;10/08/2026
SEN;SIC;ENEL GREEN POWER CHILE S.A.;;;PFV MANZANO;En Operacion;04/01/2024;2024;Región Metropolitana de Santiago;Tiltil;;;;491;;ERNC;Solar;94,93;91,74;Si;;NO APLICA;ID730 BA S/E EL MANZANO (ENEL TRANSMISION) 220KV BP1-1;;;;;;;;;;;;;332907;6336569;19H;Solar Fotovoltaica;7;10/08/2026
SEN;SING;GENERACIÓN SOLAR SPA;;76.183.075-9;PFV MARIA ELENA;En Operacion;21/01/2015;2015;Región de Antofagasta;María Elena;;;;2;;ERNC;Solar;68;67,8;Si;;NO APLICA;S/E MARÍA ELENA 220KV;;;;;;;;;;;;;440541;7542544,22;19K;Solar Fotovoltaica;3;10/08/2026
SEN;SIC;TERCERA REGIÓN SOLAR SPA;;;PFV MESETA DE LOS ANDES;En Operacion;07/12/2023;2023;Región de Valparaíso;Los Andes;;;;22;;ERNC;Solar;152,46;148,8953;Si;;No Aplica;ID2358 - S/E MESETA DE LOS ANDES;;;;;;;;;;;;;367920;6362752;19H;Solar Fotovoltaica;6;10/08/2026
SEN;SING;PARQUE FOTOVOLTAICO NUEVO QUILLAGUA SPA;;;PFV NUEVO QUILLAGUA;En Operacion;21/04/2021;2021;Región de Antofagasta;María Elena;;;;NO APLICA;;ERNC;Solar;96,52;95,052;Si;;NO APLICA;PAÑO J1 S/E TAP OFF QUILLAGUA 220KV;;;;;;;;;;;;;448876,65;7604872;19K;Solar Fotovoltaica;3;10/08/2026
SEN;SING;PARQUE FOTOVOLTAICO NUEVO QUILLAGUA SPA;;;PFV NUEVO QUILLAGUA II;En Operacion;26/08/2025;2025;Región de Antofagasta;María Elena;;;;1;;ERNC;Solar;117,975;108,9602;Si;;NO APLICA;ID 4630 BA S/E PEQ 220kV;;;;;;;;;;;;;448679;7604222;19K;Solar Fotovoltaica;3;10/08/2026
SEN;SING;ENGIE ENERGÍA CHILE S.A.;;88.006.900-4;PFV PAMPA CAMARONES;En Operacion;09/09/2016;2016;Región de Arica y Parinacota;Camarones;;;;1;;ERNC;Solar;6,24;6,153;Si;PMG;NO APLICA;TAP OFF VITOR N°2 110KV;;;;;;;;;;;;;387619,06;7548485,43;19K;Solar Fotovoltaica;1;10/08/2026
SEN;SIC;ARCADIA GENERACIÓN SOLAR S.A.;;76.412.562-2;PFV PAMPA SOLAR NORTE;En Operacion;19/10/2016;2016;Región de Antofagasta;Taltal;;;;1;;ERNC;Solar;69,39;65,8652;Si;;NO APLICA;S/E CACHIYUYAL 220KV;;;;;;;;;;;;;381763,03;7175267,7;19J;Solar Fotovoltaica;3;10/08/2026
SEN;SING;AR PAMPA SPA;;;PFV PAMPA TIGRE;En Operacion;01/09/2022;2022;Región de Antofagasta;Antofagasta;;;;No aplica;;ERNC;Solar;103,65;101,892;Si;;No aplica;ID2318-S/E PAMPA TIGRE 220KV;;;;;;;;;;;;;417151;7361529;19K;Solar Fotovoltaica;3;10/08/2026
SEN;SIC;PATAGUILLA SOLAR SPA;;;PFV PATAGUILLA;En Operacion;05/02/2025;2025;Región Metropolitana de Santiago;Curacaví;;;;1;;ERNC;Solar;9,2539;9,0883;Si;PMG;No aplica;ID430-TAP PATAQUILLA;;;;;;;;;;;;;318861,6;6287533,3;19H;Solar Fotovoltaica;7;10/08/2026
SEN;SIC;EMPRESA ELÉCTRICA PEUMO;;;PFV PEUMO YUNGAY;En Operacion;05/06/2026;2026;Región de Ñuble;Yungay;;;;1;;ERNC;Solar;8,7973;8,4944;Si;PMG;NO APLICA;ID4280-BA S/E PEUMO YUNGAY 66KV BP1;;;;;;;;;;;;;261886,76;5887507,07;19H;Solar Fotovoltaica;11;10/08/2026
SEN;SIC;RTS ENERGÍA S.A.;;;PFV PILAR LOS AMARILLOS;En Operacion;20/12/2021;2021;Región de Atacama;Diego de Almagro;;;;no aplica;;ERNC;Solar;3;3;Si;PMG;NO APLICA;S/E EL SALVADOR 23KV;;;;;;;;;;;;;425249,7;7089067,48;19J;Solar Fotovoltaica;4;10/08/2026
SEN;SIC;CENTRAL CARDONES S.A.;;76.550.580-1;PFV PILOTO SOLAR CARDONES;En Operacion;21/02/2017;2017;Región de Atacama;Copiapó;;;;1;;ERNC;Solar;0,4;0,3881;Si;PMG;NO APLICA;S/E CARDONES PAÑO 52J7;;;;;;;;;;;;;363175;6958793,012;19J;Solar Fotovoltaica;4;10/08/2026
SEN;SIC;GENERADORA NORTH WEST SPA;;;PFV PMG NORTH WEST;En Operacion;19/02/2024;2024;Región de Atacama;Vallenar;;;;No aplica;;ERNC;Solar;9,0923;9;Si;PMG;No aplica;ID3029 - BA S/E CENTRAL PAJONALES 23KV BP1;;;;;;;;;;;;;313334;6776762;19J;Solar Fotovoltaica;4;10/08/2026
SEN;SIC;PARQUE SOLAR VIVEROS SPA;;;PFV PMG PARQUE CAUQUENES;En Operacion;25/04/2025;2025;Región del Maule;Cauquenes;;;;23940;;ERNC;Solar;8,7591;8,4793;Si;PMG;No aplica;ID3180 - BA S/E CAUQUENES 15KV BP2;;;;;;;;;;;;;745402,82;6017081,56;18H;Solar Fotovoltaica;9;10/08/2026
SEN;SING;POZO ALMONTE SOLAR 2 S.A.;;76.055.356-5;PFV POZO ALMONTE SOLAR II;En Operacion;29/03/2014;2014;Región de Tarapacá;Pozo Almonte;;;;4;;ERNC;Solar;7,516;7,496;Si;PMG;NO APLICA;CENTRAL SOLAR PAS2;;;;;;;;;;;;;421359,82;7757964,73;19K;Solar Fotovoltaica;2;10/08/2026
SEN;SING;POZO ALMONTE SOLAR 3 S.A.;;76.055.354-9;PFV POZO ALMONTE SOLAR III;En Operacion;07/06/2014;2014;Región de Tarapacá;Pozo Almonte;;;;10;;ERNC;Solar;16,038;15,998;Si;;NO APLICA;S/E POZO ALMONTE 110KV;;;;;;;;;;;;;422096,158;7760606,209;19K;Solar Fotovoltaica;2;10/08/2026
SEN;SING;CALAMA SOLAR 2 SPA;;76.044.602-5;PFV PUERTO SECO SOLAR;En Operacion;01/09/2017;2017;Región de Antofagasta;Calama;;;;1;;ERNC;Solar;8,999;8,959;Si;PMG;NO APLICA;BARRA N°4 - 23 KV S/E CALAMA;;;;;;;;;;;;;513545;7517259;19K;Solar Fotovoltaica;3;10/08/2026
SEN;SIC;CHUNGUNGO S.A.;;76.414.107-5;PFV QUILAPILUN;En Operacion;09/03/2017;2017;Región Metropolitana de Santiago;Colina;;;;1;;ERNC;Solar;113,905;112,385;Si;;NO APLICA;ID 1605 BA S/E QUILAPILUN 220KV BP1;;;;;;;;;;;;;345853;6336248;19 H;Solar Fotovoltaica;7;10/08/2026
SEN;SIC;PARQUE SOLAR QUILMO SPA;;;PFV QUILMO;En Operacion;15/02/2024;2024;Región de Ñuble;Chillán;;;;No aplica;;ERNC;Solar;9,1576;9;Si;PMG;NO APLICA;BA: ID3839 - BA S/E QUELVO 33KV BP1 ID3840 - BA S/E QUELVO 33KV BP2;;;;;;;;;;;;;756546;5933475;18H;Solar Fotovoltaica;11;10/08/2026
SEN;SIC;EMPRESA ELÉCTRICA RAULÍ SPA;;;PFV RAULI;En Operacion;09/06/2025;2025;Región de Ñuble;Yungay;;;;1;;ERNC;Solar;9;8,97;Si;PMG;NO APLICA;ID434-TAP RAULI;;;;;;;;;;;;;256462,91;5889168;19H;Solar Fotovoltaica;11;10/08/2026
SEN;SIC;AR ESCONDIDO SPA;;;PFV RIO ESCONDIDO;En Operacion;01/12/2021;2021;Región de Atacama;Tierra Amarilla;;;;No aplica;;ERNC;Solar;160,65;157,96;Si;;No aplica;S/E Cardones 220kV;;;;;;;;;;;;;381281,12;6915285,53;19J;Solar Fotovoltaica;4;10/08/2026
SEN;SIC;RUCASOL SPA;;;PFV RUCASOL;En Operacion;27/05/2025;2025;Región Metropolitana de Santiago;Tiltil;;;;47;;ERNC;Solar;10,105;9;Si;PMG;No Aplica;S/E RUCASOL;;;;;;;;;;;;;330575,1351;6351997,961;19H;Solar Fotovoltaica;7;10/08/2026
SEN;SIC;PV SALVADOR S.A.;;76.284.682-9;PFV SALVADOR;En Operacion;07/07/2015;2015;Región de Atacama;Diego de Almagro;;;;1;;ERNC;Solar;68;67,796;Si;;NO APLICA;S/E PV SALVADOR 110KV;;;;;;;;;;;;;413357;7089238,012;19J;Solar Fotovoltaica;4;10/08/2026
SEN;SIC;SAN ANDRÉS SPA;;76.273.569-5;PFV SAN ANDRES;En Operacion;30/04/2014;2014;Región de Atacama;Copiapó;;;;1;;ERNC;Solar;50,6;50,6;Si;;NO APLICA;S/E SECCIONADORA SAN ANDRÉS 220KV;;;;;;;;;;;;;389995;6984918,012;19J;Solar Fotovoltaica;4;10/08/2026
SEN;SING;GPG SOLAR CHILE 2017 SPA;;;PFV SAN PEDRO;En Operacion;18/02/2021;2021;Región de Antofagasta;Calama;;;;70;;ERNC;Solar;104,49;102,2;Si;;NO APLICA;ID2253 - S/E LASANA;;;;;;;;;;;;;523909;7506225;19J;Solar Fotovoltaica;3;10/08/2026
SEN;SING;TSGF SPA;;;PFV SANTA ISABEL;En Operacion;16/08/2021;2021;Región de Antofagasta;María Elena;;;;No aplica;;ERNC;Solar;170,19;165,79;Si;;No aplica;ID 3246 BA S/E ANA MARÍA 220KV BP1 / ID 3247 BA S/E ANA MARÍA 220KV BP2;;;;;;;;;;;;;438051,28;7563276,06;19K;Solar Fotovoltaica;3;10/08/2026
SEN;SIC;SANTIAGO SOLAR S.A.;;76.378.017-1;PFV SANTIAGO SOLAR;En Operacion;31/01/2018;2018;Región Metropolitana de Santiago;Tiltil;;;;47;;ERNC;Solar;92,73;90,83;Si;;NO APLICA;S/E CENTRAL SANTIAGO SOLAR 110KV;;;;;;;;;;;;;326509,9663;6338084,974;19H;Solar Fotovoltaica;7;10/08/2026
SEN;SIC;FLORIDA ENERGÍA SPA;;88.006.900-4;PFV SDGX01;En Operacion;08/08/2013;2013;Región de Coquimbo;Andacollo;;;;NO APLICA;;ERNC;Solar;1,28;1,25;Si;PMG;NO APLICA;ID 1381 BA S/E SDGX01 23KV BP1;;;;;;;;;;;;;298623,9999;6654191,015;19J;Solar Fotovoltaica;5;10/08/2026
SEN;SING;ENEL GREEN POWER CHILE S.A.;;;PFV SOL DE LILA;En Operacion;01/09/2022;2022;Región de Antofagasta;San Pedro de Atacama;;;;No aplica;;ERNC;Solar;152,28;149,23;Si;;NO APLICA;ID1814-S/E ANDES (AES GENER);;;;;;;;;;;;;542967,49;7342021,23;19J;Solar Fotovoltaica;3;10/08/2026
SEN;SIC;SOL DE LOS ANDES SPA;;;PFV SOL DE LOS ANDES;En Operacion;31/01/2022;2022;Región de Atacama;Diego de Almagro;;;;No Aplica;;ERNC;Solar;90,3456;89,7155;Si;;No Aplica;ID2298 - S/E SOL DE LOS ANDES;;;;;;;;;;;;;407897,1;7088667,96;19J;Solar Fotovoltaica;4;10/08/2026
SEN;SING;PARQUE SOLAR FOTOVOLTAICO SOL DEL DESIERTO SPA;;;PFV SOL DEL DESIERTO;En Operacion;28/01/2022;2022;Región de Antofagasta;María Elena;;;;No Aplica;;ERNC;Solar;230,48;225,51;Si;;No aplica;ID 3370 – BA S/E SOL DEL DESIERTO 220KV BP1;;;;;;;;;;;;;441252,8843;7546766,461;19K;Solar Fotovoltaica;3;10/08/2026
SEN;SING;FOTOVOLTAICA SOL DEL NORTE SPA;;;PFV SOL DEL NORTE;En Operacion;02/05/2022;2022;Región de Antofagasta;Antofagasta;;;;1;;ERNC;Solar;7,88;7,42;Si;PMG;NO APLICA;ID 263 ANDES 345/220/23 kV N°1;;;;;;;;;;;;;541029,48;7343974;19J;Solar Fotovoltaica;3;10/08/2026
SEN;SING;PLANTA SOLAR TOCOPILLA SPA;;;PFV TAIRA;En Operacion;15/01/2024;2024;Región de Antofagasta;María Elena;;;;1;;ERNC;Solar;203,3635;200,3316;Sí;;NO APLICA;ID1901-S/E MARIA ELENA;;;;;;;;;;;;;443414,85;7537990,54;19K;Solar Fotovoltaica;3;10/08/2026
SEN;SIC;GR LIUN SPA;;;PFV TAMANGO;En Operacion;14/08/2024;2024;Región del Maule;Retiro;;;;28 Inversores (1637kW);;ERNC;Solar;45,836;45,836;Si;;N/A;ID 4312 BA S/E Paso Hondo 66kV BP1;;;;;;;;;;;;;236116,9;6009510,1;19H;Solar Fotovoltaica;9;10/08/2026
SEN;SIC;TAMARICO SOLAR DOS SPA;;;PFV TAMARICO;En Operacion;15/01/2025;2025;Región de Atacama;Vallenar;;;;38;;ERNC;Solar;155,87;152,3;Sí;;No Aplica;ID 3983 – BA S/E VERBENAS 220kV BP2;;;;;;;;;;;;;326678,65;6852228,65;19J;Solar Fotovoltaica;4;10/08/2026
SEN;SING;ENGIE ENERGÍA CHILE S.A.;;;PFV TAMAYA SOLAR;En Operacion;14/01/2022;2022;Región de Antofagasta;Tocopilla;;;;1;;ERNC;Solar;115,03;112,89;Si;;NO APLICA;ID 1956 BA S/E CENTRAL DIESEL TAMAYA 110KV - BP;;;;;;;;;;;;;387378,44;7548085,85;19K;Solar Fotovoltaica;3;10/08/2026
SEN;SIC;ENLASA GENERACIÓN CHILE S.A.;;;PFV TENO SOLAR;En Operacion;18/01/2023;2023;Región del Maule;Teno;;;;1;;ERNC;Solar;7,12;6,95;Si;PMG;No aplica;ID266 S/E AGUAS NEGRAS 14.4kV;;;;;;;;;;;;;303792,65;6139573,14;19H;Solar Fotovoltaica;9;10/08/2026
SEN;SIC;PARQUE SOLAR TANGUA SPA;;;PFV TUTUVEN;En Operacion;08/09/2025;2025;Región del Maule;Cauquenes;;;;NO APLICA;;ERNC;Solar;8,9565;8,84;Si;;No Aplica;BA: ID4070-BA S/E CAUQUENES 13.8 kV BP1-S1;;;;;;;;;;;;;745668;6016931;19H;Solar Fotovoltaica;9;10/08/2026
SEN;SING;FOTOVOLTAICA NORTE GRANDE 5 SPA;;76.213.045-9;PFV URIBE SOLAR;En Operacion;30/03/2017;2017;Región de Antofagasta;Antofagasta;;;;24;;ERNC;Solar;52,8;52,75;Si;;NO APLICA;ID23189 S/E URIBE H3;;;;;;;;;;;;;375850,93;7393752,19;19K;Solar Fotovoltaica;3;10/08/2026
SEN;SING;ACCIONA ENERGÍA CHILE HOLDINGS S.A.;;76.437.712-5;PFV USYA;En Operacion;07/12/2020;2020;Región de Antofagasta;Calama;;;;NO APLICA;;ERNC;Solar;55,925;55;Si;;No Aplica;ID3254-BA S/E CHIU CHIU;;;;;;;;;;;;;515648;7513653;19K;Solar Fotovoltaica;3;10/08/2026
SEN;SING;ENEL GREEN POWER CHILE S.A.;;;PFV VALLE DEL SOL;En Operacion;17/04/2023;2023;Región de Antofagasta;María Elena;;;;No aplica;;ERNC;Solar;153,2356;149,55;Si;;NO APLICA;S/E Miraje 220 kV;;;;;;;;;;;;;440392,61;7530131,18;19K;Solar Fotovoltaica;3;10/08/2026
SEN;SIC;AR VALLE ESCONDIDO SPA;;;PFV VALLE ESCONDIDO;En Operacion;21/09/2022;2022;Región de Atacama;Tierra Amarilla;;;;No aplica;;ERNC;Solar;107,66;106,23;Si;;No aplica;S/E Cardones 220kV;;;;;;;;;;;;;375123;6923024;19J;Solar Fotovoltaica;4;10/08/2026
SEN;SIC;VENEZIA SOLAR SPA;;;PFV VENEZIA SOLAR;En Operacion;12/06/2025;2025;Región del Maule;Teno;;;;45;;ERNC;Solar;9,09;9;Si;PMG;CGE Distribución;ID 470  S/ETENO;;;;;;;;;;;;;303034,8874;6139111,712;19H;Solar Fotovoltaica;9;10/08/2026
SEN;SING;GR CHAÑAR SPA;;;PFV VICTOR JARA;En Operacion;23/03/2026;2026;Región de Tarapacá;Pozo Almonte;;;;31;;ERNC;Solar;188,9508;179,8516;Si;;No aplica;ID 4694 - BA S/E VICTOR JARA 220KV BP1;;;;;;;;;;;;;433913;7758223,17;19K;Solar Fotovoltaica;2;10/08/2026
SEN;SIC;PARQUE SOLAR VILLA LONGAVÍ SPA;;;PFV VILLA LONGAVI;En Operacion;02/07/2025;2025;Región del Maule;Longaví;;;;No Aplica;;ERNC;Solar;9,0213;9,0109;Si;PMG;No Aplica;CD: ID439 - TAP LONGAVI;;;;;;;;;;;;;256832,16;6016869,57;19H;Solar Fotovoltaica;9;10/08/2026
SEN;SING;INVERSIONES FOTOVOLTAICAS SPA;;;PFV WILLKA;En Operacion;06/02/2024;2024;Región de Arica y Parinacota;Arica;;;;No Aplica;;ERNC;Solar;98,9702;97,9998;Si;;No Aplica;ID2324-S/E WILLKA;;;;;;;;;;;;;382891,46;7954123,05;19K;Solar Fotovoltaica;1;10/08/2026
SEN;SIC;GPG GENERACIÓN DISTRIBUIDA SPA;;;PMG PFV SOLAR PALERMO;En Operacion;29/01/2025;2025;Región Metropolitana de Santiago;San Pedro;;;;3;;ERNC;Solar;9;8,98;Sí;PMG;No Aplica;BA: ID575 - BA S/E EL PEUMO 66KV B2;;;;;;;;;;;;;278309,81;6235577,05;19H;Solar Fotovoltaica;7;10/08/2026
SEN;SIC;HIDROELECTRICA ALLIPÉN S.A.;;76.071.891-2;PMGD HP ALLIPEN;En Operacion;03/05/2012;2012;Región de La Araucanía;Cunco;;;;2;;ERNC;Mini Hidráulica Pasada;2,674;2,5961;Si;PMGD;SAESA;S/E PITRUFQUEN 13 KV;;;;;;;;;;;;;740493,0423;5679692,972;18H;Mini Hidráulica de Pasada;12;10/08/2026
SEN;SING;ENERNUEVAS S.A.;;76.045.491-5;PMGD HP ALTO HOSPICIO;En Operacion;26/11/2010;2010;Región de Tarapacá;Alto Hospicio;;;;1;;ERNC;Mini Hidráulica Pasada;1,1;1,1;Si;PMGD;CGE;ID 10870 BA S/E ALTO HOSPICIO 13.8KV;;;;;;;;;;;;;384111,5308;7760406,883;19K;Mini Hidráulica de Pasada;2;10/08/2026
SEN;SIC;HIDROELÉCTRICA ARRAYÁN SPA;;76.013.193-8;PMGD HP ARRAYAN;En Operacion;20/12/2017;2017;Región Metropolitana de Santiago;Lo Barnechea;;;;1;;ERNC;Hidráulica Pasada;1,2;1,2;;PMGD;ENEL DISTRIBUCIÓN;ID 828 BA S/E LOS DOMINICOS 12KV BP3;;;;;;;;;;;;;367298,75;6306767,31;19H;Mini Hidráulica de Pasada;7;10/08/2026
SEN;SIC;CARBOMET ENERGÍA S.A.;;91.066.000-4;PMGD HP AUXILIAR DEL MAIPO;En Operacion;31/07/1962;1962;Región Metropolitana de Santiago;San Bernardo;;;;3;;ERNC;Mini Hidráulica Pasada;5,12;5,1;Si;PMGD;CGE;Alimentador El Mariscal /  S/ELa Pintana;;;;;;;;;;;;;348549,9765;6276264,962;19H;Mini Hidráulica de Pasada;7;10/08/2026
SEN;SIC;ELÉCTRICA SAN MIGUEL SPA;;76.217.501-0;PMGD HP BOQUIAMARGO;En Operacion;19/05/2014;2014;Región del Biobío;Alto Biobío;;;;1;;ERNC;Mini Hidráulica Pasada;1,1;1,0896;Si;PMGD;COELCHA;ALIMENTADOR 23KV QUEUCO;;;;;;;;;;;;;270019,29;5805508,8;19H;Mini Hidráulica de Pasada;10;10/08/2026
SEN;SIC;PMGD BIO BIO NEGRETE S.A.;;76.219.874-6;PMGD HP BUREO;En Operacion;13/07/2015;2015;Región del Biobío;Mulchén;;;;1;;ERNC;Mini Hidráulica Pasada;2,2;2,156;Si;PMGD;FRONTEL;FRONTEL;;;;;;;;;;;;;722553,87;5836275,78;18H;Mini Hidráulica de Pasada;10;10/08/2026
SEN;SIC;SOCER S.A.;;76.475.862-5;PMGD HP CALIBORO;En Operacion;12/07/2017;2017;Región del Biobío;Quilleco;;;;1;;ERNC;Mini Hidráulica Pasada;1,4;1,4;Si;PMGD;COOPELAN;ID 227 BA S/E EL AVELLANO 23KV;;;;;;;;;;;;;761626,23;5866259,87;18H;Mini Hidráulica de Pasada;10;10/08/2026
SEN;SING;ENERNUEVAS S.A.;;96.666.150-K;PMGD HP CAVANCHA;En Operacion;04/11/2010;2010;Región de Tarapacá;Iquique;;;;1;;ERNC;Mini Hidráulica Pasada;2,602;2,592;Si;PMGD;CGE;CERRO DRAGÓN 13,8 KV;;;;;;;;;;;;;382248,4034;7761882,922;19K;Mini Hidráulica de Pasada;2;10/08/2026
SEN;SIC;CENTRAL EL ATAJO SPA;;77.032.394-0;PMGD HP CENTRAL EL ATAJO;En Operacion;13/11/2020;2020;Región del Biobío;Mulchén;;;;1;;ERNC;Mini Hidráulica Pasada;1,3;1,2;Si;PMGD;Frontel;Barra 23 KV alimentador picoltue mulchen;;;;;;;;;;;;;745139;5829917;18H;Mini Hidráulica de Pasada;10;10/08/2026
SEN;SIC;GANADERA Y FORESTAL CARRAN LIMITADA;;87.886.600-2;PMGD HP CENTRAL HIDROELECTRICA CHILCO;En Operacion;27/11/2020;2020;Región de Los Ríos;Lago Ranco;;;;1;;ERNC;Mini Hidráulica Pasada;0,201;0,2;Si;PMGD;SAESA;SE PICHIRROPULLI;;;;;;;;;;;;;753739;5527206;18G;Mini Hidráulica de Pasada;13;10/08/2026
SEN;SIC;LÁGRIMAS DEL SUR SPA;;76.153.128-K;PMGD HP CHANLEUFU II;En Operacion;19/05/2016;2016;Región de Los Lagos;Puyehue;;;;1;;ERNC;Mini Hidráulica Pasada;3,437;3,4;Si;PMGD;LUZ OSORNO;SE AIHUAPI 23KV;;;;;;;;;;;;;724902;5489475;18G;Mini Hidráulica de Pasada;14;10/08/2026
SEN;SIC;ENERGÍA COLLIL S.A.;;76.246.882-4;PMGD HP COLLIL;En Operacion;11/11/2014;2014;Región de Los Lagos;Chonchi;;;;2;;ERNC;Mini Hidráulica Pasada;7;6,997;Si;PMGD;FRONTEL;ALIMENTADOR CHONCHI CENTRO 23KV;;;;;;;;;;;;;585467,9725;5283321,975;18G;Mini Hidráulica de Pasada;14;10/08/2026
SEN;SIC;EMPRESA ELÉCTRICA CONTRA SPA;;76.197.204-9;PMGD HP CONTRA;En Operacion;28/06/2013;2013;Región de Los Ríos;Río Bueno;;;;1;;ERNC;Mini Hidráulica Pasada;0,33;0,328;Si;PMGD;COOPREL;ALIMENTADOR N°1 SUR (COOPREL);;;;;;;;;;;;;679788,0001;5528217,015;18G;Mini Hidráulica de Pasada;13;10/08/2026
SEN;SING;ENGIE ENERGÍA CHILE S.A.;;88.006.900-4;PMGD HP COSAPILLA;En Operacion;26/03/2020;2020;Región de Arica y Parinacota;Putre;;;;1;;ERNC;Mini Hidráulica Pasada;0,5;0,5;Si;PMGD;COOPERSOL LTDA;ID 1928 BA S/E CENTRAL CHAPIQUIÑA 23KV;;;;;;;;;;;;;440993,27;7968165,71;19 K;Mini Hidráulica de Pasada;1;10/08/2026
SEN;SIC;HIDROELÉCTRICA CUMPEO S.A.;;76.414.591-7;PMGD HP CUMPEO;En Operacion;26/10/2016;2016;Región del Maule;Molina;;;;1;;ERNC;Mini Hidráulica Pasada;5,76;5,75;Si;PMGD;CGE;S/E MOLINA 13.2 KV;;;;;;;;;;;;;303383,42;6097565,3;19H;Mini Hidráulica de Pasada;9;10/08/2026
SEN;SIC;SOCIEDAD AGRÍCOLA Y GANADERA CURILEUFU LTDA.;;84.100.300-4;PMGD HP CURILEUFU;En Operacion;31/07/2015;2015;Región de Los Ríos;Río Bueno;;;;2;;ERNC;Mini Hidráulica Pasada;0,221;0,2197;Si;PMGD;COOPREL;ALIMENTADOR N°1 LA UNION;;;;;;;;;;;;;708801,9754;5525887,973;18G;Mini Hidráulica de Pasada;13;10/08/2026
SEN;SIC;ENERGIAS PUDIDI SPA;;;PMGD HP DON TITO;En Operacion;19/05/2025;2025;Región de Los Lagos;Dalcahue;;;;1;;ERNC;Mini Hidráulica Pasada;3,08213;3;Si;PMG;SAESA;ALIMENTADOR PIRUQUINA INDUSTRIAL;;;;;;;;;;;;;597849;5314667;18G;Mini Hidráulica de Pasada;14;10/08/2026
SEN;SIC;GENERADORA ELÉCTRICA RHOM LTDA;;77.412.850-6;PMGD HP DON WALTERIO;En Operacion;25/04/2013;2013;Región de Los Ríos;Río Bueno;;;;1;;ERNC;Mini Hidráulica Pasada;2,95;2,9456;Si;PMGD;COOPREL;ALIMENTADOR PILMAIQUEN RUCATAYO;;;;;;;;;;;;;710322,9633;5507479,027;18G;Mini Hidráulica de Pasada;13;10/08/2026
SEN;SIC;DONGO ENERGÍA SPA;;76.015.738-4;PMGD HP DONGO;En Operacion;14/12/2010;2010;Región de Los Lagos;Chonchi;;;;2;;ERNC;Mini Hidráulica Pasada;6;5,9976;Si;PMGD;SAESA;S/E CENTRAL EL DONGO;;;;;;;;;;;;;590769,0374;5286572,981;18G;Mini Hidráulica de Pasada;14;10/08/2026
SEN;SIC;DONGUIL ENERGÍA S.A.;;76.086.581-8;PMGD HP DONGUIL;En Operacion;28/05/2011;2011;Región de La Araucanía;Gorbea;;;;1;;ERNC;Mini Hidráulica Pasada;0,25;0,2494;Si;PMGD;FRONTEL;S/E PITRUFQUEN;;;;;;;;;;;;;701027,41;5667289,46;18H;Mini Hidráulica de Pasada;12;10/08/2026
SEN;SIC;DOSAL HNOS Y CIA LTDA;;84.992.400-1;PMGD HP DOSAL;En Operacion;17/06/2015;2015;Región del Maule;San Clemente;;;;1;;ERNC;Mini Hidráulica Pasada;0,27;0,2696;Si;PMGD;CGE;S/E CURICO 13.2 KV;;;;;;;;;;;;;336570;6038143;19H;Mini Hidráulica de Pasada;9;10/08/2026
SEN;SIC;GANADERA Y FORESTAL CARRAN LIMITADA;;87.886.600-2;PMGD HP DOÑA HILDA;En Operacion;20/11/2010;2010;Región de Los Ríos;Lago Ranco;;;;1;;ERNC;Mini Hidráulica Pasada;0,42;0,419;Si;PMGD;SAESA;S/E PICHIRROPULLI 23KV;;;;;;;;;;;;;754324,03;5530982,14;18G;Mini Hidráulica de Pasada;13;10/08/2026
SEN;SIC;EL AGRIO HIDRO SPA;;76.364.112-0;PMGD HP EL AGRIO;En Operacion;18/07/2016;2016;Región de La Araucanía;Curacautín;;;;1;;ERNC;Mini Hidráulica Pasada;2,51;2,4974;Si;PMGD;FRONTEL;S/E LONQUIMAY 23KV;;;;;;;;;;;;;280352,9996;5734129,017;19H;Mini Hidráulica de Pasada;12;10/08/2026
SEN;SIC;ENERGÍAS RENOVABLES EL ARRAYAN LTDA;;76.840.310-4;PMGD HP EL ARRAYAN;En Operacion;22/05/2013;2013;Región de Los Ríos;Río Bueno;;;;1;;ERNC;Mini Hidráulica Pasada;0,15;0,1491;Si;PMGD;SAESA;ID 48 BA S/E CENTRAL PILMAIQUEN 13.2KV;;;;;;;;;;;;;714520,0131;5502762,044;18G;Mini Hidráulica de Pasada;13;10/08/2026
SEN;SIC;HIDRO MUNILQUE SPA;;76.411.212-1;PMGD HP EL BRINCO;En Operacion;12/05/2022;2022;Región del Biobío;Mulchén;;;;1;;ERNC;Mini Hidráulica Pasada;0,25;0,19;Si;PMGD;FRONTEL;ID 1405 BA S/E PICOLTUE 23KV B. PRINCIPAL;;;;;;;;;;;;;750587;5825802;18H;Mini Hidráulica de Pasada;10;10/08/2026
SEN;SIC;HIDROELÉCTRICA EL CANELO S.A.;;76.136.655-6;PMGD HP EL CANELO;En Operacion;07/05/2012;2012;Región de La Araucanía;Melipeuco;;;;2;;ERNC;Mini Hidráulica Pasada;6,04;6,04;Si;PMGD;FRONTEL;S/E LICANCO;;;;;;;;;;;;;260693,9805;5697410,039;19H;Mini Hidráulica de Pasada;12;10/08/2026
SEN;SIC;DESARROLLO DE ENERGÍA SPA;;76.028.873-K;PMGD HP EL COLORADO;En Operacion;29/08/2016;2016;Región de Los Lagos;Puerto Montt;;;;1;;ERNC;Mini Hidráulica Pasada;2;1,99;Si;PMGD;FRONTEL;S/E PUERTO MONTT;;;;;;;;;;;;;699793,26;5413585,76;18G;Mini Hidráulica de Pasada;14;10/08/2026
SEN;SIC;MINICENTRAL HIDROELÉCTRICA EL DIUTO S.A.;;76.074.053-5;PMGD HP EL DIUTO;En Operacion;20/04/2011;2011;Región del Biobío;Los Ángeles;;;;1;;ERNC;Mini Hidráulica Pasada;3,3;3,2918;Si;PMGD;COOPELAN;MANZANAR 23 KV;;;;;;;;;;;;;758238,007;5854215,001;18H;Mini Hidráulica de Pasada;10;10/08/2026
SEN;SIC;ENERBOSCH S.A.;;76.028.873-K;PMGD HP EL GALPON;En Operacion;28/06/2016;2016;Región del Maule;Río Claro;;;;1;;ERNC;Mini Hidráulica Pasada;1,3;1,2858;Si;PMGD;CGE;S/E MOLINA 66 KV;;;;;;;;;;;;;298406,0166;6098385,071;19H;Mini Hidráulica de Pasada;9;10/08/2026
SEN;SIC;ELÉCTRICA PUNTILLA S.A.;;96.817.230-1;PMGD HP EL LLANO;En Operacion;23/12/2013;2013;Región Metropolitana de Santiago;Pirque;;;;1;;ERNC;Mini Hidráulica Pasada;1,919;1,9079;Si;PMGD;CGE;ALIMENTADOR CERRO LA BALLENA;;;;;;;;;;;;;357550,92;6278708,85;19H;Mini Hidráulica de Pasada;7;10/08/2026
SEN;SIC;HIDROELÉCTRICA EL MANZANO S.A.;;76.803.940-2;PMGD HP EL MANZANO (MELIPEUCO);En Operacion;31/07/2008;2008;Región de La Araucanía;Melipeuco;;;;1;;ERNC;Mini Hidráulica Pasada;4,85;4,85;Si;PMGD;FRONTEL;S/E LICANCO;;;;;;;;;;;;;255838,8947;5697556,918;19H;Mini Hidráulica de Pasada;12;10/08/2026
SEN;SIC;EL MIRADOR SPA;;76.266.491-7;PMGD HP EL MIRADOR;En Operacion;02/11/2015;2015;Región del Biobío;Alto Biobío;;;;1;;ERNC;Mini Hidráulica Pasada;3;2,9996;Si;PMGD;FRONTEL;S/E FAENAS PANGUE 13.2KV;;;;;;;;;;;;;270541,69;5802534,77;19H;Mini Hidráulica de Pasada;10;10/08/2026
SEN;SIC;CENTRAL EL PORTAL SPA;;;PMGD HP EL PORTAL;En Operacion;05/03/2024;2024;Región del Biobío;Mulchén;;;;1;;ERNC;Mini Hidráulica Pasada;1,1;1,1;Si;PMGD;FRONTEL;Alimentador Picoltue / S/E Mulchen;;;;;;;;;;;;;754864,37;5823644,65;18H;Mini Hidráulica de Pasada;10;10/08/2026
SEN;SIC;WENKE Y CIA LTDA;;78.399.890-4;PMGD HP EL TARTARO;En Operacion;01/09/2010;2010;Región de Valparaíso;Putaendo;;;;1;;ERNC;Mini Hidráulica Pasada;0,104;0,1037;Si;PMGD;CHILQUINTA;ALIMENTADOR PUTAENDO 12 KV;;;;;;;;;;;;;341219,58;6395979,93;19H;Mini Hidráulica de Pasada;6;10/08/2026
SEN;SING;ENERNUEVAS S.A.;;76.045.491-5;PMGD HP EL TORO Nº2;En Operacion;26/11/2010;2010;Región de Tarapacá;Alto Hospicio;;;;1;;ERNC;Mini Hidráulica Pasada;1,1;1,11;Si;PMGD;CGE;ID 10870 BA S/E ALTO HOSPICIO 13.8KV;;;;;;;;;;;;;390204,2429;7762889,427;19K;Mini Hidráulica de Pasada;2;10/08/2026
SEN;SIC;HIDROELÉCTRICA ENSENADA S.A.;;76.030.971-0;PMGD HP ENSENADA;En Operacion;23/05/2013;2013;Región de Los Lagos;Puerto Varas;;;;3;;ERNC;Mini Hidráulica Pasada;1,2;1,2;Si;PMGD;CRELL;ALIMENTADOR PUERTO ROSALES;;;;;;;;;;;;;705876,12;5428117,03;18G;Mini Hidráulica de Pasada;14;10/08/2026
SEN;SIC;ASOC. DE CANAL. SOCIEDAD DEL CANAL DE MAIPO;;76.081.590-K;PMGD HP EYZAGUIRRE;En Operacion;01/01/2003;2003;Región Metropolitana de Santiago;Puente Alto;;;;1;;ERNC;Mini Hidráulica Pasada;1,9;1,8715;Si;PMGD;CGE;ID 1064 BA S/E PUENTE ALTO 12KV BP1;;;;;;;;;;;;;359850,98;6280295,03;19H;Mini Hidráulica de Pasada;7;10/08/2026
SEN;SIC;ENERGÍA DE LA PATAGONIA Y AYSÉN SPA;;76.037.036-3;PMGD HP LA ARENA;En Operacion;11/11/2011;2011;Región de Los Lagos;Puerto Montt;;;;1;;ERNC;Mini Hidráulica Pasada;6,8;6,783;Si;PMGD;SAESA;ALIMENTADOR ANTIHUAL 23 KV;;;;;;;;;;;;;695968,975;5382933,983;18G;Mini Hidráulica de Pasada;14;10/08/2026
SEN;SIC;HIDRO MUNILQUE SPA;;76.411.212-1;PMGD HP LA BIFURCADA;En Operacion;09/09/2017;2017;Región del Biobío;Mulchén;;;;1;;ERNC;Mini Hidráulica Pasada;0,226;0,226;Si;PMGD;FRONTEL;ID 1405 BA S/E PICOLTUE 23KV B. PRINCIPAL;;;;;;;;;;;;;753055,35;5824536,05;18H;Mini Hidráulica de Pasada;10;10/08/2026
SEN;SIC;EMPRESA ELÉCTRICA LA COMPAÑÍA SPA;;76.493.739-2;PMGD HP LA COMPAÑIA II;En Operacion;14/05/2020;2020;Región del Libertador Gral. Bernardo O’Higgins;Codegua;;;;1;;ERNC;Mini Hidráulica Pasada;2,56;2,555;Si;PMGD;CGE;ID 1829 BA S/E MACHALI 15KV;;;;;;;;;;;;;348129,14;6220093;19H;Mini Hidráulica de Pasada;8;10/08/2026
SEN;SIC;HIDROELÉCTRICA PUMA S.A.;;76.157.465-5;PMGD HP LA MONTAÑA;En Operacion;16/11/2016;2016;Región del Maule;Teno;;;;1;;ERNC;Mini Hidráulica Pasada;3;2,975;Si;PMGD;CEC;S/E TENO 13.2 KV;;;;;;;;;;;;;334114,52;6132541,38;19H;Mini Hidráulica de Pasada;9;10/08/2026
SEN;SIC;HIDROELÉCTRICA RÍO CLARO S.A.;;76.208.775-8;PMGD HP LA MONTAÑA II;En Operacion;03/11/2017;2017;Región del Maule;Teno;;;;1;;ERNC;Mini Hidráulica Pasada;1,9;1,8842;Si;PMGD;CEC;ID 2455 BA S/E TENO 13,2KV BP2;;;;;;;;;;;;;331196;6132595;19H;Mini Hidráulica de Pasada;9;10/08/2026
SEN;SIC;HIDROPALOMA S.A.;;76.849.580-7;PMGD HP LA PALOMA;En Operacion;29/03/2010;2010;Región de Coquimbo;Ovalle;;;;2;;ERNC;Mini Hidráulica Pasada;4,6;4,416;Si;PMGD;ENELSA;S/E MONTE PATRIA 13.2KV;;;;;;;;;;;;;304884,9995;6601830,028;19J;Mini Hidráulica de Pasada;5;10/08/2026
SEN;SIC;HIDRO MUNILQUE SPA;;76.411.212-1;PMGD HP LA VIÑA - ALTO LA VIÑA;En Operacion;28/08/2017;2017;Región del Biobío;Mulchén;;;;2;;ERNC;Mini Hidráulica Pasada;0,552;0,5421;Si;PMGD;FRONTEL;ID 1405 BA S/E PICOLTUE 23KV B. PRINCIPAL;;;;;;;;;;;;;746205,68;5828398,44;18H;Mini Hidráulica de Pasada;10;10/08/2026
SEN;SIC;HIDROELÉCTRICA LAS FLORES S.A.;;76.210.842-9;PMGD HP LAS FLORES;En Operacion;08/01/2015;2015;Región de Los Ríos;Futrono;;;;2;;ERNC;Mini Hidráulica Pasada;4,2;4,2;Si;PMGD;SAESA;ALIMENTADOR PICHIRROPULLI - FUTRONO 23 KV;;;;;;;;;;;;;727958,0334;5557841,028;18G;Mini Hidráulica de Pasada;13;10/08/2026
SEN;SIC;ELÉCTRICA PUNTILLA S.A.;;96.817.230-1;PMGD HP LAS VERTIENTES;En Operacion;23/12/2013;2013;Región Metropolitana de Santiago;Pirque;;;;1;;ERNC;Mini Hidráulica Pasada;1,9;1,8646;Si;PMGD;CGE;ALIMENTADOR CASAS VIEJAS;;;;;;;;;;;;;363638,0105;6282034,021;19H;Mini Hidráulica de Pasada;7;10/08/2026
SEN;SIC;CARBOMET ENERGÍA S.A.;;91.066.000-4;PMGD HP LOS BAJOS;En Operacion;31/07/1944;1944;Región Metropolitana de Santiago;Puente Alto;;;;1;;ERNC;Mini Hidráulica Pasada;5,5;5,4725;Si;PMGD;CGE;S/E CARBOMET 12 KV;;;;;;;;;;;;;352088;6277128;19H;Mini Hidráulica de Pasada;7;10/08/2026
SEN;SIC;EMPRESA ELÉCTRICA RÍO PUMA S.A.;;76.285.793-6;PMGD HP LOS COLONOS;En Operacion;11/07/2014;2014;Región de Los Lagos;Puerto Octay;;;;1;;ERNC;Mini Hidráulica Pasada;0,642;0,6399;Si;PMGD;LUZ OSORNO;ESTRUCTURA N° 510649 LINEA DE MEDIA TENSION 13.2 KV DE LUZOSORNO;;;;;;;;;;;;;694481,9904;5457880,011;18G;Mini Hidráulica de Pasada;14;10/08/2026
SEN;SIC;LÁGRIMAS DEL SUR SPA;;76.738.520-K;PMGD HP LOS CORRALES;En Operacion;18/09/2010;2010;Región de Los Ríos;Río Bueno;;;;1;;ERNC;Mini Hidráulica Pasada;0,8;0,8;Si;PMGD;SAESA;ALIMENTADOR PILMAIQUEN - MANTIHUE 23 KV;;;;;;;;;;;;;727041,0193;5496941,963;18G;Mini Hidráulica de Pasada;13;10/08/2026
SEN;SIC;LÁGRIMAS DEL SUR SPA;;76.738.520-K;PMGD HP LOS CORRALES II;En Operacion;06/02/2013;2013;Región de Los Ríos;Río Bueno;;;;1;;ERNC;Mini Hidráulica Pasada;1,035;1,025;Si;PMGD;SAESA;ALIMENTADOR PILMAIQUEN - MANTIHUE 23 KV;;;;;;;;;;;;;727041,38;5496939,29;18G;Mini Hidráulica de Pasada;13;10/08/2026
SEN;SIC;CIA ELÉCTRICA LOS MORROS S.A.;;95.177.000-0;PMGD HP LOS MORROS;En Operacion;31/07/1930;1930;Región Metropolitana de Santiago;San Bernardo;;;;5;;ERNC;Mini Hidráulica Pasada;3,1;3,0535;Si;PMGD;CGE;S/E LOS MORROS;;;;;;;;;;;;;346396,64;6275663,39;19H;Mini Hidráulica de Pasada;7;10/08/2026
SEN;SIC;LOS PADRES HIDRO SPA;;76.248.798-5;PMGD HP LOS PADRES;En Operacion;22/05/2014;2014;Región del Biobío;Quilleco;;;;1;;ERNC;Mini Hidráulica Pasada;2,2;2,181;Si;PMGD;COOPELAN;ALIMENTADOR 23KV MAMPIL (COOPELAN);;;;;;;;;;;;;260890,9581;5843075,013;19H;Mini Hidráulica de Pasada;10;10/08/2026
SEN;SIC;LOS PORTONES S.A.;;76.306.881-1;PMGD HP LOS PORTONES;En Operacion;23/08/2017;2017;Región de Los Ríos;Lago Ranco;;;;2;;ERNC;Mini Hidráulica Pasada;2,225;2,195;Si;PMGD;SAESA;FUTAHUENTE;;;;;;;;;;;;;734883,58;5531695,02;18G;Mini Hidráulica de Pasada;13;10/08/2026
SEN;SIC;LOS PORTONES S.A.;;;PMGD HP LOS PORTONES - AMPLIACION II;En Operacion;23/11/2022;2022;Región de Los Ríos;Lago Ranco;;;;1;;ERNC;Hidráulica Pasada;0,22;0,2;;PMGD;SAESA;Alimentador Futahuente /  S/EChirre;;;;;;;;;;;;;734883;5531695;18G;Mini Hidráulica de Pasada;13;10/08/2026
SEN;SIC;HIDROELÉCTRICA MAISÁN SPA;;91.806.000-6;PMGD HP MAISAN;En Operacion;10/12/2013;2013;Región de La Araucanía;Pitrufquén;;;;2;;ERNC;Mini Hidráulica Pasada;0,6;0,59;Si;PMGD;FRONTEL;ALIMENTADOR COMUY;;;;;;;;;;;;;667355,9926;5668669,038;18H;Mini Hidráulica de Pasada;12;10/08/2026
SEN;SIC;HIDROELÉCTRICA MALLARAUCO S.A.;;76.055.136-8;PMGD HP MALLARAUCO;En Operacion;24/06/2011;2011;Región Metropolitana de Santiago;Melipilla;;;;1;;ERNC;Mini Hidráulica Pasada;3,4;3,3915;Si;PMGD;EMELECTRIC;S/E EL PAICO 13.2KV;;;;;;;;;;;;;313990,9799;6281791,051;19H;Mini Hidráulica de Pasada;7;10/08/2026
SEN;SIC;GENERADORA ELÉCTRICA MARÍA ELENA LTDA;;76.188.603-7;PMGD HP MARIA ELENA;En Operacion;14/11/2014;2014;Región de Los Lagos;Puyehue;;;;1;;ERNC;Mini Hidráulica Pasada;0,305;0,285;Si;PMGD;LUZ OSORNO;ALIMENTADOR AIHUAPI - FUTACUIN 23 KV;;;;;;;;;;;;;712041,76;5483497,29;18G;Mini Hidráulica de Pasada;14;10/08/2026
SEN;SIC;SOCER S.A.;;76.475.862-5;PMGD HP MELO;En Operacion;07/11/2017;2017;Región del Biobío;Quilleco;;;;1;;ERNC;Mini Hidráulica Pasada;2,97;2,97;Si;PMGD;COOPELAN;ID 227 BA S/E EL AVELLANO 23KV;;;;;;;;;;;;;755107,27;5869374,24;18H;Mini Hidráulica de Pasada;10;10/08/2026
SEN;SIC;CIA MOLINERA VILLARRICA LTDA;;80.203.400-8;PMGD HP MOLINERA VILLARRICA;En Operacion;03/03/2016;2016;Región de La Araucanía;Villarrica;;;;1;;ERNC;Mini Hidráulica Pasada;0,6;0,5966;Si;PMGD;CGE;ALIMENTADOR 23KV CORRENTOSO, S/E VLLARRICA;;;;;;;;;;;;;739098,9647;5646433,056;18H;Mini Hidráulica de Pasada;12;10/08/2026
SEN;SIC;MINICENTRALES ARAUCANÍA S.A.;;76.470.281-6;PMGD HP MSA-I;En Operacion;31/07/2018;2018;Región de La Araucanía;Villarrica;;;;3;;ERNC;Mini Hidráulica Pasada;3;3;Si;PMGD;CGE;S/E VILLARRICA;;;;;;;;;;;;;754108,11;5660053,63;18H;Mini Hidráulica de Pasada;12;10/08/2026
SEN;SIC;HIDROMUCHI S.A.;;76.117.705-2;PMGD HP MUCHI;En Operacion;22/09/2011;2011;Región de Los Ríos;Lago Ranco;;;;2;;ERNC;Mini Hidráulica Pasada;1;0,9975;Si;PMGD;SAESA;ALIMENTAQOR PICHIROPULLI - FUTRONO 23 KV;;;;;;;;;;;;;735598,013;5533393,025;18G;Mini Hidráulica de Pasada;13;10/08/2026
SEN;SIC;PMGD BIO BIO NEGRETE S.A.;;76.219.874-6;PMGD HP MUNILQUE;En Operacion;13/08/2015;2015;Región del Biobío;Mulchén;;;;1;;ERNC;Mini Hidráulica Pasada;0,55;0,5469;Si;PMGD;FRONTEL;S/E NEGRETE 23 KV;;;;;;;;;;;;;727168,74;5838163,78;18H;Mini Hidráulica de Pasada;10;10/08/2026
SEN;SIC;PMGD BIO BIO NEGRETE S.A.;;76.219.874-6;PMGD HP MUNILQUE II;En Operacion;13/08/2015;2015;Región del Biobío;Mulchén;;;;1;;ERNC;Mini Hidráulica Pasada;0,55;0,5469;Si;PMGD;FRONTEL;S/E NEGRETE 23 KV;;;;;;;;;;;;;726870,24;5838538,33;18H;Mini Hidráulica de Pasada;10;10/08/2026
SEN;SIC;GENERADORA ELÉCTRICA PEHUI LTDA;;76.067.554-7;PMGD HP PEHUI;En Operacion;31/07/2001;2001;Región de Los Ríos;Río Bueno;;;;1;;ERNC;Mini Hidráulica Pasada;1,1;1,1;Si;PMGD;SAESA;ALIMENTADOR PILMAIQUEN - MANTIHUE 23 KV;;;;;;;;;;;;;710299,9691;5507487,008;18G;Mini Hidráulica de Pasada;13;10/08/2026
SEN;SIC;HIDROELÉCTRICA PICHILONCO S.A.;;76.240.103-7;PMGD HP PICHILONCO;En Operacion;18/08/2014;2014;Región de Los Ríos;Lago Ranco;;;;1;;ERNC;Mini Hidráulica Pasada;1,2;1,15;Si;PMGD;SAESA;ALIMENTADOR 23KV PILMAIQUEN - MANTILHUE;;;;;;;;;;;;;727452,9811;5532286,976;18G;Mini Hidráulica de Pasada;13;10/08/2026
SEN;SIC;PIUTEL GENERACIÓN ELÉCTRICA LIMITADA;;76.413.185-1;PMGD HP PIUTEL;En Operacion;10/02/2017;2017;Región de Los Ríos;Panguipulli;;;;1;;ERNC;Mini Hidráulica Pasada;0,56;0,5586;Si;PMGD;SAESA;ALIMENTADOR PANGUIPULLI;;;;;;;;;;;;;719954,028;5598427,019;18H;Mini Hidráulica de Pasada;13;10/08/2026
SEN;SIC;HIDROELECTRICA PUCLARO S.A.;;99.589.620-6;PMGD HP PUCLARO;En Operacion;01/05/2008;2008;Región de Coquimbo;Vicuña;;;;2;;ERNC;Mini Hidráulica Pasada;5,6;5,376;Si;PMGD;CONAFE;MARQUESA 23 KV;;;;;;;;;;;;;320208,53;6680178,9;19J;Mini Hidráulica de Pasada;5;10/08/2026
SEN;SIC;ENERBOSCH S.A.;;76.028.873-K;PMGD HP PURISIMA;En Operacion;31/01/2012;2012;Región del Maule;Molina;;;;1;;ERNC;Mini Hidráulica Pasada;0,43;0,4198;Si;PMGD;CGE;S/E MOLINA;;;;;;;;;;;;;301342,33;6102327,53;19H;Mini Hidráulica de Pasada;9;10/08/2026
SEN;SIC;CENTRAL HIDROELÉCTRICA QUILLAILEO SPA;;;PMGD HP QUILLAILEO;En Operacion;09/05/2014;2014;Región del Biobío;Santa Bárbara;;;;1;;ERNC;Mini Hidráulica Pasada;0,83;0,8161;Si;PMGD;FRONTEL;ALIMENTADOR 23KV LAGO RANCO - RIÑIHUE;;;;;;;;;;;;;252394,9805;5824539,039;19H;Mini Hidráulica de Pasada;10;10/08/2026
SEN;SIC;ENERBOSCH S.A.;;76.028.873-K;PMGD HP RECA;En Operacion;20/08/2011;2011;Región de Los Ríos;Panguipulli;;;;1;;ERNC;Mini Hidráulica Pasada;1,7;1,6958;Si;PMGD;SAESA;ALIMENTADOR PANGUIPULLI;;;;;;;;;;;;;746978,981;5592298,975;18H;Mini Hidráulica de Pasada;13;10/08/2026
SEN;SIC;CENTRAL HIDROELÉCTRICA RÍO MULCHÉN S.A.;;76.089.965-8;PMGD HP RIO MULCHEN;En Operacion;01/04/2016;2016;Región del Biobío;Mulchén;;;;1;;ERNC;Mini Hidráulica Pasada;3;2,9751;Si;PMGD;SAESA;S/E PICOLTUE 23 KV;;;;;;;;;;;;;750049,9623;5806850,016;18H;Mini Hidráulica de Pasada;10;10/08/2026
SEN;SIC;HIDROELÉCTRICA TRUENO S.A.;;76.834.000-5;PMGD HP RIO TRUENO;En Operacion;06/06/2010;2010;Región de La Araucanía;Vilcún;;;;2;;ERNC;Mini Hidráulica Pasada;5,6;5,59;Si;PMGD;SAESA;S/E LAUTARO 13.2KV;;;;;;;;;;;;;757137,9829;5723373,981;18H;Mini Hidráulica de Pasada;12;10/08/2026
SEN;SIC;HIDROELÉCTRICA ROBLERIA SPA;;76.051.263-K;PMGD HP ROBLERIA;En Operacion;24/04/2013;2013;Región del Maule;Colbún;;;;1;;ERNC;Mini Hidráulica Pasada;4;3,9908;Si;PMGD;LUZ LINARES;ALIMENTADOR PANIMAVIDA 13.2 KV;;;;;;;;;;;;;294046,0429;6030258,997;19H;Mini Hidráulica de Pasada;9;10/08/2026
SEN;SIC;CENTRAL HIDROELÉCTRICA SANTA ELENA S.A.;;76.409.936-2;PMGD HP SANTA ELENA;En Operacion;30/05/2018;2018;Región de La Araucanía;Cunco;;;;1;;ERNC;Mini Hidráulica Pasada;2,75;2,75;Si;PMGD;CGE;ID 203 BA S/E VILLARRICA 23KV;;;;;;;;;;;;;754778,84;5668509,92;18H;Mini Hidráulica de Pasada;12;10/08/2026
SEN;SIC;SOCER S.A.;;76.475.862-5;PMGD HP SANTA ISABEL;En Operacion;12/07/2017;2017;Región del Biobío;Los Ángeles;;;;1;;ERNC;Mini Hidráulica Pasada;1,45;1,45;Si;PMGD;COOPELAN;ID 227 BA S/E EL AVELLANO 23KV;;;;;;;;;;;;;739130,51;5852812,23;18H;Mini Hidráulica de Pasada;10;10/08/2026
SEN;SING;ENERNUEVAS S.A.;;76.045.491-5;PMGD HP SANTA ROSA;En Operacion;26/05/2015;2015;Región de Tarapacá;Alto Hospicio;;;;1;;ERNC;Mini Hidráulica Pasada;1,25;1,25;Si;PMGD;CGE;ID 1870 BA S/E ALTO HOSPICIO 13.8KV;;;;;;;;;;;;;388432,59;7754840,7;19K;Mini Hidráulica de Pasada;2;10/08/2026
SEN;SIC;HIDROELÉCTRICA TRAILELFU SPA;;76.028.873-K;PMGD HP TRAILELFU;En Operacion;16/10/2015;2015;Región de La Araucanía;Pucón;;;;1;;ERNC;Mini Hidráulica Pasada;2,5;2,45;Si;PMGD;CGE;S/E VILLARRICA 66 KV;;;;;;;;;;;;;755021,85;5655111,3;18H;Mini Hidráulica de Pasada;12;10/08/2026
SEN;SIC;FORESTAL NELTUME CARRANCO S.A.;;;PMGD HP TRANCA DEL TORO;En Operacion;28/12/2023;2023;Región de Los Ríos;Panguipulli;;;;1;;ERNC;Mini Hidráulica Pasada;2;1,9;Si;PMGD;SAESA;Alimentado Pullinque /  S/EPanguipulli;;;;;;;;;;;;;247339;5584183;19H;Mini Hidráulica de Pasada;13;10/08/2026
SEN;SIC;EMPRESA ELÉCTRICA TRANQUIL SPA;;76.362.268-1;PMGD HP TRANQUIL;En Operacion;23/11/2016;2016;Región de Los Ríos;Panguipulli;;;;1;;ERNC;Mini Hidráulica Pasada;3;2,9673;Si;PMGD;SAESA;ID 438 BA S/E PANGUIPULLI 23KV;;;;;;;;;;;;;245984,03;5596501,23;19H;Mini Hidráulica de Pasada;13;10/08/2026
SEN;SIC;ENERBOSCH S.A.;;76.028.873-K;PMGD HP TRUFULTRUFUL;En Operacion;16/09/2009;2009;Región de La Araucanía;Melipeuco;;;;1;;ERNC;Mini Hidráulica Pasada;0,836;0,819;Si;PMGD;SAESA;ID 1075 BA S/E LICANCO 23KV;;;;;;;;;;;;;269062,9722;5697580,061;19H;Mini Hidráulica de Pasada;12;10/08/2026
SEN;SIC;EMPRESA ELÉCTRICA EL ARREBOL SPA;;76.415.299-9;PMGD PE EL ARREBOL;En Operacion;24/06/2020;2020;Región del Biobío;Lebu;;;;3;;ERNC;Eólica;10;9;Si;PMGD;FRONTEL;ID 3025 BA S/E LEBU 13,2KV BP1;;;;;;;;;;;;;624367,18;5844240,15;18H;Eólica;10;10/08/2026
SEN;SIC;PARQUE EÓLICO EL NOGAL SPA;;76.430.139-0;PMGD PE EL NOGAL;En Operacion;23/08/2019;2019;Región del Biobío;Mulchén;;;;3;;ERNC;Eólica;9;8,9;Si;PMGD;FRONTEL;ID 1078 BA S/E NEGRETE 23KV BP1;;;;;;;;;;;;;727803,03;5836616,12;18 H;Eólica;10;10/08/2026
SEN;SIC;HUAJACHE SPA;;76.255.785-1;PMGD PE HUAJACHE;En Operacion;25/11/2015;2015;Región del Biobío;Lebu;;;;2;;ERNC;Eólica;6;5,9867;Si;PMGD;FRONTEL;S/E TRES PINOS 23 KV;;;;;;;;;;;;;626114,54;5821372,7;18H;Eólica;10;10/08/2026
SEN;SIC;EÓLICO LAS PEÑAS SPA;;76.389.157-7;PMGD PE LAS PEÑAS;En Operacion;28/12/2016;2016;Región del Biobío;Arauco;;;;4;;ERNC;Eólica;8,4;8,3496;Si;PMGD;SAESA;S/E CARAMPANGUE 23 KV;;;;;;;;;;;;;640085;5875282,014;18H;Eólica;10;10/08/2026
SEN;SIC;PARQUE EÓLICO LEBU-TORO SPA;;76.416.891-7;PMGD PE LEBU III;En Operacion;14/12/2016;2016;Región del Biobío;Lebu;;;;3;;ERNC;Eólica;5,25;5,15;Si;PMGD;SAESA;BARRA LEBU 13.2KV;;;;;;;;;;;;;619564,86;5828555,67;18H;Eólica;10;10/08/2026
SEN;SIC;RAKI SPA;;76.216.621-6;PMGD PE RAKI;En Operacion;30/07/2015;2015;Región del Biobío;Lebu;;;;3;;ERNC;Eólica;9;8,98;Si;PMGD;FRONTEL;S/E TRES PINOS 23 KV;;;;;;;;;;;;;626115;5821372,014;18H;Eólica;10;10/08/2026
SEN;SIC;ENERGÍAS UCUQUER S.A.;;76.152.252-3;PMGD PE UCUQUER;En Operacion;03/01/2013;2013;Región del Libertador Gral. Bernardo O’Higgins;Litueche;;;;4;;ERNC;Eólica;7,2;7,0724;Si;PMGD;EMELECTRIC;ALIMENTADOR LITUECHE;;;;;;;;;;;;;258988,9996;6229800,018;19H;Eólica;8;10/08/2026
SEN;SIC;GR GUINDO SPA;;76.722.031-6;PMGD PFV  ARGOMEDO;En Operacion;19/06/2020;2020;Región del Libertador Gral. Bernardo O’Higgins;Rengo;;;;NO APLICA;;ERNC;Solar;8;7,97;Si;PMGD;CGE;S/E QUINTA DE TILCOCO;;;;;;;;;;;;;325553,96;6196398,91;19H;Solar Fotovoltaica;8;10/08/2026
SEN;SIC;AGROSOLAR IV SPA;;;PMGD PFV  COCINILLAS;En Operacion;11/11/2020;2020;Región de Coquimbo;Illapel;;;;No aplica;;ERNC;Solar;2,784;2,779;Si;PMGD;CGE;Alimentador Los Cristales y  S/EIllapel;;;;;;;;;;;;;297769;6498512;19H;Solar Fotovoltaica;5;10/08/2026
SEN;SIC;LAS MOLLACAS SPA;;76.327.569-8;PMGD PFV  LAS MOLLACAS;En Operacion;14/01/2016;2016;Región de Coquimbo;Ovalle;;;;NO APLICA;;ERNC;Solar;2,928;2,905;Si;PMGD;CONAFE;HOSPITAL 23KV;;;;;;;;;;;;;286874,9998;6604316,015;19J;Solar Fotovoltaica;5;10/08/2026
SEN;SIC;GR ROBLE SPA;;;PMGD PFV  SANTA CAROLINA;En Operacion;31/12/2020;2020;Región del Libertador Gral. Bernardo O’Higgins;Chimbarongo;;;;No aplica;;ERNC;Solar;3,037;3;Si;PMGD;CGE;Alimentador Tinguiririca  S/EColchagua;;;;;;;;;;;;;325733;6160372;19H;Solar Fotovoltaica;8;10/08/2026
SEN;SIC;PLANTA SOLAR AGUAS CLARAS SPA;;;PMGD PFV AGUAS CLARAS;En Operacion;08/05/2026;2026;Región Metropolitana de Santiago;Pudahuel;;;;No aplica;;ERNC;Solar;9,018;9;Si;PMGD;Enel Distribución Chile S.A.;ALIMENTADOR PARINACOTA;;;;;;;;;;;;;331688;6307243;19H;Solar Fotovoltaica;7;10/08/2026
SEN;SIC;ALHUÉ SUNLIGHT SPA;;;PMGD PFV AHE BUENAS YERBAS;En Operacion;10/06/2024;2024;Región Metropolitana de Santiago;Alhué;;;;No aplica;;ERNC;Solar;9,025;9;Si;PMGD;CGE;Alimentador Polulo / S/E Alhue;;;;;;;;;;;;;308891;6232585;19H;Solar Fotovoltaica;7;10/08/2026
SEN;SIC;SAO PAULO SOLAR SPA;;;PMGD PFV ALAMEDA;En Operacion;26/12/2023;2023;Región del Libertador Gral. Bernardo O’Higgins;Graneros;;;;No aplica;;ERNC;Solar;9,01;9;Si;PMGD;CGE;Alimentador La Palma / S/E Alameda;;;;;;;;;;;;;341480;6224988;19H;Solar Fotovoltaica;8;10/08/2026
SEN;SIC;PFV ALBATROS SPA;;;PMGD PFV ALBATROS;En Operacion;07/06/2024;2024;Región del Maule;Curicó;;;;1;;ERNC;Solar;1,252;1,248;Si;PMGD;CGE;Alimentador Tutuquen S/E Curicó;;;;;;;;;;;;;290220;6126483;19H;Solar Fotovoltaica;9;10/08/2026
SEN;SIC;PARQUE SOLAR ALBOR SPA;;;PMGD PFV ALBOR SOLAR;En Operacion;31/01/2023;2023;Región del Biobío;Los Ángeles;;;;No aplica;;ERNC;Solar;5,2156;5,2;Si;PMGD;SAESA;Alimentador Santa Bárbara / S/E Picoltué;;;;;;;;;;;;;746491,61;5835409,26;18H;Solar Fotovoltaica;10;10/08/2026
SEN;SIC;JUAN SOLAR SPA;;;PMGD PFV ALCAZAR;En Operacion;03/09/2025;2025;Región del Biobío;Los Ángeles;;;;No aplica;;ERNC;Solar;9,1;9;Si;PMGD;Compañía General de Electricidad S.A.;ALCAZAR-ID1103 PA S/E LOS ANGELES (CGE) C4 / ID426 S/E LOS SAUCES (CGE);;;;;;;;;;;;;733016,06;5852471,92;18H;Solar Fotovoltaica;10;10/08/2026
SEN;SIC;SOLAR TI TREINTA Y SIETE SPA;;;PMGD PFV ALDEBARAN;En Operacion;25/01/2024;2024;Región del Libertador Gral. Bernardo O’Higgins;San Fernando;;;;No aplica;;ERNC;Solar;6,01;6;Si;PMGD;CGE Distribución;Alimentador Quilapán / S/E La Ronda;;;;;;;;;;;;;320184,84;6171579,47;19H;Solar Fotovoltaica;8;10/08/2026
SEN;SIC;ALGARROBO SPA;;;PMGD PFV ALGARROBO;En Operacion;08/05/2025;2025;Región del Maule;Romeral;;;;1;;ERNC;Solar;3,02;3;Si;PMGD;CGE Distribución S.A.;ALIMENTADOR ROMERAL;;;;;;;;;;;;;307046,1;6128763,01;19H;Solar Fotovoltaica;9;10/08/2026
SEN;SIC;PARQUE SOLAR ALIANZA SPA;;;PMGD PFV ALIANZA;En Operacion;11/09/2024;2024;Región de Atacama;Tierra Amarilla;;;;No aplica;;ERNC;Solar;9,001;9;Si;PMGD;CGE;Alimentador El Yeso / S/E Cerrillos;;;;;;;;;;;;;374825,61;6950679,82;19J;Solar Fotovoltaica;4;10/08/2026
SEN;SIC;PARQUE FOTOVOLTAICO ALICAHUE SOLAR SPA;;76.813.197-K;PMGD PFV ALICAHUE;En Operacion;19/01/2019;2019;Región de Valparaíso;Cabildo;;;;1;;ERNC;Solar;3;2,998;Si;PMGD;CGE;S/E CABILDO 23KV;;;;;;;;;;;;;321436;6411744;19 H;Solar Fotovoltaica;6;10/08/2026
SEN;SIC;ALTO BELLAVISTA SPA;;;PMGD PFV ALTO BELLAVISTA SUNLIGHT;En Operacion;21/03/2024;2024;Región del Libertador Gral. Bernardo O’Higgins;Requínoa;;;;No aplica;;ERNC;Solar;7,96;7,9;Si;PMGD;CGE Distribución;Alimentador San Isidro /  S/EChumaquito;;;;;;;;;;;;;338671,9802;6201561,429;19H;Solar Fotovoltaica;8;10/08/2026
SEN;SIC;ALTOS DE LA MANGA ENERGY SPA;;76.503.392-6;PMGD PFV ALTO SOLAR;En Operacion;14/12/2018;2018;Región Metropolitana de Santiago;San Pedro;;;;1;;ERNC;Solar;2,96;2,956;Si;PMGD;CGE;LA MANGA 13,2KV;;;;;;;;;;;;;259179,98;6246280,19;19 H;Solar Fotovoltaica;7;10/08/2026
SEN;SIC;ELÉCTRICA ALTOS DE TIL TIL SPA;;76.578.929-K;PMGD PFV ALTOS DE TILTIL;En Operacion;14/06/2019;2019;Región Metropolitana de Santiago;Tiltil;;;;1;;ERNC;Solar;3;1,7;Si;PMGD;ENEL DISTRIBUCIÓN;ID 1241 S/E POLPAICO (ENEL DISTRIBUCIÓN) 23KV BP1;;;;;;;;;;;;;323741;6336378;19 H;Solar Fotovoltaica;7;10/08/2026
SEN;SIC;SUNENERGREEN S.A.;;76.205.368-3;PMGD PFV ALTOS DEL PAICO;En Operacion;31/07/2017;2017;Región Metropolitana de Santiago;El Monte;;;;NO APLICA;;ERNC;Solar;2,1;2,05;Si;PMGD;CGE;EL PAICO 13.2KV;;;;;;;;;;;;;309536;6274484;19H;Solar Fotovoltaica;7;10/08/2026
SEN;SIC;GR HUINGÁN SPA;;76.461.937-4;PMGD PFV ALTURAS DE OVALLE;En Operacion;04/10/2016;2016;Región de Coquimbo;Ovalle;;;;NO APLICA;;ERNC;Solar;6;6;Si;PMGD;CONAFE;S/E OVALLE 23 KV;;;;;;;;;;;;;285256,51;6617641,72;19J;Solar Fotovoltaica;5;10/08/2026
SEN;SING;AMANECER SOLAR SPA (PMGD AMANECER);;;PMGD PFV AMANECER;En Operacion;25/06/2025;2025;Región de Antofagasta;Sierra Gorda;;;;No aplica;;ERNC;Solar;7,012;7;Si;PMGD;CGE Distribución;ALIMENTADOR SIERRA GORDA;;;;;;;;;;;;;473299;7467694;19K;Solar Fotovoltaica;3;10/08/2026
SEN;SIC;SONNEDIX PARQUE SOLAR AMPARO DEL SOL SPA;;76.727.584-6;PMGD PFV AMPARO DEL SOL;En Operacion;01/06/2018;2018;Región de Coquimbo;Ovalle;;;;NO APLICA;;ERNC;Solar;3;2,955;Si;PMGD;CONAFE;S/E OVALLE;;;;;;;;;;;;;276707,69;6611006,3;19J;Solar Fotovoltaica;5;10/08/2026
SEN;SIC;ANAKENA SPA;;;PMGD PFV ANAKENA;En Operacion;10/05/2022;2022;Región de Coquimbo;Ovalle;;;;No aplica;;ERNC;Solar;9,35;9;Si;PMGD;CGE Distribución;Alimentador Sotaqui /  S/EOvalle;;;;;;;;;;;;;294387;6610382;19J;Solar Fotovoltaica;5;10/08/2026
SEN;SIC;CANELILLO SOLAR SPA;;;PMGD PFV ANCAHUAL SOLAR;En Operacion;18/07/2024;2024;Región de La Araucanía;Loncoche;;;;No aplica;;ERNC;Solar;9,015;9;Si;PMGD;CGE;Alimentador Huiscapi / S/E Loncoche;;;;;;;;;;;;;714816;5643917;18H;Solar Fotovoltaica;12;10/08/2026
SEN;SIC;ANGOL SOLAR I SPA;;;PMGD PFV ANGOL SOLAR I;En Operacion;28/08/2025;2025;Región de La Araucanía;Angol;;;;No aplica;;ERNC;Solar;3;2,9;Si;PMGD;Empresa Eléctrica de la Frontera S.A.;ALIMENTADOR ANGOL DEUCO;;;;;;;;;;;;;704990,07;5810562,77;18H;Solar Fotovoltaica;12;10/08/2026
SEN;SIC;FOTOVOLTAICA DELTA SPA;;76.807.967-6;PMGD PFV ANTONIA SOLAR;En Operacion;18/04/2020;2020;Región del Libertador Gral. Bernardo O’Higgins;Rengo;;;;NO APLICA;;ERNC;Solar;3;2,9825;Si;PMGD;CGE;S/E MALLOA;;;;;;;;;;;;;320408,4;6192202,31;19 H;Solar Fotovoltaica;8;10/08/2026
SEN;SING;CHAPIQUINA SOLAR SPA;;;PMGD PFV ARICA;En Operacion;25/05/2023;2023;Región de Arica y Parinacota;Arica;;;;1;;ERNC;Solar;9,11;9;Si;PMGD;No aplica;S/E QUIANI, Alimentador Lluta;;;;;;;;;;;;;367526;7970557;19K;Solar Fotovoltaica;1;10/08/2026
SEN;SIC;FOTOVOLTAICA ARIZTÍA SPA;;76.727.409-2;PMGD PFV ARIZTIA;En Operacion;20/08/2019;2019;Región de Valparaíso;La Ligua;;;;NO APLICA;;ERNC;Solar;3;2,996;Si;PMGD;CGE;S/E QUINQUIMO 23KV;;;;;;;;;;;;;286045;6421999;19 H;Solar Fotovoltaica;6;10/08/2026
SEN;SIC;SAGESA S.A.;;;PMGD PFV ARMAZONES;En Operacion;20/07/2022;2022;Región de Antofagasta;Taltal;;;;No aplica;;ERNC;Solar;5,015;5;Si;PMGD;SAESA;Alimentador Armazones /  S/EArmazones;;;;;;;;;;;;;368689;7274891;19H;Solar Fotovoltaica;3;10/08/2026
SEN;SIC;MISCANTI DE VERANO SPA;;;PMGD PFV AROMO DEL VERANO SOLAR;En Operacion;04/11/2022;2022;Región del Libertador Gral. Bernardo O’Higgins;Doñihue;;;;No aplica;;ERNC;Solar;3,008;3;Si;PMGD;CGE Distribución;Alimentador El Milagro /  S/ELo Miranda;;;;;;;;;;;;;327390;6212978;19H;Solar Fotovoltaica;8;10/08/2026
SEN;SIC;CVE PROYECTO TREINTA Y TRES SPA;;;PMGD PFV ARTEMISA;En Operacion;12/12/2025;2025;Región del Libertador Gral. Bernardo O’Higgins;Mostazal;;;;1;;ERNC;Solar;3,225;3;Si;PMGD;CGE;ALIMENTADOR SANTA BLANCA / ID405_S/E SAN FRANCISCO DE MOSTAZAL;;;;;;;;;;;;;344814,71;6238848,14;19H;Solar Fotovoltaica;8;10/08/2026
SEN;SIC;GR CARZA SPA;;;PMGD PFV ASTILLAS;En Operacion;10/11/2022;2022;Región de Atacama;Vallenar;;;;No aplica;;ERNC;Solar;9,15;9;Si;PMGD;CGE;Alimentador Astillas /  S/EVallenar;;;;;;;;;;;;;316533;6840884;19H;Solar Fotovoltaica;4;10/08/2026
SEN;SIC;SANTA LAURA ENERGY SPA;;;PMGD PFV AVEL SOLAR;En Operacion;04/07/2022;2022;Región del Biobío;Los Ángeles;;;;No aplica;;ERNC;Solar;9,0086;9;Si;PMGD;CGE Distribución;Alimentador La Mona /  S/EEl Avellano;;;;;;;;;;;;;736748;5856837;18H;Solar Fotovoltaica;10;10/08/2026
SEN;SIC;SANTA CECILIA SOLAR SPA;;;PMGD PFV AVELLANO SOLAR;En Operacion;23/09/2023;2023;Región del Biobío;Los Ángeles;;;;No aplica;;ERNC;Solar;6,01;6;Si;PMGD;CGE;Alimentador La Mona / S/E EL AVELLANO;;;;;;;;;;;;;735647;5856397;18H;Solar Fotovoltaica;10;10/08/2026
SEN;SIC;AVILÉS SPA;;;PMGD PFV AVILES;En Operacion;23/08/2022;2022;Región Metropolitana de Santiago;San Pedro;;;;No aplica;;ERNC;Solar;8,32;8,3;Si;PMGD;CGE;Alimentador El Prado /  S/ELa Manga;;;;;;;;;;;;;271446;6243265;19 H;Solar Fotovoltaica;7;10/08/2026
SEN;SIC;QUEBRADA DEL SOL SPA;;;PMGD PFV AXEL SOLAR;En Operacion;15/01/2024;2024;Región de Coquimbo;Coquimbo;;;;No aplica;;ERNC;Solar;2,7097;2,7;Si;PMGD;CGE;Tambillos –  S/EEl Peñón;;;;;;;;;;;;;286308;6662715;19J;Solar Fotovoltaica;5;10/08/2026
SEN;SIC;PFV AYLA SOLAR SPA;;;PMGD PFV AYLA SOLAR;En Operacion;13/04/2023;2023;Región del Libertador Gral. Bernardo O’Higgins;Rancagua;;;;No aplica;;ERNC;Solar;9,015;9;Si;PMGD;CGE;Alimentador Las Coloradoras / S/E Tuniche;;;;;;;;;;;;;338435;6222128;19H;Solar Fotovoltaica;8;10/08/2026
SEN;SIC;PACANA DEL VERANO SPA;;;PMGD PFV AÑUÑUCA DEL VERANO SOLAR;En Operacion;25/10/2023;2023;Región de Valparaíso;Panquehue;;;;No aplica;;ERNC;Solar;3,0079;3;Si;PMGD;Chilquinta;Alimentador Palomar /  S/ESan Felipe;;;;;;;;;;;;;333797;6374920;19H;Solar Fotovoltaica;6;10/08/2026
SEN;SIC;MANZANARES ENERGÍA SPA;;;PMGD PFV BALLOTA;En Operacion;09/04/2026;2026;Región del Maule;Longaví;;;;No aplica;;ERNC;Solar;6,129;6;Si;PMGD;Luz Linares;Longaví Oriente / S/E LONGAVI;;;;;;;;;;;;;262387;6011410;19H;Solar Fotovoltaica;9;10/08/2026
SEN;SIC;BELÉN SOLAR SPA;;;PMGD PFV BARCELONA;En Operacion;18/10/2024;2024;Región del Maule;Curicó;;;;No aplica;;ERNC;Solar;9,012479;9;Si;PMGD;CGE Distribución;Los Vidales /  S/ERauquén;;;;;;;;;;;;;302288;6128960;19H;Solar Fotovoltaica;9;10/08/2026
SEN;SIC;GR VILLARRICA SPA;;;PMGD PFV BELEN;En Operacion;28/09/2024;2024;Región Metropolitana de Santiago;Lampa;;;;No aplica;;ERNC;Solar;6,135;6;Si;PMGD;Enel Distribución Chile S.A.;Alimentador Aguas Claras / S/E LO BOZA;;;;;;;;;;;;;331204;6309484;19H;Solar Fotovoltaica;7;10/08/2026
SEN;SIC;PARSOSY BELENOS SPA;;;PMGD PFV BELENOS TIL TIL;En Operacion;30/08/2024;2024;Región Metropolitana de Santiago;Tiltil;;;;No aplica;;ERNC;Solar;9,06;9;Si;PMGD;Enel Distribución Chile S.A.;Alimentador Proacer 2 /   S/EEl Manzano (STM II);;;;;;;;;;;;;330997;6333887;19H;Solar Fotovoltaica;7;10/08/2026
SEN;SIC;PARQUE SOLAR BELLAVISTA SPA;;76.377.436-8;PMGD PFV BELLAVISTA;En Operacion;23/03/2016;2016;Región de Coquimbo;Illapel;;;;NO APLICA;;ERNC;Solar;3;2,97;Si;PMGD;CONAFE;S/E ILLAPEL 23KV;;;;;;;;;;;;;289377,9998;6494513,015;19J;Solar Fotovoltaica;5;10/08/2026
SEN;SING;TAMARUGAL SOLAR 1 S.A.;;76.055.368-9;PMGD PFV BELLAVISTA 1;En Operacion;24/10/2019;2019;Región de Tarapacá;Pozo Almonte;;;;NO APLICA;;ERNC;Solar;9;8,9911;Si;PMGD;CGE;ID 2163 BA S/E LAGUNAS 23KV BP1;;;;;;;;;;;;;427975;7700156;19 K;Solar Fotovoltaica;2;10/08/2026
SEN;SIC;BELLOTO SPA;;;PMGD PFV BELLOTO B XXVII;En Operacion;16/04/2025;2025;Región del Maule;Curicó;;;;1;;ERNC;Solar;3,0015;3;Si;PMGD;Luz Linares S.A.;ALIMENTADOR INDUSTRIAL;;;;;;;;;;;;;301241;6127599;19H;Solar Fotovoltaica;9;10/08/2026
SEN;SIC;GPG GENERACIÓN DISTRIBUIDA SPA;;;PMGD PFV BERGAMO;En Operacion;03/11/2022;2022;Región del Maule;Teno;;;;No aplica;;ERNC;Solar;3,95;3,8;Si;PMGD;CGE Distribución;Alimentador Vista Hermosa /  S/ETeno;;;;;;;;;;;;;305769;6141844;19H;Solar Fotovoltaica;9;10/08/2026
SEN;SIC;BERRUECO ENERGÍA SPA;;;PMGD PFV BERRUECO;En Operacion;06/02/2021;2021;Región de Ñuble;Chillán Viejo;;;;No aplica;;ERNC;Solar;9,002;8,98;Si;PMGD;CGED;Alimentador Limarí /  S/EChillán;;;;;;;;;;;;;755305;5938214;18 H;Solar Fotovoltaica;11;10/08/2026
SEN;SIC;BLU SOLAR SPA;;;PMGD PFV BLU;En Operacion;06/10/2023;2023;Región de Ñuble;Chillán;;;;No aplica;;ERNC;Solar;2,312;2,3;Si;PMGD;CGE;Alimentador Limarí / S/E Chillán;;;;;;;;;;;;;767198,45;5938832,44;18H;Solar Fotovoltaica;11;10/08/2026
SEN;SIC;ENEL GREEN POWER CHILE S.A.;;;PMGD PFV BOIX;En Operacion;15/05/2025;2025;Región del Maule;Cauquenes;;;;No aplica;;ERNC;Solar;3,006;3;Si;PMGD;CGE;Alimentador Pillen / S/E Cauquenes;;;;;;;;;;;;;737353,87;6017613,64;18H;Solar Fotovoltaica;9;10/08/2026
SEN;SIC;MERCURIO SOLAR SPA;;;PMGD PFV BULNES LOS BARONES;En Operacion;28/10/2022;2022;Región de Ñuble;Bulnes;;;;No aplica;;ERNC;Solar;2,906;2,9;Si;PMGD;COPELEC (COOPERATIVA DE CONSUMO DE ENERGÍA ELÉCTRICA CHILLÁN);Alimentador Los Barones /  S/ELOS TILOS BULNES;;;;;;;;;;;;;749708;5921066;18H;Solar Fotovoltaica;11;10/08/2026
SEN;SIC;BULNES SOLAR SPA;;;PMGD PFV BULNES SOLAR;En Operacion;15/10/2024;2024;Región de Ñuble;Bulnes;;;;No aplica;;ERNC;Solar;9,007;9;Si;PMGD;Frontel;Alimentador Larqui Bulnes Ciudad / S/E Larqui;;;;;;;;;;;;;744687;5931218;18H;Solar Fotovoltaica;11;10/08/2026
SEN;SIC;CABILDO SUNLIGHT SPA;;;PMGD PFV CABILDO SUNLIGHT;En Operacion;20/05/2022;2022;Región de Valparaíso;Cabildo;;;;No aplica;;ERNC;Solar;9,0086;9;Si;PMGD;CGE Distribución;Alimentador Monte Grande /  S/ECabildo;;;;;;;;;;;;;302597;6407619;19H;Solar Fotovoltaica;6;10/08/2026
SEN;SIC;GR GUAYACÁN SPA;;76.461.853-K;PMGD PFV CABILSOL;En Operacion;28/07/2017;2017;Región de Valparaíso;Cabildo;;;;NO APLICA;;ERNC;Solar;3;3;Si;PMGD;CONAFE;ID 1812 BA S/E CABILDO 23KV BP2;;;;;;;;;;;;;302339,04;6405809,94;19H;Solar Fotovoltaica;6;10/08/2026
SEN;SIC;CABRERO SOLAR SPA;;;PMGD PFV CABRERO SOLAR;En Operacion;23/03/2023;2023;Región del Biobío;Cabrero;;;;No aplica;;ERNC;Solar;9,502;9;Si;PMGD;Grupo Saesa Frontel Distribución Chile S.A.;Alimentador Yumbel /  S/ECabrero;;;;;;;;;;;;;729849;5897540;18H;Solar Fotovoltaica;10;10/08/2026
SEN;SIC;NUOVOSOL SPA;;76.380.995-1;PMGD PFV CACHIYUYO SOLAR II;En Operacion;15/02/2019;2019;Región de Atacama;Tierra Amarilla;;;;1;;ERNC;Solar;9;8,992;Si;PMGD;EMELAT;S/E LOS LOROS 23KV BP1;;;;;;;;;;;;;380117;6919840;19 J;Solar Fotovoltaica;4;10/08/2026
SEN;SIC;SOLCOR SPA;;;PMGD PFV CAIMI;En Operacion;31/12/2020;2020;Región de Valparaíso;Casablanca;;;;No aplica;;ERNC;Solar;0,2;0,194;Si;PMGD;Energía Casablanca;Poste ID 9261471, Alimentador Casablanca  S/ECasablanca;;;;;;;;;;;;;275740,94;6313475,03;19H;Solar Fotovoltaica;6;10/08/2026
SEN;SING;CALAMA SOLAR 1 SPA;;76.044.597-5;PMGD PFV CALAMA SOLAR;En Operacion;12/05/2017;2017;Región de Antofagasta;Calama;;;;NO APLICA;;ERNC;Solar;9;9;Si;PMGD;CGE;ID 1912 BA S/E CALAMA 23KV BP2;;;;;;;;;;;;;513377,98;7518008,61;19K;Solar Fotovoltaica;3;10/08/2026
SEN;SIC;PMGD CALLE LARGA SPA;;76.863.375-4;PMGD PFV CALLE LARGA;En Operacion;19/02/2019;2019;Región de Valparaíso;Calle Larga;;;;1;;ERNC;Solar;3;2,97;Si;PMGD;CHILQUINTA;S/E SAN RAFAEL;;;;;;;;;;;;;349200,46;6360398,38;19 H;Solar Fotovoltaica;6;10/08/2026
SEN;SIC;CANDELARIA SOLAR SPA;;76.522.139-0;PMGD PFV CANDELARIA SOLAR;En Operacion;30/09/2020;2020;Región del Libertador Gral. Bernardo O’Higgins;Mostazal;;;;No aplica;;ERNC;Solar;2,755;2,75;Si;PMGD;CGE;Alimentador Codegua/  S/EGraneros;;;;;;;;;;;;;349571;6234198;19H;Solar Fotovoltaica;8;10/08/2026
SEN;SIC;AGROSOLAR V SPA;;;PMGD PFV CANELILLO;En Operacion;12/11/2020;2020;Región de Coquimbo;Illapel;;;;No aplica;;ERNC;Solar;2,784;2,779;Si;PMGD;CGE;Alimentador Los Cristales y  S/EIllapel;;;;;;;;;;;;;285105;6490330;19H;Solar Fotovoltaica;5;10/08/2026
SEN;SIC;SONNEDIX ÁNGELA SOLAR SPA;;76.503.519-8;PMGD PFV CANESA SOLAR;En Operacion;13/08/2019;2019;Región de Coquimbo;Illapel;;;;NO APLICA;;ERNC;Solar;3;2,966;Si;PMGD;CGE;ID 324 BA S/E ILLAPEL 23KV BP1;;;;;;;;;;;;;298254;6488579;19 J;Solar Fotovoltaica;5;10/08/2026
SEN;SIC;CANQUÉN SPA;;;PMGD PFV CANQUEN;En Operacion;14/01/2025;2025;Región del Biobío;Los Ángeles;;;;1;;ERNC;Solar;3,0045;2,9;Sí;PMGD;Cooperativa Eléctrica Los Ángeles Ltda.;ALIMENTADOR HUAQUI;;;;;;;;;;;;;729707;5852663;18H;Solar Fotovoltaica;10;10/08/2026
SEN;SIC;GPG GENERACIÓN DISTRIBUIDA SPA;;;PMGD PFV CANTERA;En Operacion;17/06/2022;2022;Región Metropolitana de Santiago;San Pedro;;;;No aplica;;ERNC;Solar;3,05;2,9;Si;PMGD;CGE Distribución;Alimentador El Prado /  S/ELa Manga;;;;;;;;;;;;;267105;6245599;19H;Solar Fotovoltaica;7;10/08/2026
SEN;SIC;PARQUE FOTOVOLTAICO EL LORETO SPA;;;PMGD PFV CARA DE GALLO;En Operacion;16/10/2023;2023;Región del Libertador Gral. Bernardo O’Higgins;Coltauco;;;;No aplica;;ERNC;Solar;2,74;2,7;Si;PMGD;CGE;Alimentador El Almendro 1 / S/E Loreto;;;;;;;;;;;;;314974;6205444;19H;Solar Fotovoltaica;8;10/08/2026
SEN;SIC;ENEL GREEN POWER CHILE S.A.;;;PMGD PFV CARACOLES;En Operacion;30/07/2023;2023;Región del Maule;Yerbas Buenas;;;;No aplica;;ERNC;Solar;2,706;2,7;Si;PMGD;Luz Linares S.A.;Alimentador Llano Blanco /  S/EYerbas Buenas;;;;;;;;;;;;;274781;6047257;19H;Solar Fotovoltaica;9;10/08/2026
SEN;SIC;PFV EL PELÍCANO SPA;;;PMGD PFV CARANCA SOLAR;En Operacion;04/08/2024;2024;Región de Atacama;Tierra Amarilla;;;;No aplica;;ERNC;Solar;3,005;3;Si;PMGD;CGE Distribución;Alimentador El Yeso /  S/ECerrillos;;;;;;;;;;;;;376515;6949372;19J;Solar Fotovoltaica;4;10/08/2026
SEN;SIC;TEDLAR MERCURIO SPA;;;PMGD PFV CASA DE LATA;En Operacion;26/08/2025;2025;Región de Ñuble;Chillán;;;;No aplica;;ERNC;Solar;5,013;4,26;Si;PMGD;Compañía General de Electricidad S.A;ALIMENTADOR O'HIGGINS / ID399_S/E SANTA ELVIRA;;;;;;;;;;;;;755743;5946116;18H;Solar Fotovoltaica;11;10/08/2026
SEN;SIC;CASA BERMEJA SPA;;;PMGD PFV CASABERMEJA;En Operacion;28/01/2021;2021;Región Metropolitana de Santiago;Curacaví;;;;No aplica;;ERNC;Solar;6,8916;6,87;Si;PMGD;CGED;Alimentador Lolenco /  S/ECuracavi;;;;;;;;;;;;;317326;6289143;19 H;Solar Fotovoltaica;7;10/08/2026
SEN;SIC;SOLAR TI DIEZ SPA;;76.585.782-1;PMGD PFV CASUTO;En Operacion;29/06/2019;2019;Región de Valparaíso;Rinconada;;;;NO APLICA;;ERNC;Solar;2,8;2,74;Si;PMGD;CHILQUINTA;ID 1521 BA S/E SAN RAFAEL (CHILQUINTA) 23KV BP1;;;;;;;;;;;;;339757;6363911;19 H;Solar Fotovoltaica;6;10/08/2026
SEN;SIC;PLANETA INVESTMENTS SPA;;76.416.516-0;PMGD PFV CATAN SOLAR;En Operacion;23/10/2018;2018;Región de Valparaíso;San Esteban;;;;NO APLICA;;ERNC;Solar;3;2,995;Si;PMGD;CHILQUINTA;S/E SAN RAFAEL;;;;;;;;;;;;;349740,74;6377669,28;19H;Solar Fotovoltaica;6;10/08/2026
SEN;SIC;PARQUE SOLAR CATEMU SPA;;76.576.597-8;PMGD PFV CATEMU;En Operacion;20/05/2020;2020;Región de Valparaíso;Catemu;;;;NO APLICA;;ERNC;Solar;2;1,99;Si;PMGD;CHILQUINTA;ID 996 BA S/E CATEMU 12KV BP2;;;;;;;;;;;;;315940;6376523;19 H;Solar Fotovoltaica;6;10/08/2026
SEN;SIC;CATO SOLAR SPA;;;PMGD PFV CATO SOLAR;En Operacion;07/11/2024;2024;Región de Ñuble;Chillán;;;;No aplica;;ERNC;Solar;2,603;2,6;Sí;PMGD;Copelec;Alimentador Cato / S/E Cocharcas;;;;;;;;;;;;;763390;5951724;18H;Solar Fotovoltaica;11;10/08/2026
SEN;SING;CAUCE SOLAR SPA;;;PMGD PFV CAUCE SOLAR;En Operacion;03/04/2025;2025;Región de Antofagasta;Calama;;;;No aplica;;ERNC;Solar;9,013;9;Si;PMGD;Compañía General de Electricidad S.A.;S/E CALAMA E32;;;;;;;;;;;;;518134;7516002;19K;Solar Fotovoltaica;3;10/08/2026
SEN;SIC;GPG GENERACIÓN DISTRIBUIDA SPA;;;PMGD PFV CAUQUENES;En Operacion;11/11/2022;2022;Región del Maule;Cauquenes;;;;No aplica;;ERNC;Solar;3,15;3;Si;PMGD;CGE Distribución;Alimentador Quella /  S/ECauquenes;;;;;;;;;;;;;741939;6020606;18H;Solar Fotovoltaica;9;10/08/2026
SEN;SIC;LOS CAÑONES SUNLIGHT SPA;;;PMGD PFV CAÑONES SUNLIGHT;En Operacion;15/12/2022;2022;Región de Valparaíso;Calera;;;;No aplica;;ERNC;Solar;9,0086;9;Si;PMGD;Chilquinta;Alimentador Hijuelas /  S/ELa Calera;;;;;;;;;;;;;295336;6371855;19H;Solar Fotovoltaica;6;10/08/2026
SEN;SIC;CALDERA SOLAR SPA;;;PMGD PFV CE CALDERA;En Operacion;05/03/2024;2024;Región de Atacama;Caldera;;;;No aplica;;ERNC;Solar;8,302;7,8;Si;PMGD;CGE Distribución S.A;Alimentador Rodillo / S/E Caldera;;;;;;;;;;;;;327692;7002615;19H;Solar Fotovoltaica;4;10/08/2026
SEN;SIC;CEFALÚ SOLAR SPA;;;PMGD PFV CEFALU SOLAR;En Operacion;11/09/2024;2024;Región Metropolitana de Santiago;San Pedro;;;;No aplica;;ERNC;Solar;2,39;2,38;Si;PMGD;CGE;Alimentador San Pedro / S/E Las Arañas;;;;;;;;;;;;;270418;6244113;19H;Solar Fotovoltaica;7;10/08/2026
SEN;SIC;CENTAURO SOLAR SPA;;;PMGD PFV CENTAURO SOLAR;En Operacion;27/12/2023;2023;Región de Ñuble;Chillán;;;;1;;ERNC;Solar;8,382;7,88;Si;PMGD;Compañía General Electricidad S.A.;S/E Santa Elvira, alimentador O'Higgins 15 kV;;;;;;;;;;;;;754626;5945494;18H;Solar Fotovoltaica;11;10/08/2026
SEN;SIC;ANDINA SOLAR 6 SPA;;;PMGD PFV CENTRAL LLIU LLIU (FOSTER);En Operacion;07/05/2022;2022;Región de Valparaíso;Quillota;;;;No aplica;;ERNC;Solar;3,013;3;Si;PMGD;Chilquinta Distribución;Alimentador Tabolango /  S/EConcon;;;;;;;;;;;;;275997;6355737;19H;Solar Fotovoltaica;6;10/08/2026
SEN;SIC;ENEL GREEN POWER CHILE S.A.;;;PMGD PFV CETUS;En Operacion;09/01/2025;2025;Región del Libertador Gral. Bernardo O’Higgins;Quinta de Tilcoco;;;;No aplica;;ERNC;Solar;3,006;2,65;Si;PMGD;CGE;ALIMENTADOR ARGOMEDO / ID496_S/E QUINTA DE TILCOCO;;;;;;;;;;;;;319584;6199498;19H;Solar Fotovoltaica;8;10/08/2026
SEN;SIC;CHUNGUNGO SOLAR SPA;;76.522.352-0;PMGD PFV CHACABUCO;En Operacion;25/04/2020;2020;Región de Valparaíso;Rinconada;;;;NO APLICA;;ERNC;Solar;9;8,999;Si;PMGD;CHILQUINTA;ID 1521 BA S/E SAN RAFAEL (CHILQUINTA) 23KV;;;;;;;;;;;;;340041;6352431;19H;Solar Fotovoltaica;6;10/08/2026
SEN;SIC;SOL DEL SUR 15 SPA;;;PMGD PFV CHACAICO;En Operacion;22/11/2024;2024;Región del Biobío;Los Ángeles;;;;No aplica;;ERNC;Solar;1,09;1;Sí;PMGD;COOPELAN;Alimentador Santa Fe / S/E Los Ángeles;;;;;;;;;;;;;717431;5843695;18H;Solar Fotovoltaica;10;10/08/2026
SEN;SIC;SONNEDIX JOAQUÍN SOLAR SPA;;76.528.804-5;PMGD PFV CHALINGA SOLAR;En Operacion;19/07/2019;2019;Región de Coquimbo;Salamanca;;;;NO APLICA;;ERNC;Solar;3;2,996;Si;PMGD;CGE;ID 2469 BA S/E SALAMANCA 23KV BP1;;;;;;;;;;;;;313200;6484355;19 J;Solar Fotovoltaica;5;10/08/2026
SEN;SIC;TOLEDO SOLAR SPA;;;PMGD PFV CHAMONATE SOLAR;En Operacion;16/05/2025;2025;Región de Atacama;Copiapó;;;;No aplica;;ERNC;Solar;9,013;9;Si;PMGD;Compañía General de Electricidad S.A.;ALIMENTADOR OJANCO;;;;;;;;;;;;;361047;6981256;19J;Solar Fotovoltaica;4;10/08/2026
SEN;SIC;PV CHANCON SPA;;76.567.528-6;PMGD PFV CHANCON;En Operacion;21/03/2018;2018;Región del Libertador Gral. Bernardo O’Higgins;Rancagua;;;;NO APLICA;;ERNC;Solar;3;3;Si;PMGD;CGE;S/E TUNICHE;;;;;;;;;;;;;331885,21;6226283,44;19H;Solar Fotovoltaica;8;10/08/2026
SEN;SING;ISLUGA DE VERANO SPA;;;PMGD PFV CHAÑAR DEL VERANO;En Operacion;17/04/2024;2024;Región de Antofagasta;Calama;;;;No aplica;;ERNC;Solar;3,006;3;Si;PMGD;CGE;Alimentador Florida / S/E Calama;;;;;;;;;;;;;502001;7513763;19K;Solar Fotovoltaica;3;10/08/2026
SEN;SIC;CHEQUEN SOLAR SPA;;;PMGD PFV CHEQUEN SOLAR;En Operacion;13/03/2024;2024;Región Metropolitana de Santiago;Lampa;;;;No aplica;;ERNC;Solar;9,502;9;Si;PMGD;Enel Distribución Chile S.A.;Alimentador Portezuelo / S/E Batuco;;;;;;;;;;;;;330002,82;6316344,02;19H;Solar Fotovoltaica;7;10/08/2026
SEN;SIC;CHILENER II SPA;;;PMGD PFV CHILENER;En Operacion;08/08/2023;2023;Región del Maule;Linares;;;;No aplica;;ERNC;Solar;2,81;2,8;Si;PMGD;LUZ LINARES;Barrio Industrial /  S/ELinares Norte;;;;;;;;;;;;;260937,65;6032885,94;19H;Solar Fotovoltaica;9;10/08/2026
SEN;SIC;OSA MAYOR SOLAR SPA;;;PMGD PFV CHILLAN CONFLUENCIA;En Operacion;04/09/2025;2025;Región de Ñuble;Chillán;;;;No aplica;;ERNC;Solar;3,0045;3;Si;PMGD;Copelec;Alimentador Confluencia;;;;;;;;;;;;;745691;5946101;18H;Solar Fotovoltaica;11;10/08/2026
SEN;SIC;TAURO SOLAR SPA;;;PMGD PFV CHILLAN HUAMBALI HIPER;En Operacion;17/12/2024;2024;Región de Ñuble;Chillán Viejo;;;;NO APLICA;;ERNC;Solar;3,005;3;Sí;PMGD;Compañía General de Electricidad S.A;S/E CHILLAN C5;;;;;;;;;;;;;745662;5937216;18H;Solar Fotovoltaica;11;10/08/2026
SEN;SIC;FARMDO ENERGY CHILE SPA;;;PMGD PFV CHILLAN VICENTE MENDEZ;En Operacion;30/05/2025;2025;Región de Ñuble;Chillán;;;;No aplica;;ERNC;Solar;2,997;2,992;Si;PMGD;Compañía General de Electricidad S.A.;Alimentador Vicente Méndez;;;;;;;;;;;;;765985,64;5945834,83;18H;Solar Fotovoltaica;11;10/08/2026
SEN;SIC;MIGUEL SOLAR SPA;;;PMGD PFV CHILOE;En Operacion;27/11/2025;2025;Región del Maule;Curicó;;;;1;;ERNC;Solar;9,159;2,17;Si;PMGD;Compañía General de Electricidad S.A.;ALIMENTADOR RAUCO;;;;;;;;;;;;;296674;6134520;19H;Solar Fotovoltaica;9;10/08/2026
SEN;SIC;GR TINEO SPA;;76.461.943-9;PMGD PFV CHIMBARONGO;En Operacion;21/11/2017;2017;Región del Libertador Gral. Bernardo O’Higgins;Chimbarongo;;;;NO APLICA;;ERNC;Solar;3;3;Si;PMGD;CGE;S/E CHIMBARONGO 13,2KV;;;;;;;;;;;;;320015,44;6144774,43;19H;Solar Fotovoltaica;8;10/08/2026
SEN;SIC;RAVENNA SOLAR SPA;;;PMGD PFV CHOLGUAN;En Operacion;10/09/2024;2024;Región de Ñuble;Yungay;;;;1;;ERNC;Solar;2,21;2,2;Si;PMGD;Saesa;Cholguán Huepil /  S/ECholguán;;;;;;;;;;;;;758422;5885494;18H;Solar Fotovoltaica;11;10/08/2026
SEN;SIC;SPV P4 SPA;;76.201.449-1;PMGD PFV CHUCHIÑI;En Operacion;09/06/2016;2016;Región de Coquimbo;Salamanca;;;;NO APLICA;;ERNC;Solar;2,88;2,88;Si;PMGD;CONAFE;ALIMENTADOR CUCUMÉN 23KV;;;;;;;;;;;;;303233,9999;6485793,015;19J;Solar Fotovoltaica;5;10/08/2026
SEN;SIC;IMELSA ENERGÍA SPA;;76.472.262-0;PMGD PFV CINTAC;En Operacion;31/07/2017;2017;Región Metropolitana de Santiago;Maipú;;;;NO APLICA;;ERNC;Solar;2,77;2,77;Si;PMGD;ENEL DISTRIBUCIÓN;S/E MAIPU;;;;;;;;;;;;;339796,78;6290415,41;19H;Solar Fotovoltaica;7;10/08/2026
SEN;SIC;CIPRÉS SPA;;;PMGD PFV CIPRES;En Operacion;19/01/2021;2021;Región del Maule;Linares;;;;No aplica;;ERNC;Solar;9,045;9;Si;PMGD;CGE;Cunaco 15kV , S/E Chacahuín 15kV;;;;;;;;;;;;;262321,8;6033434,98;19H;Solar Fotovoltaica;9;10/08/2026
SEN;SIC;SOLAR TI ONCE SPA;;76.727.518-8;PMGD PFV CITRINO;En Operacion;03/12/2019;2019;Región Metropolitana de Santiago;Padre Hurtado;;;;NO APLICA;;ERNC;Solar;2,8;2,8;Si;PMGD;CGE;ID 2795 BA S/E PADRE HURTADO 23kV B1;;;;;;;;;;;;;324071,23;6283980,7;19 H;Solar Fotovoltaica;7;10/08/2026
SEN;SING;CE URIBE DE ANTOFAGASTA SOLAR SPA;;;PMGD PFV CKILIR;En Operacion;18/08/2022;2022;Región de Antofagasta;Antofagasta;;;;No aplica;;ERNC;Solar;9,168;9;Si;PMGD;CGE Distribución;Alimentador Los Morros /  S/EUribe;;;;;;;;;;;;;369693;7388209;19K;Solar Fotovoltaica;3;10/08/2026
SEN;SIC;CVE PROYECTO VEINTIUNO SPA;;;PMGD PFV CLEMENTINA;En Operacion;14/04/2023;2023;Región Metropolitana de Santiago;Tiltil;;;;No aplica;;ERNC;Solar;6,02;6;Si;PMGD;Enel Distribución Chile S.A.;Alimentador Polpaico /  S/EPunta Peuco;;;;;;;;;;;;;325948;6333700;19H;Solar Fotovoltaica;7;10/08/2026
SEN;SIC;FOTOVOLTAICA ALFA SPA;;76.807.947-1;PMGD PFV COCHARCAS;En Operacion;07/07/2020;2020;Región de Ñuble;San Nicolás;;;;NO APLICA;;ERNC;Solar;2,8;2,8;Si;PMGD;COPELEC;S/E COCHARCAS;;;;;;;;;;;;;222913;5953084;19H;Solar Fotovoltaica;11;10/08/2026
SEN;SIC;ENEL GREEN POWER CHILE S.A.;;;PMGD PFV COINCO;En Operacion;02/12/2023;2023;Región del Libertador Gral. Bernardo O’Higgins;Coinco;;;;No aplica;;ERNC;Solar;2,806;2,8;Si;PMGD;CGE Distribución;Alimentador Doñihue /  S/ELo Miranda;;;;;;;;;;;;;319986;6207787;19H;Solar Fotovoltaica;8;10/08/2026
SEN;SIC;PARQUE SOLAR LO PRADO SPA;;;PMGD PFV COLCHAGUA;En Operacion;21/05/2023;2023;Región del Libertador Gral. Bernardo O’Higgins;Palmilla;;;;No aplica;;ERNC;Solar;2,71;2,7;Si;PMGD;CGE;Alimentador El Barco /  S/ELihueimo;;;;;;;;;;;;;276091;6177851;19H;Solar Fotovoltaica;8;10/08/2026
SEN;SIC;ZORZAL SPA;;;PMGD PFV COLIBRI;En Operacion;23/07/2024;2024;Región del Biobío;Los Ángeles;;;;No aplica;;ERNC;Solar;3,0035;2,999;Sí;PMGD;FRONTEL;S/E Los Angeles (CGE) C2;;;;;;;;;;;;;722247;5841429;18H;Solar Fotovoltaica;10;10/08/2026
SEN;SIC;CHACABUCO SOLAR SPA;;;PMGD PFV COLINA;En Operacion;04/02/2023;2023;Región Metropolitana de Santiago;Colina;;;;No aplica;;ERNC;Solar;9,015;9;Si;PMGD;Enel Distribución Chile S.A.;Alimentador Huechun / S/E El Manzano (Enel Transmisión);;;;;;;;;;;;;340002;6343801,24;19H;Solar Fotovoltaica;7;10/08/2026
SEN;SIC;BLUE SOLAR UNO SPA;;;PMGD PFV COLLANCO;En Operacion;25/03/2025;2025;Región del Maule;Constitución;;;;No aplica;;ERNC;Solar;9,09;9,09;Si;PMGD;CGE;Alimentador Falucho / S/E Constitución;;;;;;;;;;;;;747855;6097717;18H;Solar Fotovoltaica;9;10/08/2026
SEN;SIC;ACUARIO SOLAR SPA;;;PMGD PFV COLTAUCO ALMENDRO;En Operacion;14/02/2023;2023;Región del Libertador Gral. Bernardo O’Higgins;Coltauco;;;;No aplica;;ERNC;Solar;2,906;2,9;Si;PMGD;CGE Distribución;Alimentador Coltauco /  S/ELoreto;;;;;;;;;;;;;311575,84;6206026,21;19H;Solar Fotovoltaica;8;10/08/2026
SEN;SIC;ABASTIBLE S.A.;;;PMGD PFV CONCON;En Operacion;19/01/2023;2023;Región de Valparaíso;Concón;;;;1;;ERNC;Solar;0,1;0,1;Si;PMGD;Chilquinta;Alimentador Expreso RPC /  S/EConcon;;;;;;;;;;;;;267390;6353815;19H;Solar Fotovoltaica;6;10/08/2026
SEN;SIC;EL CÓNDOR SOLAR SPA;;;PMGD PFV CONCORDE;En Operacion;29/10/2025;2025;Región de Atacama;Chañaral;;;;No aplica;;ERNC;Solar;6;6;Si;PMGD;CGE;ALIMENTADOR EL SALADO / S/E EL SALADO;;;;;;;;;;;;;368216,4;7076416,21;19J;Solar Fotovoltaica;4;10/08/2026
SEN;SIC;PARQUE FOTOVOLTAICO CHEPICA SPA;;;PMGD PFV CONDOR CHEPICA;En Operacion;22/09/2022;2022;Región del Libertador Gral. Bernardo O’Higgins;Chépica;;;;No aplica;;ERNC;Solar;3,015;3;Si;PMGD;CGE Distribución;Alimentador Colchagua /  S/EPaniahue;;;;;;;;;;;;;288073;6154882;19H;Solar Fotovoltaica;8;10/08/2026
SEN;SIC;PARQUE FOTOVOLTAICO LA LIGUA SPA;;;PMGD PFV CONDOR LA LIGUA;En Operacion;27/11/2024;2024;Región de Valparaíso;La Ligua;;;;No aplica;;ERNC;Solar;2,565;2,55;Sí;PMGD;CGE Distribución;SE Quinquimo / Alimentador Placilla;;;;;;;;;;;;;288202;6403412;19H;Solar Fotovoltaica;6;10/08/2026
SEN;SIC;PARQUE FOTOVOLTAICO PEÑAFLOR SPA;;;PMGD PFV CONDOR PELVIN;En Operacion;18/03/2022;2022;Región Metropolitana de Santiago;Peñaflor;;;;No aplica;;ERNC;Solar;3,015;3;Si;PMGD;CGE;Alimentador Loreto /  S/EMalloco;;;;;;;;;;;;;321186;6278160;19H;Solar Fotovoltaica;7;10/08/2026
SEN;SIC;PARQUE FOTOVOLTAICO LOS BOLDOS SPA;;;PMGD PFV CONDOR PETORCA;En Operacion;21/12/2022;2022;Región de Valparaíso;Petorca;;;;No aplica;;ERNC;Solar;0,915;0,9;Si;PMGD;CGE Distribución;Alimentador Petorca /  S/ECabildo;;;;;;;;;;;;;315679;6428461;19H;Solar Fotovoltaica;6;10/08/2026
SEN;SIC;TEATINOS ENERGÍA S.A.;;76.479.446-K;PMGD PFV CORDILLERILLA SOLAR;En Operacion;27/03/2017;2017;Región del Maule;Curicó;;;;NO APLICA;;ERNC;Solar;1,33;1,3196;Si;PMGD;CEC;S/E TENO 13.2 KV;;;;;;;;;;;;;305772,15;6106821,16;19H;Solar Fotovoltaica;9;10/08/2026
SEN;SIC;CORSO SOLAR SPA;;;PMGD PFV CORSO;En Operacion;13/11/2023;2023;Región de Atacama;Copiapó;;;;No aplica;;ERNC;Solar;2,205;2,2;Si;PMGD;CGE;Alimentador La Chimba / S/E Copiapó;;;;;;;;;;;;;363044;6979610;19H;Solar Fotovoltaica;4;10/08/2026
SEN;SIC;APOLO SOLAR SPA;;;PMGD PFV CORTIJO;En Operacion;09/09/2021;2021;Región del Biobío;Cabrero;;;;No aplica;;ERNC;Solar;9,06;9;Si;PMGD;Empresa Eléctrica de la Frontera S.A.;Alimentador Cabrero – Subestación Cabrero;;;;;;;;;;;;;731712;5890695;18 H;Solar Fotovoltaica;10;10/08/2026
SEN;SIC;CHUNGUNGO SOLAR SPA;;76.866.361-0;PMGD PFV COVADONGA;En Operacion;10/06/2020;2020;Región de Atacama;Chañaral;;;;NO APLICA;;ERNC;Solar;9;8,999;Si;PMGD;CGE;ID 488 BA S/E EL SALADO 23KV;;;;;;;;;;;;;369631;7075755;19 J;Solar Fotovoltaica;4;10/08/2026
SEN;SIC;CRUCERO SPA;;76.752.425-0;PMGD PFV CRUCERO;En Operacion;01/08/2019;2019;Región del Libertador Gral. Bernardo O’Higgins;Peralillo;;;;NO APLICA;;ERNC;Solar;2,95;2,92;Si;PMGD;CGE;ID 1435 BA S/E LIHUEIMO 13,2KV BP1;;;;;;;;;;;;;270266;6182383;19 H;Solar Fotovoltaica;8;10/08/2026
SEN;SIC;PMGD CRUZ SPA;;76.839.906-9;PMGD PFV CRUZ SOLAR;En Operacion;19/07/2019;2019;Región de Valparaíso;Panquehue;;;;NO APLICA;;ERNC;Solar;3;2,956;Si;PMGD;CHILQUINTA;ID 1020 BA S/E PANQUEHUE 12KV BP1;;;;;;;;;;;;;325270;6370010;19 H;Solar Fotovoltaica;6;10/08/2026
SEN;SIC;ENEL GREEN POWER CHILE S.A.;;;PMGD PFV CUARZO;En Operacion;05/12/2024;2024;Región Metropolitana de Santiago;Alhué;;;;No aplica;;ERNC;Solar;3,006;3;Si;PMGD;CGE Distribución;ALIMENTADOR CANTILLANA;;;;;;;;;;;;;309904;6231521;19H;Solar Fotovoltaica;7;10/08/2026
SEN;SIC;PARQUE FOTOVOLTAICO CURACAVÍ SPA;;;PMGD PFV CURACAVI;En Operacion;24/06/2021;2021;Región Metropolitana de Santiago;Curacaví;;;;No aplica;;ERNC;Solar;2,703342;2,7;Si;PMGD;CGE;Alimentador Curacaví /  S/ECuracaví;;;;;;;;;;;;;300778;6309154;19H;Solar Fotovoltaica;7;10/08/2026
SEN;SIC;SOLAR TI TREINTA Y OCHO SPA;;;PMGD PFV CURACO;En Operacion;02/07/2024;2024;Región del Libertador Gral. Bernardo O’Higgins;Codegua;;;;No aplica;;ERNC;Solar;9;9;Si;PMGD;CGE Distribución;Alimentador Berríos /  S/EGraneros;;;;;;;;;;;;;344944;6231717;19H;Solar Fotovoltaica;8;10/08/2026
SEN;SIC;PARQUE SOLAR CUZ CUZ SPA;;76.367.198-4;PMGD PFV CUZ CUZ;En Operacion;02/03/2017;2017;Región de Coquimbo;Illapel;;;;NO APLICA;;ERNC;Solar;3;2,97;Si;PMGD;CONAFE;S/E ILLAPEL;;;;;;;;;;;;;289976,71;6494762,99;19J;Solar Fotovoltaica;5;10/08/2026
SEN;SIC;ENEL GREEN POWER CHILE S.A.;;;PMGD PFV DADINCO;En Operacion;02/06/2021;2021;Región de Ñuble;San Nicolás;;;;No aplica;;ERNC;Solar;3,006;3;Si;PMGD;CGE DISTRIBUCIÓN;Alimentado Río Ñuble /  S/ECocharcas;;;;;;;;;;;;;760481;5953715;18H;Solar Fotovoltaica;11;10/08/2026
SEN;SIC;PMGD DARLIN SPA;;76.991.760-8;PMGD PFV DARLIN SOLAR;En Operacion;28/03/2020;2020;Región Metropolitana de Santiago;Isla de Maipo;;;;NO APLICA;;ERNC;Solar;9;8,95;Si;PMGD;CGE;ID_851 IM S/E ISLA DE MAIPO C3;;;;;;;;;;;;;327006;6263290;19H;Solar Fotovoltaica;7;10/08/2026
SEN;SIC;DIEGO DE ALMAGRO SOLAR SPA;;76.071.634-0;PMGD PFV DIEGO DE ALMAGRO SOLAR;En Operacion;28/11/2018;2018;Región de Atacama;Diego de Almagro;;;;1;;ERNC;Solar;8;7,91;Si;PMGD;CGE;S/E DIEGO DE ALMAGRO 23KV;;;;;;;;;;;;;393571,87;7082838,14;19 J;Solar Fotovoltaica;4;10/08/2026
SEN;SIC;SOLAR TI TRECE SPA;;;PMGD PFV DINAMO;En Operacion;24/06/2025;2025;Región Metropolitana de Santiago;María Pinto;;;;No aplica;;ERNC;Solar;2,91;2,9;Si;PMGD;CGE Distribución S.A.;ALIMENTADOR CHOROMBO;;;;;;;;;;;;;286196;6295776;19H;Solar Fotovoltaica;7;10/08/2026
SEN;SIC;PARQUE SOLAR CANCHA SPA;;;PMGD PFV DON ANDRONICO;En Operacion;24/02/2021;2021;Región Metropolitana de Santiago;San Pedro;;;;No aplica;;ERNC;Solar;2,75;2,703;Si;PMGD;COMPAÑÍA GENERAL DE ELECTRICIDAD S.A.;Alimentador Lo Sierra 23 kV / S/E Santa Rosa;;;;;;;;;;;;;285480,27;6236425,53;19 H;Solar Fotovoltaica;7;10/08/2026
SEN;SIC;DON ENRIQUE SPA;;;PMGD PFV DON ENRIQUE;En Operacion;24/08/2022;2022;Región de Coquimbo;Punitaqui;;;;No aplica;;ERNC;Solar;9,15;9;Si;PMGD;CGE Distribución;Alimentador El Hinojo /  S/EPunitaqui;;;;;;;;;;;;;281466;6589150;19J;Solar Fotovoltaica;5;10/08/2026
SEN;SIC;GR TIACA SPA;;76.451.224-3;PMGD PFV DON EUGENIO;En Operacion;26/09/2017;2017;Región del Libertador Gral. Bernardo O’Higgins;Las Cabras;;;;NO APLICA;;ERNC;Solar;3;2,9499;Si;PMGD;CGE;ID 207 BA S/E EL MANZANO (CGE) 15KV BP1;;;;;;;;;;;;;280300,42;6205883,12;19H;Solar Fotovoltaica;8;10/08/2026
SEN;SIC;BETEL SPA;;77.050.429-5;PMGD PFV DON JORGE (EX PERALILLO);En Operacion;12/11/2020;2020;Región del Libertador Gral. Bernardo O’Higgins;Peralillo;;;;No aplica;;ERNC;Solar;3,01;3;Si;PMGD;CGE;Alimentador Molineros, S/E Lihueimo;;;;;;;;;;;;;271118;6181260;19H;Solar Fotovoltaica;8;10/08/2026
SEN;SIC;DON MARIANO ENERGY SPA;;76.807.996-K;PMGD PFV DON MARIANO;En Operacion;24/04/2020;2020;Región del Libertador Gral. Bernardo O’Higgins;Malloa;;;;NO APLICA;;ERNC;Solar;3;2,98488;Si;PMGD;CGE;S/E PELEQUÉN;;;;;;;;;;;;;333133,1;6182436,36;19 H;Solar Fotovoltaica;8;10/08/2026
SEN;SIC;PARQUE SOLAR ALBOR SPA;;;PMGD PFV DON MARTIN;En Operacion;11/11/2022;2022;Región del Biobío;Los Ángeles;;;;No aplica;;ERNC;Solar;2,7534;2,75;Si;PMGD;SAESA;Alimentador Santa Barbara /  S/EPicoltue;;;;;;;;;;;;;746402;5835069;18H;Solar Fotovoltaica;10;10/08/2026
SEN;SIC;PARQUE FOTOVOLTAICO DON MATÍAS SPA;;;PMGD PFV DON MATIAS;En Operacion;17/11/2023;2023;Región del Libertador Gral. Bernardo O’Higgins;San Fernando;;;;No aplica;;ERNC;Solar;2,74;2,7;Si;PMGD;CGE Distribución S.A.;Alimentador ENAP / S/E Colchagua;;;;;;;;;;;;;329108;6158846;19H;Solar Fotovoltaica;8;10/08/2026
SEN;SIC;FOTOVOLTAICA DON RENATO SPA;;;PMGD PFV DON RENATO;En Operacion;11/03/2026;2026;Región de Valparaíso;Cabildo;;;;No aplica;;ERNC;Solar;2,865;2,86;Si;PMGD;Compañía General de Electricidad S.A.;ALIMENTADOR HUMERES;;;;;;;;;;;;;309533,91;6411977,33;19H;Solar Fotovoltaica;6;10/08/2026
SEN;SIC;ENEL GREEN POWER CHILE S.A.;;;PMGD PFV DON RODRIGO;En Operacion;05/04/2023;2023;Región del Maule;Talca;;;;No aplica;;ERNC;Solar;4,506;4,5;Si;PMGD;CGE Distribución;Alimentador El Canelo /  S/ESan Clemente;;;;;;;;;;;;;266847;6065328;19H;Solar Fotovoltaica;9;10/08/2026
SEN;SIC;SOLAR TI TREINTA Y SEIS SPA;;;PMGD PFV DON SIMON;En Operacion;20/02/2024;2024;Región del Libertador Gral. Bernardo O’Higgins;Machalí;;;;No aplica;;ERNC;Solar;7,01;7;Si;PMGD;CGE Distribución;S/E Machalí C3;;;;;;;;;;;;;345446,83;6213828,1;19H;Solar Fotovoltaica;8;10/08/2026
SEN;SIC;PARQUE FOTOVOLTAICO DOÑA IGNA SPA;;;PMGD PFV DOÑA IGNA;En Operacion;04/08/2023;2023;Región Metropolitana de Santiago;Melipilla;;;;No aplica;;ERNC;Solar;2,24;2,2;Si;PMGD;CGE;Alimentador San José / S/E Bollenar;;;;;;;;;;;;;294610;6281136;19H;Solar Fotovoltaica;7;10/08/2026
SEN;SIC;YANQUI SOLAR SPA;;;PMGD PFV DOÑA REGINA SOLAR;En Operacion;11/04/2024;2024;Región del Biobío;Los Ángeles;;;;No aplica;;ERNC;Solar;3;3,007;Si;PMGD;CGE;S/E Duqueco E2;;;;;;;;;;;;;738660;5842384;18H;Solar Fotovoltaica;10;10/08/2026
SEN;SIC;ENEL GREEN POWER CHILE S.A.;;;PMGD PFV DOÑA RUBENA;En Operacion;20/02/2024;2024;Región Metropolitana de Santiago;Tiltil;;;;No aplica;;ERNC;Solar;3,006;3;Si;PMGD;Enel Distribución Chile S.A.;Alimentador Rungue 23kV S/E Rungue;;;;;;;;;;;;;324313;6343793;19H;Solar Fotovoltaica;7;10/08/2026
SEN;SIC;PV DOÑIHUE SPA;;76.748.838-6;PMGD PFV DOÑIHUE;En Operacion;27/08/2019;2019;Región del Libertador Gral. Bernardo O’Higgins;Coinco;;;;NO APLICA;;ERNC;Solar;7,5;7,5;Si;PMGD;CGE;ID 352 BA S/E LO MIRANDA 15KV BP2;;;;;;;;;;;;;320054;6204738;19 H;Solar Fotovoltaica;8;10/08/2026
SEN;SIC;NAIN SOLAR SPA;;;PMGD PFV DRUX;En Operacion;04/02/2026;2026;Región del Maule;Curicó;;;;No aplica;;ERNC;Solar;9,045;9;Si;PMGD;Compañía General de Electricidad S.A.;ALIMENTADOR RUCATREMO;;;;;;;;;;;;;302301,53;6128453,35;19H;Solar Fotovoltaica;9;10/08/2026
SEN;SIC;COCHARCAS SOLAR SPA;;;PMGD PFV DUQUECO SOLAR;En Operacion;16/08/2022;2022;Región del Biobío;Los Ángeles;;;;No aplica;;ERNC;Solar;9,01;9;Si;PMGD;CGE Distribución;Alimentador Licura /  S/EDuqueco;;;;;;;;;;;;;738276;5841834;18H;Solar Fotovoltaica;10;10/08/2026
SEN;SIC;ENEL GREEN POWER CHILE S.A.;;;PMGD PFV EA MAITEN;En Operacion;19/12/2025;2025;Región del Maule;San Rafael;;;;No aplica;;ERNC;Solar;3;3;Si;PMGD;CGE;ID3168_PA S/E SAN RAFAEL C2;;;;;;;;;;;;;263057,924;6087095,66;19H;Solar Fotovoltaica;9;10/08/2026
SEN;SIC;ENEL GREEN POWER CHILE S.A.;;;PMGD PFV EA SF GRANEROS;En Operacion;14/12/2023;2023;Región del Libertador Gral. Bernardo O’Higgins;Rancagua;;;;No Aplica;;ERNC;Solar;3,006;3;Si;PMGD;CGE;S/E TUNICHE C4;;;;;;;;;;;;;332697,95;6222603,88;19H;Solar Fotovoltaica;8;10/08/2026
SEN;SIC;ENEL GREEN POWER CHILE S.A.;;;PMGD PFV EA SF PICHILEMU;En Operacion;08/04/2024;2024;Región del Libertador Gral. Bernardo O’Higgins;Marchihue;;;;no aplica;;ERNC;Solar;3,006;3;Si;PMGD;CGE;S/E ALCONES E3;;;;;;;;;;;;;250782;6190611;19H;Solar Fotovoltaica;8;10/08/2026
SEN;SIC;ECLIPSE SOLAR SPA;;76.505.367-6;PMGD PFV ECLIPSE SOLAR;En Operacion;10/01/2020;2020;Región Metropolitana de Santiago;San Pedro;;;;NO APLICA;;ERNC;Solar;9;8,99;Si;PMGD;CGE;ID 3317 BA S/E LAS ARANAS 66KV BP5;;;;;;;;;;;;;275656;6245575;19 H;Solar Fotovoltaica;7;10/08/2026
SEN;SIC;GS INIMA CHILE S.A.;;76.565.252-9;PMGD PFV EL BOCO;En Operacion;31/01/2017;2017;Región de Valparaíso;Quillota;;;;NO APLICA;;ERNC;Solar;7,72;7,67;Si;PMGD;CHILQUINTA;ALIMENTADOR LA PALMILLA;;;;;;;;;;;;;289927,89;6362582,86;19H;Solar Fotovoltaica;6;10/08/2026
SEN;SIC;PFV EL CAIQUÉN SPA;;;PMGD PFV EL CAIQUEN;En Operacion;21/02/2024;2024;Región del Maule;Retiro;;;;No aplica;;ERNC;Solar;9,01;9;Si;PMGD;Luzparral;S/E Longaví C3;;;;;;;;;;;;;251903;6020490;19H;Solar Fotovoltaica;9;10/08/2026
SEN;SIC;PFV EL CARDENAL SPA;;;PMGD PFV EL CARDENAL;En Operacion;27/12/2023;2023;Región del Libertador Gral. Bernardo O’Higgins;San Vicente;;;;No aplica;;ERNC;Solar;3,0045;3;Si;PMGD;p3;Alimentador La Fontecilla / S/E San Vicente de Tagua Tagua;;;;;;;;;;;;;308201;6188779;19H;Solar Fotovoltaica;8;10/08/2026
SEN;SIC;PFV EL CARPINTERO SPA;;;PMGD PFV EL CARPINTERO;En Operacion;02/01/2024;2024;Región del Maule;Constitución;;;;No aplica;;ERNC;Solar;9;8,5;Si;PMGD;CGE;Alimentador Purapel / S/E Constitución;;;;;;;;;;;;;736591;6083144;18H;Solar Fotovoltaica;9;10/08/2026
SEN;SIC;EL CASTAÑO SPA;;;PMGD PFV EL CASTAÑO;En Operacion;03/09/2021;2021;Región del Libertador Gral. Bernardo O’Higgins;Las Cabras;;;;No aplica;;ERNC;Solar;8,603;8,6;Si;PMGD;CGE;Alimentador La Rosa /  S/ELas Cabras;;;;;;;;;;;;;286479;6196755;19H;Solar Fotovoltaica;8;10/08/2026
SEN;SING;LA SIERRA SPA;;;PMGD PFV EL CATURRO;En Operacion;04/12/2025;2025;Región de Antofagasta;Sierra Gorda;;;;No aplica;;ERNC;Solar;0,21;0,1;Si;PMGD;Compañía General de Electricidad S.A.;ALIMENTADOR SIERRA GORDA;;;;;;;;;;;;;470081;7468765;19K;Solar Fotovoltaica;3;10/08/2026
SEN;SIC;PV EL CERNÍCALO SPA;;;PMGD PFV EL CERNICALO;En Operacion;21/12/2017;2017;Región de Ñuble;Ninhue;;;;NO APLICA;;ERNC;Solar;1,5;1,5;Si;PMGD;COPELEC;ID 578 BA S/E HUALTE 13.2KV;;;;;;;;;;;;;735327,76;5964921,32;18H;Solar Fotovoltaica;11;10/08/2026
SEN;SIC;PV EL CERNÍCALO SPA;;;PMGD PFV EL CERNICALO II;En Operacion;21/12/2017;2017;Región de Ñuble;Ninhue;;;;NO APLICA;;ERNC;Solar;1,5;1,5;Si;PMGD;CGE;ID 578 BA S/E HUALTE 13.2KV;;;;;;;;;;;;;735369,74;5965005,33;18H;Solar Fotovoltaica;11;10/08/2026
SEN;SIC;PFV EL CHERCAN SPA;;;PMGD PFV EL CHERCAN;En Operacion;21/07/2023;2023;Región del Maule;Curicó;;;;No aplica;;ERNC;Solar;9,015;9;Si;PMGD;CGE;Alimentador Tutuquén / S/E Curicó;;;;;;;;;;;;;288425;6126788;19H;Solar Fotovoltaica;9;10/08/2026
SEN;SIC;PV EL CHINCOL SPA;;76.860.793-1;PMGD PFV EL CHINCOL;En Operacion;07/09/2018;2018;Región de Ñuble;Ñiquén;;;;1;;ERNC;Solar;3;2,99;Si;PMGD;LUZ PARRAL;S/E SAN GREGORIO 12KV;;;;;;;;;;;;;243081;5980709;19 H;Solar Fotovoltaica;11;10/08/2026
SEN;SIC;PFV EL CHUCAO SPA;;76.982.022-1;PMGD PFV EL CHUCAO;En Operacion;12/09/2020;2020;Región del Maule;Retiro;;;;NO APLICA;;ERNC;Solar;3,01;3;Si;PMGD;LUZ PARRAL S.A;ID 2566 BA S/E PASO HONDO 13.2KV BP1;;;;;;;;;;;;;236016;6009714;19 H;Solar Fotovoltaica;9;10/08/2026
SEN;SIC;PFV EL CÓNDOR SPA;;76.967.538-8;PMGD PFV EL CONDOR;En Operacion;12/08/2020;2020;Región del Maule;Teno;;;;NO APLICA;;ERNC;Solar;1,336;1,33;Si;PMGD;CEC;ID 1093 BA S/E QUINTA 13,2KV BP1;;;;;;;;;;;;;314475;6138606;19 H;Solar Fotovoltaica;9;10/08/2026
SEN;SIC;PFV EL CUERVO SPA;;;PMGD PFV EL CUERVO;En Operacion;26/10/2023;2023;Región del Maule;Licantén;;;;No aplica;;ERNC;Solar;3,01;3;Si;PMGD;CGE Distribución;Alimentador Paraguay /  S/ELicantén;;;;;;;;;;;;;771128;6121295;18H;Solar Fotovoltaica;9;10/08/2026
SEN;SIC;DIVISADERO SPA;;76.438.021-5;PMGD PFV EL DIVISADERO;En Operacion;10/08/2016;2016;Región de Coquimbo;Punitaqui;;;;NO APLICA;;ERNC;Solar;3;2,995;Si;PMGD;CONAFE;S/E PUNITAQUI 66 KV;;;;;;;;;;;;;296466,19;6585515,44;19J;Solar Fotovoltaica;5;10/08/2026
SEN;SIC;FOTOVOLTAICA EL MANZANO SPA;;76.404.001-5;PMGD PFV EL ESTERO;En Operacion;20/12/2019;2019;Región del Libertador Gral. Bernardo O’Higgins;Las Cabras;;;;1;;ERNC;Solar;2,7;2,68;Si;PMGD;CGE;ID 207 BA S/E EL MANZANO (CGE) 15KV BP1;;;;;;;;;;;;;278782;6210778;19 H;Solar Fotovoltaica;8;10/08/2026
SEN;SIC;PFV EL FLAMENCO SPA;;;PMGD PFV EL FLAMENCO;En Operacion;02/08/2022;2022;Región del Maule;Yerbas Buenas;;;;No aplica;;ERNC;Solar;9,01;9;Si;PMGD;Luz Linares S.A.;Alimentador Llanos Blancos /  S/EYerbas Buenas;;;;;;;;;;;;;272053;6048016;19H;Solar Fotovoltaica;9;10/08/2026
SEN;SIC;PFV EL GAVIOTÍN SPA;;;PMGD PFV EL GAVIOTIN;En Operacion;29/03/2023;2023;Región de Coquimbo;La Serena;;;;No aplica;;ERNC;Solar;9,015;9;Si;PMGD;CGE Distribución;Alimentador Alemania /  S/ELas Compañias;;;;;;;;;;;;;285000;6694098;19J;Solar Fotovoltaica;5;10/08/2026
SEN;SIC;INCAHUASI ENERGY SPA;;76.618.674-2;PMGD PFV EL GUANACO SOLAR;En Operacion;09/09/2020;2020;Región Metropolitana de Santiago;Padre Hurtado;;;;NO APLICA;;ERNC;Solar;9,008;9;Si;PMGD;CGE;Alimentador Malloco /  S/EMalloco;;;;;;;;;;;;;327184;6284777;19H;Solar Fotovoltaica;7;10/08/2026
SEN;SIC;PARQUE SOLAR SALAMANCA SPA;;;PMGD PFV EL HUASO;En Operacion;15/07/2022;2022;Región Metropolitana de Santiago;Catemu;;;;No aplica;;ERNC;Solar;2,71;2,7;Si;PMGD;Chilquinta SA;Alimentador Enami /  S/ECatemu;;;;;;;;;;;;;314619;6372938;19H;Solar Fotovoltaica;7;10/08/2026
SEN;SIC;PARQUE FOTOVOLTAICO IDAHUILLO SPA;;;PMGD PFV EL INTERLOCUTOR;En Operacion;21/07/2024;2024;Región del Libertador Gral. Bernardo O’Higgins;Coltauco;;;;no aplica;;ERNC;Solar;2,713;2,7;Si;PMGD;Compañía General de Electricidad S.A;Almendro / Loreto;;;;;;;;;;;;;305512,54;6201348,08;19H;Solar Fotovoltaica;8;10/08/2026
SEN;SIC;LAUREL SPA;;76.519.771-6;PMGD PFV EL LAUREL;En Operacion;29/05/2019;2019;Región Metropolitana de Santiago;El Monte;;;;1;;ERNC;Solar;7,5;7,31;Si;PMGD;CGE;ID 572 BA S/E EL PAICO 13,2KV BP1;;;;;;;;;;;;;312590,9302;6271484,416;19 H;Solar Fotovoltaica;7;10/08/2026
SEN;SIC;DIANA SOLAR SPA;;76.963.336-7;PMGD PFV EL LITRE SOLAR;En Operacion;20/06/2020;2020;Región Metropolitana de Santiago;Tiltil;;;;no aplica;;ERNC;Solar;9;9;Si;PMGD;ENEL DISTRIBUCIÓN;S/E EL MANZANO 23KV;;;;;;;;;;;;;334138;6332974;19H;Solar Fotovoltaica;7;10/08/2026
SEN;SIC;PFV EL LORO CHOROY SPA;;;PMGD PFV EL LORO CHOROY;En Operacion;24/05/2024;2024;Región del Maule;Curicó;;;;no aplica;;ERNC;Solar;9,045;9;Si;PMGD;Compañía General de Electricidad S.A.;S/E CURICO C4;;;;;;;;;;;;;291720;6126698;19E;Solar Fotovoltaica;9;10/08/2026
SEN;SIC;PFV EL MIRLO SPA;;;PMGD PFV EL MIRLO;En Operacion;29/12/2023;2023;Región del Libertador Gral. Bernardo O’Higgins;Malloa;;;;No aplica;;ERNC;Solar;6,235;6,22;Si;PMGD;CGE;Alimentador Condell / S/E Rengo;;;;;;;;;;;;;328870;6186307;19H;Solar Fotovoltaica;8;10/08/2026
SEN;SIC;CALLAQUI DE VERANO SPA;;;PMGD PFV EL MONTE;En Operacion;04/02/2022;2022;Región Metropolitana de Santiago;El Monte;;;;No aplica;;ERNC;Solar;3,006;3;Si;PMGD;CGE Distribución;Alimentador Santa Cecilia /  S/EEl Monte;;;;;;;;;;;;;313595,08;6272548,21;19H;Solar Fotovoltaica;7;10/08/2026
SEN;SIC;CALLAQUI DE VERANO SPA;;;PMGD PFV EL MONTE AMPLIACIÓN;En Operacion;06/02/2026;2026;Región Metropolitana de Santiago;El Monte;;;;No aplica;;ERNC;Solar;6,0031;6;Si;PMGD;Compañía General de Electricidad S.A.;ALIMENTADOR Naltagua;;;;;;;;;;;;;313572;313572;19H;Solar Fotovoltaica;7;10/08/2026
SEN;SIC;PFV EL PICHÓN SPA;;;PMGD PFV EL PICHON;En Operacion;17/07/2023;2023;Región del Maule;Retiro;;;;No aplica;;ERNC;Solar;3,005;3;Si;PMGD;CGE;Alimentador Copihue / S/E Retiro;;;;;;;;;;;;;251116;6008548;19H;Solar Fotovoltaica;9;10/08/2026
SEN;SIC;PV EL PICURIO SPA;;76.860.789-3;PMGD PFV EL PICURIO;En Operacion;04/09/2018;2018;Región del Libertador Gral. Bernardo O’Higgins;Chimbarongo;;;;NO APLICA;;ERNC;Solar;3;3;Si;PMGD;CEC;S/E QUINTA;;;;;;;;;;;;;311374,97;6147306,98;19H;Solar Fotovoltaica;8;10/08/2026
SEN;SIC;PV EL PILPEN SPA;;76.744.083-9;PMGD PFV EL PILPEN;En Operacion;02/11/2017;2017;Región Metropolitana de Santiago;María Pinto;;;;NO APLICA;;ERNC;Solar;3;2,9901;Si;PMGD;CGE;ID 557 BA S/E BOLLENAR 13.2KV BP1;;;;;;;;;;;;;291800,78;6284508,69;19H;Solar Fotovoltaica;7;10/08/2026
SEN;SIC;PV EL PITIO SPA;;76.830.065-8;PMGD PFV EL PITIO;En Operacion;13/03/2018;2018;Región del Maule;Longaví;;;;NO APLICA;;ERNC;Solar;3;2,9901;Si;PMGD;LUZ PARRAL;S/E LONGAVI 13.2 KV;;;;;;;;;;;;;257045,47;6015318,82;19H;Solar Fotovoltaica;9;10/08/2026
SEN;SIC;PFV EL PIUQUEN SPA;;;PMGD PFV EL PIUQUEN;En Operacion;03/07/2021;2021;Región de Ñuble;Bulnes;;;;No aplica;;ERNC;Solar;3,01;3;Si;PMGD;Copelec;ALIMENTADOR LAS BRISAS –  S/ETRES ESQUINAS;;;;;;;;;;;;;747582,925;5926621,67;18H;Solar Fotovoltaica;11;10/08/2026
SEN;SIC;PV EL QUELTEHUE SPA;;76.744.082-0;PMGD PFV EL QUELTEHUE;En Operacion;13/09/2017;2017;Región Metropolitana de Santiago;Melipilla;;;;NO APLICA;;ERNC;Solar;3;2,9952;Si;PMGD;CGE;ID 557 BA S/E BOLLENAR 13.2KV BP1;;;;;;;;;;;;;294418;6284360;19H;Solar Fotovoltaica;7;10/08/2026
SEN;SIC;REDEN CABILDO SOLAR SPA;;76.948.169-9;PMGD PFV EL QUEMADO;En Operacion;20/11/2018;2018;Región de Valparaíso;Cabildo;;;;1;;ERNC;Solar;3;2,98;Si;PMGD;CONAFE;S/E CABILDO 23KV;;;;;;;;;;;;;310354;6409404;19 H;Solar Fotovoltaica;6;10/08/2026
SEN;SIC;EL QUEULE SPA;;76.503.263-6;PMGD PFV EL QUEULE;En Operacion;19/01/2019;2019;Región del Libertador Gral. Bernardo O’Higgins;Las Cabras;;;;1;;ERNC;Solar;7;6,87;Si;PMGD;CGE;S/E EL MANZANO 15KV;;;;;;;;;;;;;279269,18;6210664,49;19 H;Solar Fotovoltaica;8;10/08/2026
SEN;SIC;PFV EL RAYADOR SPA;;;PMGD PFV EL RAYADOR;En Operacion;01/10/2023;2023;Región de Coquimbo;La Serena;;;;no aplica;;ERNC;Solar;9,015;9;Si;PMGD;CGE;S/E LAS COMPAÑIAS C2;;;;;;;;;;;;;284939;6695009;19J;Solar Fotovoltaica;5;10/08/2026
SEN;SIC;IMPULSO SOLAR EL RESPLANDOR SPA;;76.825.044-8;PMGD PFV EL RESPLANDOR;En Operacion;19/05/2020;2020;Región del Biobío;Cabrero;;;;NO APLICA;;ERNC;Solar;2,63;2,627;Si;PMGD;SAESA;S/E CABRERO 23KV;;;;;;;;;;;;;732739;5897568;18H;Solar Fotovoltaica;10;10/08/2026
SEN;SIC;CHESTER SOLAR IV SPA;;76.440.337-1;PMGD PFV EL ROBLE;En Operacion;19/10/2017;2017;Región Metropolitana de Santiago;San Pedro;;;;NO APLICA;;ERNC;Solar;9;8,88;Si;PMGD;CGE;S/E PEUMO;;;;;;;;;;;;;279507,47;6231168,68;19H;Solar Fotovoltaica;7;10/08/2026
SEN;SIC;GR ULMO SPA;;;PMGD PFV EL ROMERAL;En Operacion;29/12/2020;2020;Región del Libertador Gral. Bernardo O’Higgins;Chimbarongo;;;;No aplica;;ERNC;Solar;8,098;8;Si;PMGD;CGE;Alimentador San Enrique, S/E Chimbarongo;;;;;;;;;;;;;313559;6154670;19H;Solar Fotovoltaica;8;10/08/2026
SEN;SIC;PSF EL SALITRAL S.A.;;76.284.904-6;PMGD PFV EL SALITRAL;En Operacion;08/12/2020;2020;Región de Coquimbo;Combarbalá;;;;No aplica;;ERNC;Solar;3;2,97;Si;PMGD;CGE;Alimentador Industrial /  S/ECombarbalá;;;;;;;;;;;;;306995;6546255;19 J;Solar Fotovoltaica;5;10/08/2026
SEN;SIC;CHESTER SOLAR V SPA;;76.466.854-5;PMGD PFV EL SAUCE;En Operacion;27/03/2018;2018;Región del Libertador Gral. Bernardo O’Higgins;Las Cabras;;;;NO APLICA;;ERNC;Solar;2,98;2,94;Si;PMGD;CGE;S/E PEUMO;;;;;;;;;;;;;281040,67;6226309,11;19H;Solar Fotovoltaica;8;10/08/2026
SEN;SIC;PFV EL TIUQUE SPA;;;PMGD PFV EL TIUQUE;En Operacion;29/07/2022;2022;Región del Maule;San Javier;;;;No aplica;;ERNC;Solar;1,504;1,5;Si;PMGD;CGE Distribución;Alimentador Centenario /  S/ELa Palma;;;;;;;;;;;;;256372;6055746;19H;Solar Fotovoltaica;9;10/08/2026
SEN;SIC;PORTEZUELO SPA;;;PMGD PFV EL TREBOL;En Operacion;29/01/2025;2025;Región del Libertador Gral. Bernardo O’Higgins;La Estrella;;;;No aplica;;ERNC;Solar;3,01;3;Sí;PMGD;CGE;Alimentador Las chacras / S/E La Esperanza;;;;;;;;;;;;;266497;6204996;19H;Solar Fotovoltaica;8;10/08/2026
SEN;SIC;PFV EL TRILE SPA;;;PMGD PFV EL TRILE;En Operacion;20/04/2024;2024;Región del Maule;Yerbas Buenas;;;;No aplica;;ERNC;Solar;9,082;9;Si;PMGD;Luz Linares S.A.;Alimentador Peñuelas /  S/EYerbas Buenas;;;;;;;;;;;;;262941;6044659;19H;Solar Fotovoltaica;9;10/08/2026
SEN;SIC;BLUE SOLAR OCHO SPA;;;PMGD PFV EL TRIUNFO;En Operacion;13/12/2024;2024;Región de Valparaíso;San Esteban;;;;No aplica;;ERNC;Solar;9,0099;0,109;Sí;PMGD;Chilquinta Distribución;Alimentador Las Juntas /  S/ESan Rafael;;;;;;;;;;;;;353547;6375446;19H;Solar Fotovoltaica;6;10/08/2026
SEN;SIC;PFV EL TURPIAL SPA;;;PMGD PFV EL TURPIAL;En Operacion;11/07/2024;2024;Región de Atacama;Tierra Amarilla;;;;No aplica;;ERNC;Solar;2,995;2,99;Si;PMGD;CGE Distribución;Alimentador El Yeso /  S/ECerrillos;;;;;;;;;;;;;378820;6949903;19J;Solar Fotovoltaica;4;10/08/2026
SEN;SIC;PFV EL ZORZAL SPA;;;PMGD PFV EL ZORZAL;En Operacion;20/05/2022;2022;Región del Maule;San Rafael;;;;No aplica;;ERNC;Solar;3,05;3;Si;PMGD;CGE;Alimentador Los Robles /  S/ELos Maquis (CGE);;;;;;;;;;;;;270127;6090779;19H;Solar Fotovoltaica;9;10/08/2026
SEN;SIC;PFV EL ÑANDÚ SPA;;;PMGD PFV EL ÑANDU;En Operacion;21/01/2025;2025;Región de Atacama;Copiapó;;;;No aplica;;ERNC;Solar;3,005;3;Sí;PMGD;CGE;Alimentador UDA / S/E HERNAN FUENTES;;;;;;;;;;;;;365087;6976305;19J;Solar Fotovoltaica;4;10/08/2026
SEN;SIC;TEDLAR MERCURIO SPA;;;PMGD PFV ELVIRA;En Operacion;04/12/2025;2025;Región de Ñuble;Chillán;;;;No aplica;;ERNC;Solar;4;4;Si;PMGD;Compañía General de Electricidad S.A;Alimentador Almagro / S/E Santa Elvira;;;;;;;;;;;;;755742;5946120;18H;Solar Fotovoltaica;11;10/08/2026
SEN;SIC;ENAMI SOLAR SPA;;;PMGD PFV ENAMI SOLAR;En Operacion;10/01/2024;2024;Región de Valparaíso;Catemu;;;;no aplica;;ERNC;Solar;5,4;5,375;Si;PMGD;Chilquinta;S/E CATEMU C1;;;;;;;;;;;;;316154,0001;6373083;19H;Solar Fotovoltaica;6;10/08/2026
SEN;SIC;ENCINA SPA;;;PMGD PFV ENCINA III;En Operacion;23/04/2025;2025;Región del Maule;Teno;;;;No aplica;;ERNC;Solar;6,0348;6;Si;PMGD;Cooperativa Eléctrica de Curicó;ALIMENTADOR MORZA;;;;;;;;;;;;;309611,79;6143622,95;19H;Solar Fotovoltaica;9;10/08/2026
SEN;SIC;ENERGÍA RENOVABLE ENCINO SPA;;;PMGD PFV ENCINO;En Operacion;22/03/2022;2022;Región del Libertador Gral. Bernardo O’Higgins;Requínoa;;;;No aplica;;ERNC;Solar;1,91;1,9;Si;PMGD;CGE Distribucion;Alimentador San Isidro /  S/EChumaquito;;;;;;;;;;;;;339355;6205185;19H;Solar Fotovoltaica;8;10/08/2026
SEN;SIC;LOA SOLAR SPA;;76.493.106-8;PMGD PFV ENCON SOLAR;En Operacion;23/04/2019;2019;Región de Valparaíso;San Felipe;;;;1;;ERNC;Solar;8,64;8,494;Si;PMGD;CHILQUINTA;ID 1040 S/E SAN FELIPE BP1;;;;;;;;;;;;;336152,73;6377534,9;19 H;Solar Fotovoltaica;6;10/08/2026
SEN;SIC;LUCIANO SOLAR SPA;;;PMGD PFV ERINOME;En Operacion;06/10/2021;2021;Región del Maule;Talca;;;;No aplica;;ERNC;Solar;2,76;2,75;Si;PMGD;CGE;Alimentador Arenal,  S/EPiduco;;;;;;;;;;;;;253931;6074912;19H;Solar Fotovoltaica;9;10/08/2026
SEN;SIC;CORCOVADO DE VERANO SPA;;;PMGD PFV ESCORIAL DEL VERANO SOLAR;En Operacion;30/10/2021;2021;Región de Valparaíso;Panquehue;;;;No aplica;;ERNC;Solar;3,006;3;Si;PMGD;Chilquinta Energía S.A;Alimentador Palomar /  S/ESan Felipe;;;;;;;;;;;;;333156;6375932;19H;Solar Fotovoltaica;6;10/08/2026
SEN;SIC;CVE PROYECTO NUEVE SPA;;;PMGD PFV ESFENA;En Operacion;23/07/2021;2021;Región de Valparaíso;Petorca;;;;No aplica;;ERNC;Solar;6,7425;6;Si;PMGD;CGE;Alimentador Alicahue /  S/ECabildo;;;;;;;;;;;;;329644;6431925;19H;Solar Fotovoltaica;6;10/08/2026
SEN;SIC;FOTOVOLTAICA CIPRES SPA;;;PMGD PFV ESMERALDA;En Operacion;28/05/2025;2025;Región del Maule;Parral;;;;No aplica;;ERNC;Solar;3;2,15;Si;PMGD;Compañía General de Electricidad S.A.;Alimentador El Ajial;;;;;;;;;;;;;243727,15;5997024,84;19H;Solar Fotovoltaica;9;10/08/2026
SEN;SIC;ENERGÍA RENOVABLE ROBLE SPA;;;PMGD PFV FALCON;En Operacion;29/05/2025;2025;Región Metropolitana de Santiago;María Pinto;;;;No aplica;;ERNC;Solar;2,91;2,9;Si;PMGD;CGE Distribución S.A.;Alimentador Chorombo 13,2 kV /  S/EBollenar;;;;;;;;;;;;;285842;6295927;19H;Solar Fotovoltaica;7;10/08/2026
SEN;SIC;PARQUE FOTOVOLTAICO FARAMALLA SPA;;;PMGD PFV FARAMALLA;En Operacion;11/03/2022;2022;Región Metropolitana de Santiago;Alhué;;;;No aplica;;ERNC;Solar;3,05;3;Si;PMGD;CGE Distribución;Alimentador Minera Florida /  S/EAlhue;;;;;;;;;;;;;308927;6231116;19H;Solar Fotovoltaica;7;10/08/2026
SEN;SIC;FARDELA NEGRA SPA;;;PMGD PFV FARDELA NEGRA;En Operacion;28/01/2022;2022;Región de Valparaíso;Algarrobo;;;;No aplica;;ERNC;Solar;3,0045;3;Si;PMGD;Litoral;Alimentador San Jerónimo /  S/ESan Jerónimo;;;;;;;;;;;;;257602;6305531;19H;Solar Fotovoltaica;6;10/08/2026
SEN;SIC;FÉNIX SPA;;;PMGD PFV FENIX;En Pruebas;;;Región Metropolitana de Santiago;Pudahuel;;;;No aplica;;ERNC;Solar;9,0045;9;Si;PMGD;Enel Distribución;Alimentador Las Lomas /  S/ELo Aguirre;;;;;;;;;;;;;321019;6296050;19H;Solar Fotovoltaica;7;10/08/2026
SEN;SIC;PARINI DE VERANO SPA;;76.876.858-7;PMGD PFV FILOMENA SOLAR;En Operacion;16/07/2020;2020;Región de Valparaíso;Santa María;;;;No aplica;;ERNC;Solar;3;3;Si;PMGD;Chilquinta Energía S.A.;Barra 12kV  S/ESan Felipe;;;;;;;;;;;;;348550;6379891;19H;Solar Fotovoltaica;6;10/08/2026
SEN;SIC;GENERADORA SOL SOLIV SPA;;;PMGD PFV FLORENCIA SOLAR;En Operacion;09/06/2022;2022;Región de Coquimbo;Los Vilos;;;;No aplica;;ERNC;Solar;9,5;9;Si;PMGD;CGE;Alimentador Quilimarí /  S/EQuereo;;;;;;;;;;;;;269117;6470326;19J;Solar Fotovoltaica;5;10/08/2026
SEN;SIC;AILIN FOTOVOLTAICA SPA;;;PMGD PFV FOTOVOLT LIN;En Operacion;31/08/2023;2023;Región del Maule;Linares;;;;No aplica;;ERNC;Solar;4,645;4,5;Si;PMGD;LUZLINARES S.A.;Alimentador Barrio Industrial /  S/ELinares Norte;;;;;;;;;;;;;259932;6032477;19H;Solar Fotovoltaica;9;10/08/2026
SEN;SIC;PFV FRAGATA SPA;;;PMGD PFV FRAGATA;En Operacion;16/05/2025;2025;Región de Valparaíso;Zapallar;;;;No aplica;;ERNC;Solar;2,995;2,99;Si;PMGD;CGE Distribución;ALIMENTADOR QUEBRADILLA;;;;;;;;;;;;;287094;6393050;19H;Solar Fotovoltaica;6;10/08/2026
SEN;SIC;GR BOLDO SPA;;76.515.598-3;PMGD PFV FRANCISCO;En Operacion;11/10/2017;2017;Región del Libertador Gral. Bernardo O’Higgins;Mostazal;;;;NO APLICA;;ERNC;Solar;3;3;Si;PMGD;CGE;ALIMENTADOR CODEGUA  S/EGRANEROS 66KV;;;;;;;;;;;;;349375,7753;6236615,861;19H;Solar Fotovoltaica;8;10/08/2026
SEN;SIC;PARQUE FULGOR SPA;;;PMGD PFV FULGOR;En Operacion;29/04/2022;2022;Región del Biobío;Negrete;;;;No aplica;;ERNC;Solar;2,66;2,64;Si;PMGD;Grupo Saesa - Frontel;Alimentado Renaico /  S/ENegrete;;;;;;;;;;;;;709882;5829398;18H;Solar Fotovoltaica;10;10/08/2026
SEN;SIC;LASCAR ENERGY SPA;;;PMGD PFV FUSTER DEL VERANO;En Operacion;15/11/2023;2023;Región Metropolitana de Santiago;Lampa;;;;No aplica;;ERNC;Solar;9,014;9;Si;PMGD;Enel;Alimentador Portezuelo / S/E Batuco;;;;;;;;;;;;;321107;6317793;19H;Solar Fotovoltaica;7;10/08/2026
SEN;SIC;PUNTIAGUDO ENERGY SPA;;;PMGD PFV FV CHICAUMA DEL VERANO;En Operacion;03/06/2024;2024;Región Metropolitana de Santiago;Lampa;;;;NO APLICA;;ERNC;Solar;9,014;9;Si;PMGD;Enel;Alimentador Liray / S/E Batuco;;;;;;;;;;;;;320855;6317891;19H;Solar Fotovoltaica;7;10/08/2026
SEN;SIC;SALADO ENERGY SPA;;;PMGD PFV GABARDO DEL VERANO SOLAR;En Operacion;01/03/2022;2022;Región Metropolitana de Santiago;Paine;;;;No aplica;;ERNC;Solar;6,0145;6;Si;PMGD;CGE Distribución;Alimentador Paine /  S/EFátima;;;;;;;;;;;;;351407;6256171;19H;Solar Fotovoltaica;7;10/08/2026
SEN;SIC;BRONTE SPA;;;PMGD PFV GABRIELA;En Operacion;08/11/2022;2022;Región de Coquimbo;Vicuña;;;;No aplica;;ERNC;Solar;9,15;9;Si;PMGD;CGE Distribución;Alimentador Gabriela Mistral /  S/EVicuña;;;;;;;;;;;;;336327;6681655;19J;Solar Fotovoltaica;5;10/08/2026
SEN;SIC;GÉNOVA SOLAR SPA;;;PMGD PFV GENOVA;En Operacion;02/09/2024;2024;Región del Maule;Linares;;;;NO APLICA;;ERNC;Solar;9,0065;9;Sí;PMGD;Luz Linares;ID26608 S/E LINARES NORTE C1;;;;;;;;;;;;;256153;6031433;19H;Solar Fotovoltaica;9;10/08/2026
SEN;SIC;LOS GIRASOLES SPA;;76.760.999-K;PMGD PFV GIRASOLES;En Operacion;10/04/2020;2020;Región Metropolitana de Santiago;Curacaví;;;;NO APLICA;;ERNC;Solar;2,63;2,62685;Si;PMGD;CGE;S/E CURACAVÍ;;;;;;;;;;;;;307327,5;6301437,56;19 H;Solar Fotovoltaica;7;10/08/2026
SEN;SIC;GR LLEUQUE SPA;;;PMGD PFV GR ALCON SOLAR;En Operacion;17/06/2022;2022;Región del Libertador Gral. Bernardo O’Higgins;Marchihue;;;;No aplica;;ERNC;Solar;9,148;9;Si;PMGD;CGE Distribución;Alimentador Mallermo /  S/EAlcones;;;;;;;;;;;;;248366;6192058;19H;Solar Fotovoltaica;8;10/08/2026
SEN;SIC;GR ALERCE SPA;;76.513.824-8;PMGD PFV GR LEMU;En Operacion;01/05/2020;2020;Región del Maule;San Javier;;;;NO APLICA;;ERNC;Solar;5;4,97;Si;PMGD;CGE;S/E SAN JAVIER 23KV;;;;;;;;;;;;;247117,09;6055548,86;19 H;Solar Fotovoltaica;9;10/08/2026
SEN;SIC;GR CIPRÉS SPA;;;PMGD PFV GR PEUMO;En Operacion;29/09/2021;2021;Región del Libertador Gral. Bernardo O’Higgins;San Vicente;;;;No aplica;;ERNC;Solar;8,09;8;Si;PMGD;CGE;Alimentador Peumo /  S/ESan Vicente de Tagua Tagua;;;;;;;;;;;;;304335;6189673;19H;Solar Fotovoltaica;8;10/08/2026
SEN;SIC;GR PITAO SPA;;;PMGD PFV GR PITAO;En Operacion;02/06/2021;2021;Región del Maule;Teno;;;;No aplica;;ERNC;Solar;9,109;9;Si;PMGD;CGE;Alimentador El Quelmén /  S/ETeno;;;;;;;;;;;;;304338;6143801;19H;Solar Fotovoltaica;9;10/08/2026
SEN;SIC;GR RAULÍ SPA;;;PMGD PFV GR RAULI;En Operacion;31/12/2020;2020;Región del Maule;Molina;;;;No aplica;;ERNC;Solar;9,14;9;Si;PMGD;CGE;Alimentador Casablanca /   S/EMolina;;;;;;;;;;;;;292374;6114000;19H;Solar Fotovoltaica;9;10/08/2026
SEN;SIC;GR CHAQUIHUE SPA;;76.461.944-7;PMGD PFV GR SANTA ROSA;En Operacion;12/04/2019;2019;Región Metropolitana de Santiago;San Pedro;;;;1;;ERNC;Solar;9;8,888;Si;PMGD;CGE;ID 624 BA S/E SANTA ROSA (TRANSNET) 23KV;;;;;;;;;;;;;288382,93;6235223,85;19 H;Solar Fotovoltaica;7;10/08/2026
SEN;SIC;GRANADA SPA;;76.727.405-K;PMGD PFV GRANADA;En Operacion;11/07/2020;2020;Región del Maule;Linares;;;;NO APLICA;;ERNC;Solar;9,013;9;Si;PMGD;LUZ LINARES;S/E LINARES NORTE;;;;;;;;;;;;;262166,31;6033966,91;19H;Solar Fotovoltaica;9;10/08/2026
SEN;SIC;GRANATE SPA;;;PMGD PFV GRANATE;En Operacion;28/06/2022;2022;Región de Coquimbo;Ovalle;;;;No aplica;;ERNC;Solar;9,15;9;Si;PMGD;CGE Distribución;Alimentador Quebrada Seca /  S/EOvalle;;;;;;;;;;;;;283703;6613915;19J;Solar Fotovoltaica;5;10/08/2026
SEN;SIC;FOTOVOLTAICA MAÑIO SPA;;76.863.475-0;PMGD PFV GUADALAO;En Operacion;14/02/2020;2020;Región del Libertador Gral. Bernardo O’Higgins;La Estrella;;;;NO APLICA;;ERNC;Solar;3;2,99;Si;PMGD;CGE;ID 1189 BA S/E PORTEZUELO 23KV BP1;;;;;;;;;;;;;263163;6206745;19H;Solar Fotovoltaica;8;10/08/2026
SEN;SIC;GUADALUPE SOLAR SPA;;;PMGD PFV GUADALUPE;En Operacion;05/11/2021;2021;Región de Valparaíso;Los Andes;;;;No aplica;;ERNC;Solar;6;5,6;Si;PMGD;Chilquinta S.A.;Alimentador San Vicente /  S/ESan Rafael;;;;;;;;;;;;;356652;6364753;19H;Solar Fotovoltaica;6;10/08/2026
SEN;SIC;SOLAR TI DIECISÉIS SPA;;;PMGD PFV GUARANA;En Operacion;10/03/2022;2022;Región del Libertador Gral. Bernardo O’Higgins;Litueche;;;;No aplica;;ERNC;Solar;1,109;1,1;Si;PMGD;CGE Distribución;Alimentador Los Quillales /  S/EQuelentaro;;;;;;;;;;;;;257361;6226729;19H;Solar Fotovoltaica;8;10/08/2026
SEN;SIC;PARSOSY HELIOS SPA;;;PMGD PFV HELIOS;En Operacion;24/05/2022;2022;Región de Valparaíso;Llaillay;;;;No aplica;;ERNC;Solar;3,0058;3;Si;PMGD;Chilquinta Distribución;Alimentaador Santa Teresa /  S/ELas Vegas;;;;;;;;;;;;;315433;6364334;19H;Solar Fotovoltaica;6;10/08/2026
SEN;SIC;LOS SAUCES SOLAR II SPA;;;PMGD PFV HERGO LOS SAUCES;En Operacion;28/08/2025;2025;Región de La Araucanía;Los Sauces;;;;No aplica;;ERNC;Solar;3;3;Si;PMGD;EMPRESA ELÉCTRICA DE LA FRONTERA S.A.;ALIMENTADOR LOS SAUCES-PURÉN (CONTULMO);;;;;;;;;;;;;686697;5793214;18H;Solar Fotovoltaica;12;10/08/2026
SEN;SIC;ENEL GREEN POWER CHILE S.A.;;;PMGD PFV HIJUELA 4;En Operacion;30/07/2024;2024;Región del Maule;Maule;;;;1;;ERNC;Solar;3,006;3;Si;PMGD;CGE;Alimentador Piedras Blancas 13,8kV / S/E Talca;;;;;;;;;;;;;257245;6067012;19H;Solar Fotovoltaica;9;10/08/2026
SEN;SIC;GR ESPINO SPA;;76.461.941-2;PMGD PFV HOMERO SOLAR;En Operacion;18/08/2017;2017;Región del Libertador Gral. Bernardo O’Higgins;Mostazal;;;;NO APLICA;;ERNC;Solar;3;2,9901;Si;PMGD;CGE;ID 343 BA S/E SAN FRANCISCO DE MOSTAZAL 15KV C2;;;;;;;;;;;;;348476,61;6240608,29;19H;Solar Fotovoltaica;8;10/08/2026
SEN;SIC;HORMIGA SOLAR SPA;;76.459.988-8;PMGD PFV HORMIGA SOLAR;En Operacion;27/10/2016;2016;Región de Valparaíso;San Felipe;;;;NO APLICA;;ERNC;Solar;2,541;2,541;Si;PMGD;CHILQUINTA;ID 1041 BA S/E SAN FELIPE 12KV BP2;;;;;;;;;;;;;338781;6378884;19H;Solar Fotovoltaica;6;10/08/2026
SEN;SIC;SOLARITY SPA;;76.033.092-2;PMGD PFV HORNITOS;En Operacion;10/06/2013;2013;Región de Atacama;Tierra Amarilla;;;;NO APLICA;;ERNC;Solar;0,323;0,3214;Si;PMGD;EMELAT;ALIMENTADOR HORNITOS;;;;;;;;;;;;;382588;6931619;19J;Solar Fotovoltaica;4;10/08/2026
SEN;SIC;AURORA SOLAR SPA;;;PMGD PFV HORTENSIAS;En Operacion;07/11/2025;2025;Región del Maule;San Rafael;;;;No aplica;;ERNC;Solar;2,99;2,975;Si;PMGD;CGE;Alimentador El Bajo;;;;;;;;;;;;;267362,75;6085403,93;19H;Solar Fotovoltaica;9;10/08/2026
SEN;SIC;FARMDO ENERGY CHILE SPA;;;PMGD PFV HUAPE;En Operacion;05/06/2021;2021;Región de Ñuble;Chillán;;;;No aplica;;ERNC;Solar;2,979;2,967;Si;PMGD;CGE Distribución;Alimentador Confluencia /  S/ESanta Elisa;;;;;;;;;;;;;745793;5945131;18 H;Solar Fotovoltaica;11;10/08/2026
SEN;SIC;NUEVA GALES SPA;;;PMGD PFV HUAQUELON;En Operacion;16/12/2022;2022;Región de Atacama;Punitaqui;;;;No aplica;;ERNC;Solar;9,15;9;Si;PMGD;CGE Distribución;Alimentador Huaquelón /  S/EPunitaqui;;;;;;;;;;;;;285369;6587214;19J;Solar Fotovoltaica;4;10/08/2026
SEN;SIC;MALLOCO SOLAR SPA;;;PMGD PFV HUINGAN;En Operacion;20/03/2024;2024;Región Metropolitana de Santiago;Peñaflor;;;;No aplica;;ERNC;Solar;9,012;9;Si;PMGD;CGE Distribución;Alimentador Malloco / S/E Malloco;;;;;;;;;;;;;327941;6282479;19H;Solar Fotovoltaica;7;10/08/2026
SEN;SIC;PATRICIA SOLAR SPA;;;PMGD PFV HURTADO;En Operacion;05/03/2024;2024;Región del Biobío;Los Ángeles;;;;No aplica;;ERNC;Solar;2,71;2,7;Si;PMGD;CGE;Alimentador Padre Hurtado / S/E Los Ángeles;;;;;;;;;;;;;733285;5852597;18H;Solar Fotovoltaica;10;10/08/2026
SEN;SIC;ICB INMOBILIARIA S.A.;;;PMGD PFV ICB;En Operacion;13/06/2022;2022;Región Metropolitana de Santiago;Quilicura;;;;1;;ERNC;Solar;0,39;0,3;Si;PMGD;Enel Distribución;Alimentador Maulén /  S/EChacabuco;;;;;;;;;;;;;341942;6309279;19H;Solar Fotovoltaica;7;10/08/2026
SEN;SIC;PALPANA DE VERANO SPA;;;PMGD PFV IDAHUE DEL VERANO SOLAR;En Operacion;19/10/2022;2022;Región del Libertador Gral. Bernardo O’Higgins;Coltauco;;;;No aplica;;ERNC;Solar;3,007;3;Si;PMGD;CGE Distribución;Alimentador Peumo /  S/ESan Vicente de Tagua Tagua;;;;;;;;;;;;;306041;6201381;19H;Solar Fotovoltaica;8;10/08/2026
SEN;SIC;SONNEDIX PARSOSY ILLAPEL 5 SPA;;76.557.855-8;PMGD PFV ILLAPEL 5X;En Operacion;20/07/2019;2019;Región de Coquimbo;Illapel;;;;NO APLICA;;ERNC;Solar;3;2,9866;Si;PMGD;CGE;ID 324 BA S/E ILLAPEL 23KV BP1;;;;;;;;;;;;;296725;6500490;19 J;Solar Fotovoltaica;5;10/08/2026
SEN;SIC;LA INDEPENDENCIA SOLAR SPA;;;PMGD PFV INDEPENDENCIA;En Operacion;28/06/2023;2023;Región Metropolitana de Santiago;Tiltil;;;;No aplica;;ERNC;Solar;2,713;2,7;Si;PMGD;ENEL;Alimentador Polpaico / S/E Punta Peuco;;;;;;;;;;;;;323803;6330956;19H;Solar Fotovoltaica;7;10/08/2026
SEN;SIC;PARQUE SOLAR SAN ISIDRO SPA;;;PMGD PFV ISIDRO;En Operacion;04/03/2025;2025;Región de Valparaíso;Quillota;;;;No aplica;;ERNC;Solar;9,01;9;Si;PMGD;Chilquinta Distribución S.A.;ALIMENTADOR SAID;;;;;;;;;;;;;288270;6353988;19H;Solar Fotovoltaica;6;10/08/2026
SEN;SIC;COBENA ENERGÍA SPA;;;PMGD PFV ITAHUE SOLAR;En Operacion;18/11/2022;2022;Región del Maule;Río Claro;;;;No aplica;;ERNC;Solar;5;4,994;Si;PMGD;CGE Distribución;Alimenrador Pulmodon /  S/EItahue;;;;;;;;;;;;;284960;6106723;19H;Solar Fotovoltaica;9;10/08/2026
SEN;SIC;JACARANDA SPA;;;PMGD PFV JACARANDA;En Operacion;30/12/2025;2025;Región de Coquimbo;Combarbalá;;;;No aplica;;ERNC;Solar;3;3,02;Si;PMGD;CGE;ALIMENTADOR INDUSTRIAL / S/E COMBARBALA;;;;;;;;;;;;;1189999;6548486,14;19H;Solar Fotovoltaica;5;10/08/2026
SEN;SIC;CHESTER SOLAR I SPA;;76.440.329-0;PMGD PFV JAHUEL;En Operacion;18/04/2020;2020;Región de Valparaíso;Santa María;;;;NO APLICA;;ERNC;Solar;6;5,6;Si;PMGD;CHILQUINTA;ID_4285 IM S/E SAN FELIPE C4;;;;;;;;;;;;;347960;6382585;19H;Solar Fotovoltaica;6;10/08/2026
SEN;SIC;PSF PETORCA SPA;;;PMGD PFV JARDIN SOLAR PETORCA;En Operacion;14/09/2023;2023;Región de Valparaíso;Cabildo;;;;No aplica;;ERNC;Solar;0,21;0,2;Si;PMGD;CGE;S/E Cabildo;;;;;;;;;;;;;323601;6414065;19H;Solar Fotovoltaica;6;10/08/2026
SEN;SIC;FOTOVOLTAICA JAURURO SPA;;76.758.672-8;PMGD PFV JAURURO SOLAR;En Operacion;15/08/2019;2019;Región de Valparaíso;La Ligua;;;;NO APLICA;;ERNC;Solar;2,73;2,7226;Si;PMGD;CGE;ID 162 BA S/E QUINQUIMO 23KV;;;;;;;;;;;;;286515;6406994;19 H;Solar Fotovoltaica;6;10/08/2026
SEN;SIC;GR TORRES DEL PAINE SPA;;;PMGD PFV JAVIERA CARRERA;En Operacion;13/12/2022;2022;Región Metropolitana de Santiago;Buin;;;;No aplica;;ERNC;Solar;9,141;9;Si;PMGD;CGE Distribución;Alimentador Javiera Carrera /  S/EBuin;;;;;;;;;;;;;339902;6263267;19H;Solar Fotovoltaica;7;10/08/2026
SEN;SIC;PFV JILGUERO SPA;;;PMGD PFV JILGUERO;En Operacion;17/04/2024;2024;Región del Maule;Curicó;;;;No aplica;;ERNC;Solar;1,7026;1,7;Si;PMGD;Cooperativa Eléctrica Curicó;Alimentador Los Niches S/E Curicó;;;;;;;;;;;;;302852;6116367;19H;Solar Fotovoltaica;9;10/08/2026
SEN;SIC;FV SANTA LAURA SPA;;76.954.708-8;PMGD PFV JOSE SOLER MALLAFRE;En Operacion;23/08/2019;2019;Región del Maule;Teno;;;;NO APLICA;;ERNC;Solar;1,33;1,33;Si;PMGD;CEC;ID 2455 BA S/E TENO 13.2KV BP2;;;;;;;;;;;;;314250;6136325;19 H;Solar Fotovoltaica;9;10/08/2026
SEN;SIC;AES ANDES S.A.;;;PMGD PFV KAUFMANN;En Operacion;03/07/2021;2021;Región Metropolitana de Santiago;Lampa;;;;No aplica;;ERNC;Solar;0,84;0,814;Si;PMGD;ENEL DISTRIBUCIÓN CHILE S.A.;Alimentador La Montaña /  S/EBatuco;;;;;;;;;;;;;337296;6314369;19H;Solar Fotovoltaica;7;10/08/2026
SEN;SIC;KONDA SOLAR SPA;;76.729.924-9;PMGD PFV KONDA;En Operacion;04/01/2020;2020;Región de Valparaíso;San Felipe;;;;NO APLICA;;ERNC;Solar;3;2,995;Si;PMGD;CHILQUINTA;ID 1040 BA S/E SAN FELIPE 12KV BP1;;;;;;;;;;;;;339899,13;6372146,26;19H;Solar Fotovoltaica;6;10/08/2026
SEN;SIC;LA ACACIA SPA;;76.503.259-8;PMGD PFV LA ACACIA;En Operacion;28/07/2018;2018;Región del Libertador Gral. Bernardo O’Higgins;San Vicente;;;;NO APLICA;;ERNC;Solar;8,57;8,4397;Si;PMGD;CGE;S/E SAN VICENTE DE TAGUA TAGUA;;;;;;;;;;;;;308682,83;6182025,29;19H;Solar Fotovoltaica;8;10/08/2026
SEN;SIC;CHUNGUNGO SOLAR SPA;;76.522.348-2;PMGD PFV LA BLANQUINA;En Operacion;15/02/2019;2019;Región del Libertador Gral. Bernardo O’Higgins;Codegua;;;;1;;ERNC;Solar;9;8,97;Si;PMGD;CGE;S/E GRANEROS 15KV;;;;;;;;;;;;;347785,65;6229370,92;19 H;Solar Fotovoltaica;8;10/08/2026
SEN;SIC;PS LA BRUJULA SPA;;;PMGD PFV LA BRUJULA;En Operacion;24/07/2025;2025;Región Metropolitana de Santiago;Alhué;;;;No aplica;;ERNC;Solar;2,91;2,9;Si;PMGD;CGE;ALIMENTADOR POLULO / 499_S/E ALHUE;;;;;;;;;;;;;308669;6231387;19H;Solar Fotovoltaica;7;10/08/2026
SEN;SIC;LA CHAPEANA SPA;;76.327.574-4;PMGD PFV LA CHAPEANA;En Operacion;15/01/2016;2016;Región de Coquimbo;Ovalle;;;;NO APLICA;;ERNC;Solar;2,928;2,905;Si;PMGD;CONAFE;SOTAQUI 23KV;;;;;;;;;;;;;297504,9999;6622199,015;19J;Solar Fotovoltaica;5;10/08/2026
SEN;SIC;LA CHIMBA BIS SPA;;76.242.067-8;PMGD PFV LA CHIMBA BIS;En Operacion;15/05/2020;2020;Región de Coquimbo;Ovalle;;;;1;;ERNC;Solar;2,78;2,76;Si;PMGD;CGE;S/E OVALLE 23KV;;;;;;;;;;;;;285885,28;6606788,16;19J;Solar Fotovoltaica;5;10/08/2026
SEN;SIC;ENEL GREEN POWER CHILE S.A.;;;PMGD PFV LA COLONIA;En Operacion;18/10/2022;2022;Región Metropolitana de Santiago;Buin;;;;No aplica;;ERNC;Solar;9,006;9;Si;PMGD;CGE Distribución;Alimentador Viluco /  S/EFátima;;;;;;;;;;;;;335039;6256319;19H;Solar Fotovoltaica;7;10/08/2026
SEN;SIC;SOCIEDAD ENERGÍAS RENOVABLES EL ÁLAMO SPA;;;PMGD PFV LA COSECHA;En Operacion;06/08/2025;2025;Región de Ñuble;San Carlos;;;;No aplica;;ERNC;Solar;9,9;9;Si;PMGD;Compañía General de Electricidad S.A.;ALIMENTADOR VIOLETA PARRA;;;;;;;;;;;;;236012;5967856;19H;Solar Fotovoltaica;11;10/08/2026
SEN;SIC;GR ARAUCARIA SPA;;76.461.936-6;PMGD PFV LA ESPERANZA II;En Operacion;30/12/2016;2016;Región del Libertador Gral. Bernardo O’Higgins;Marchihue;;;;NO APLICA;;ERNC;Solar;9;8,99;Si;PMGD;CGE;ALIMENTADOR CALLEUQUE 13.2KV;;;;;;;;;;;;;266413,19;6197655,95;19H;Solar Fotovoltaica;8;10/08/2026
SEN;SIC;GR MELI SPA;;76.722.041-3;PMGD PFV LA ESTANCIA;En Operacion;14/02/2020;2020;Región Metropolitana de Santiago;Alhué;;;;NO APLICA;;ERNC;Solar;3,009;3;Si;PMGD;CGE;ID 390 BA S/E ALHUE 23KV;;;;;;;;;;;;;310329;6231267;19H;Solar Fotovoltaica;7;10/08/2026
SEN;SIC;SOCIEDAD DE ENERGÍAS RENOVABLES LOS LIRIOS SPA;;;PMGD PFV LA FORESTA;En Operacion;05/08/2021;2021;Región del Maule;Hualañé;;;;No aplica;;ERNC;Solar;2,75;2,739;Si;PMGD;CGE;Alimentador Docamávida,  S/EHualañé;;;;;;;;;;;;;244800;6127900;19H;Solar Fotovoltaica;9;10/08/2026
SEN;SIC;PV LA FRONTERA SPA;;76.461.945-5;PMGD PFV LA FRONTERA;En Operacion;22/12/2017;2017;Región del Libertador Gral. Bernardo O’Higgins;Lolol;;;;NO APLICA;;ERNC;Solar;4,8;4,8;Si;PMGD;CGE;Alimentador Paredones 13,2kV S/E RANGUILI;;;;;;;;;;;;;246919,73;6142740,89;19H;Solar Fotovoltaica;8;10/08/2026
SEN;SIC;EL PARRAL SOLAR SPA;;;PMGD PFV LA GONZALINA DE TUNICHE SUNLIGHT;En Operacion;22/01/2025;2025;Región del Libertador Gral. Bernardo O’Higgins;Rancagua;;;;No aplica;;ERNC;Solar;9,025;0,28;Si;PMGD;CGE;ALIMENTADOR LA GONZALINA;;;;;;;;;;;;;333687;6222264;19H;Solar Fotovoltaica;8;10/08/2026
SEN;SIC;LA HUERTA SPA;;;PMGD PFV LA HUERTA;En Operacion;17/06/2024;2024;Región del Maule;Curicó;;;;No Aplica;;ERNC;Solar;3;2,97;Si;PMGD;CGE;S/E Parronal CT;;;;;;;;;;;;;252460;6118013;19H;Solar Fotovoltaica;9;10/08/2026
SEN;SIC;REDEN LA LAJUELA SOLAR SPA;;76.786.225-3;PMGD PFV LA LAJUELA;En Operacion;18/06/2019;2019;Región del Libertador Gral. Bernardo O’Higgins;Santa Cruz;;;;NO APLICA;;ERNC;Solar;6,9;6,88;Si;PMGD;CGE;ID 602 S/E PANIAHUE 13,2KV BP1;;;;;;;;;;;;;280948;6163389;19 H;Solar Fotovoltaica;8;10/08/2026
SEN;SIC;ILLALOLEN S.A.;;76.419.748-8;PMGD PFV LA LIGUA;En Operacion;18/09/2019;2019;Región de Valparaíso;La Ligua;;;;1;;ERNC;Solar;3;2,99;Si;PMGD;CGE;ID 162 BA S/E QUINQUIMO 23KV;;;;;;;;;;;;;290230,61;6409675,14;19H;Solar Fotovoltaica;6;10/08/2026
SEN;SIC;LA MANGA ENERGY SPA;;76.505.372-2;PMGD PFV LA MANGA;En Operacion;13/12/2017;2017;Región Metropolitana de Santiago;San Pedro;;;;NO APLICA;;ERNC;Solar;2,96;2,96;Si;PMGD;CGE;ID 582 BA S/E LA MANGA 13.2KV;;;;;;;;;;;;;262124,33;6244472,07;19H;Solar Fotovoltaica;7;10/08/2026
SEN;SIC;SANTA ELVIRA ENERGY SPA;;;PMGD PFV LA PALMA SOLAR;En Operacion;24/12/2021;2021;Región de Ñuble;Chillán;;;;No aplica;;ERNC;Solar;9,00504;9;Si;PMGD;CGE;Alimentador Almagro /  S/ESanta Elvira;;;;;;;;;;;;;755236;5945987;18H;Solar Fotovoltaica;11;10/08/2026
SEN;SIC;PLANTA SOLAR LA PAZ II SPA;;;PMGD PFV LA PAZ;En Operacion;07/11/2023;2023;Región Metropolitana de Santiago;Pudahuel;;;;No aplica;;ERNC;Solar;9,146;9;Si;PMGD;Enel Distribución Chile S.A.;Alimentador Noviciado / S/E Lo Boza;;;;;;;;;;;;;333281;6306468;19H;Solar Fotovoltaica;7;10/08/2026
SEN;SIC;MVC SOLAR 38 SPA;;;PMGD PFV LA PERLA;En Operacion;25/10/2024;2024;Región del Biobío;Los Ángeles;;;;No aplica;;ERNC;Solar;1,05;1;Sí;PMGD;COOPELAN;Alimentador Canteras /  S/ELos Ángeles (CGE);;;;;;;;;;;;;746385;5843992;18H;Solar Fotovoltaica;10;10/08/2026
SEN;SIC;PMGD LA ROSA DE SHARON SPA;;;PMGD PFV LA ROSA DE SHARON;En Operacion;22/09/2025;2025;Región Metropolitana de Santiago;María Pinto;;;;No aplica;;ERNC;Solar;6,012;0,75;Si;PMGD;Compañía General de Electricidad S.A.;ALIMENTADOR LOLENCO;;;;;;;;;;;;;304004,51;6294429,84;19H;Solar Fotovoltaica;7;10/08/2026
SEN;SIC;ENERGÍAS RENOVABLES EL BOLDO SPA;;;PMGD PFV LA VENDIMIA;En Operacion;27/02/2024;2024;Región del Maule;Cauquenes;;;;No Aplica;;ERNC;Solar;9,012;9;Si;PMGD;CGE Distribución;Alimentador Pocillas /  S/ECauquenes;;;;;;;;;;;;;743980;6013675;18H;Solar Fotovoltaica;9;10/08/2026
SEN;SIC;GR PACIFIC PAN DE AZÚCAR SPA;;76.320.575-4;PMGD PFV LAGUNILLA;En Operacion;05/02/2016;2016;Región de Coquimbo;Ovalle;;;;NO APLICA;;ERNC;Solar;3;3;Si;PMGD;CONAFE;S/E OVALLE 23 KV;;;;;;;;;;;;;297334;6623075;19J;Solar Fotovoltaica;5;10/08/2026
SEN;SIC;ANDINA SOLAR 10 SPA;;;PMGD PFV LAJA ANDINO;En Operacion;26/10/2023;2023;Región del Biobío;Laja;;;;no aplica;;ERNC;Solar;9,006;9;Si;PMGD;FRONTEL;S/E LAJA;;;;;;;;;;;;;708487;5871372;18H;Solar Fotovoltaica;10;10/08/2026
SEN;SIC;TENO III SPA;;;PMGD PFV LAS ARBOLEDAS;En Operacion;21/09/2023;2023;Región del Maule;Teno;;;;No aplica;;ERNC;Solar;3;2,99;Si;PMGD;CGE;S/E TENO C1;;;;;;;;;;;;;301037,2;6140325,3;19H;Solar Fotovoltaica;9;10/08/2026
SEN;SIC;PFV LAS BANDURRIAS SPA;;;PMGD PFV LAS BANDURRIAS;En Operacion;22/06/2023;2023;Región del Maule;Curicó;;;;No aplica;;ERNC;Solar;3,005;3;Si;PMGD;CEC;Alimentador Los Niches / S/E Curicó;;;;;;;;;;;;;306119;6106198;19H;Solar Fotovoltaica;9;10/08/2026
SEN;SIC;RCL SOLAR SPA;;;PMGD PFV LAS CABRAS;En Operacion;12/06/2021;2021;Región del Libertador Gral. Bernardo O’Higgins;Pichidegua;;;;No aplica;;ERNC;Solar;2,995;2,99;Si;PMGD;CGE;Alimentador El Carmen /  S/ELas Cabras;;;;;;;;;;;;;286479;6196755;19 H;Solar Fotovoltaica;8;10/08/2026
SEN;SIC;PFV LAS CACHAÑAS SPA;;;PMGD PFV LAS CACHAÑAS;En Operacion;05/09/2022;2022;Región del Libertador Gral. Bernardo O’Higgins;San Fernando;;;;No aplica;;ERNC;Solar;9,02;9;Si;PMGD;CGE Distribución;Alimentador Maggi /  S/EColchagua;;;;;;;;;;;;;319931;6171382;19H;Solar Fotovoltaica;8;10/08/2026
SEN;SIC;PFV LAS CATITAS SPA;;;PMGD PFV LAS CATITAS;En Operacion;08/06/2022;2022;Región del Libertador Gral. Bernardo O’Higgins;Linares;;;;No aplica;;ERNC;Solar;9,02;9;Si;PMGD;CGE;Alimentador Presidente Ibañez /  S/EChacahuín;;;;;;;;;;;;;262239;6034743;19H;Solar Fotovoltaica;8;10/08/2026
SEN;SIC;LAS CHACRAS ENERGY SPA;;76.863.481-5;PMGD PFV LAS CHACRAS;En Operacion;22/02/2020;2020;Región de Valparaíso;La Ligua;;;;NO APLICA;;ERNC;Solar;3;2,97;Si;PMGD;CGE;ID 580 BA S/E LA ESPERANZA (TRANSNET) 13.2KV;;;;;;;;;;;;;286515;6406994;19 H;Solar Fotovoltaica;6;10/08/2026
SEN;SING;LAS CHILCAS SOLAR SPA;;;PMGD PFV LAS CHILCAS;En Operacion;23/05/2024;2024;Región de Arica y Parinacota;Arica;;;;No aplica;;ERNC;Solar;9,001;9;Si;PMGD;CGE Distribución;Alimentador Livilcar /  S/EPukara;;;;;;;;;;;;;367164,232;7950569,739;19K;Solar Fotovoltaica;1;10/08/2026
SEN;SIC;SONNEDIX LAS CODORNICES SPA;;76.937.187-7;PMGD PFV LAS CODORNICES;En Operacion;19/07/2019;2019;Región de Ñuble;San Carlos;;;;NO APLICA;;ERNC;Solar;3;2,98;Si;PMGD;COPELEC;ID 618 BA S/E SAN CARLOS 13,8KV BP1;;;;;;;;;;;;;767243,15;5961802,23;18 H;Solar Fotovoltaica;11;10/08/2026
SEN;SIC;PFV LAS GOLONDRINAS SPA;;;PMGD PFV LAS GOLONDRINAS;En Operacion;22/06/2023;2023;Región del Maule;Colbún;;;;No aplica;;ERNC;Solar;9,02;9;Si;PMGD;CGE Distribución;Alimentador Colbún /  S/EColbún;;;;;;;;;;;;;281757;6044418;19H;Solar Fotovoltaica;9;10/08/2026
SEN;SIC;SUR SOLAR SPA;;;PMGD PFV LAS GUINDILLAS;En Operacion;27/06/2025;2025;Región del Libertador Gral. Bernardo O’Higgins;San Fernando;;;;No aplica;;ERNC;Solar;9,045;9;Si;PMGD;CGE Distribución S.A.;ALIMENTADOR ANTIVERO;;;;;;;;;;;;;316937;6173938;19H;Solar Fotovoltaica;8;10/08/2026
SEN;SIC;PFV LAS LECHUZAS SPA;;76.948.419-1;PMGD PFV LAS LECHUZAS;En Operacion;06/09/2019;2019;Región de Ñuble;San Carlos;;;;NO APLICA;;ERNC;Solar;3;3;Si;PMGD;COPELEC;ID 1055 BA S/E COCHARCAS 13.8KV;;;;;;;;;;;;;763556,95;5956931,47;18 H;Solar Fotovoltaica;11;10/08/2026
SEN;SIC;SONNEDIX DON PEDRO SPA;;;PMGD PFV LAS MAJADAS;En Operacion;28/05/2021;2021;Región de Coquimbo;Monte Patria;;;;No aplica;;ERNC;Solar;9,045;9;Si;PMGD;CGE;Alimentador San Lorenzo, S/E Monte Patria;;;;;;;;;;;;;314352;6605240;19 J;Solar Fotovoltaica;5;10/08/2026
SEN;SIC;SONNEDIX FOTOVOLTAICA ALGARROBO SPA;;76.850.028-2;PMGD PFV LAS MERCEDES;En Operacion;18/12/2019;2019;Región del Libertador Gral. Bernardo O’Higgins;Requínoa;;;;NO APLICA;;ERNC;Solar;3;2,966;Si;PMGD;CGE;ID 152 BA S/E CHUMAQUITO 15KV;;;;;;;;;;;;;334183;6205604;19H;Solar Fotovoltaica;8;10/08/2026
SEN;SIC;CAPURATA DEL VERANO SPA;;;PMGD PFV LAS PALMAS DEL VERANO SOLAR;En Operacion;24/10/2022;2022;Región de Valparaíso;San Antonio;;;;No aplica;;ERNC;Solar;2,8072;2,8;Si;PMGD;CGE Dristribución;Alimentador Huinca /  S/ELeyda;;;;;;;;;;;;;268557;6276661;19H;Solar Fotovoltaica;6;10/08/2026
SEN;SIC;PV LAS PALOMAS SPA;;76.845.124-9;PMGD PFV LAS PALOMAS;En Operacion;31/10/2018;2018;Región de Ñuble;Bulnes;;;;NO APLICA;;ERNC;Solar;3;2,99;Si;PMGD;COPELEC;S/E TRES ESQUINAS;;;;;;;;;;;;;749310,39;5925778,78;18H;Solar Fotovoltaica;11;10/08/2026
SEN;SIC;SONNEDIX LAS PERDICES SPA;;76.945.275-3;PMGD PFV LAS PERDICES;En Operacion;21/08/2019;2019;Región del Maule;Talca;;;;NO APLICA;;ERNC;Solar;3;2,966;Si;PMGD;CGE;ID 196 BA S/E PANGUILEMO 15KV;;;;;;;;;;;;;264937;6084221;19 H;Solar Fotovoltaica;9;10/08/2026
SEN;SIC;MARQUESA SOLAR SPA;;76.454.719-5;PMGD PFV LAS ROJAS;En Operacion;31/12/2019;2019;Región de Coquimbo;La Serena;;;;NO APLICA;;ERNC;Solar;3;2,995;Si;PMGD;CGE;ID 190 BA S/E MARQUESA 23KV;;;;;;;;;;;;;294985;6696011;19J;Solar Fotovoltaica;5;10/08/2026
SEN;SIC;FOTOVOLTAICA ESTANCILLA SPA;;;PMGD PFV LAS ROMAZAS;En Operacion;18/03/2026;2026;Región de Valparaíso;Puchuncaví;;;;No aplica;;ERNC;Solar;2,91;2,9;Si;PMGD;Compañía General de Electricidad S.A.;ALIMENTADOR PUCHUNCAVÍ;;;;;;;;;;;;;277096;6372633;19H;Solar Fotovoltaica;6;10/08/2026
SEN;SIC;ENEL GREEN POWER CHILE S.A.;;;PMGD PFV LAS TACAS;En Operacion;05/02/2025;2025;Región de Coquimbo;Coquimbo;;;;No aplica;;ERNC;Solar;3,006;3;Si;PMGD;CGE;Alimentador Guanaqueros / S/E El Peñon;;;;;;;;;;;;;279204,69;6654391922;19H;Solar Fotovoltaica;5;10/08/2026
SEN;SIC;PFV LAS TAGUAS SPA;;;PMGD PFV LAS TAGUAS;En Operacion;13/09/2023;2023;Región de Coquimbo;La Serena;;;;No aplica;;ERNC;Solar;9,015;9;Si;PMGD;CGE;Alimentador Baquedano / S/E Las Compañías;;;;;;;;;;;;;283939;6697434;19J;Solar Fotovoltaica;5;10/08/2026
SEN;SIC;PFV LAS TENCAS SPA;;;PMGD PFV LAS TENCAS;En Operacion;22/12/2021;2021;Región del Libertador Gral. Bernardo O’Higgins;San Vicente;;;;No aplica;;ERNC;Solar;9,015;9;Si;PMGD;Compañía General de Electricidad (CGE);La Fontecilla /  S/ESan Vicente de Tagua Tagua;;;;;;;;;;;;;307644;6189377;19H;Solar Fotovoltaica;8;10/08/2026
SEN;SIC;ENERGÍA ATACAMA S.A.;;76.382.754-2;PMGD PFV LAS TERRAZAS;En Operacion;28/08/2014;2014;Región de Atacama;Tierra Amarilla;;;;NO APLICA;;ERNC;Solar;3;2,99;Si;PMGD;EMELAT;ALIMENTADOR ALGARROBO DE S/E CERRILLOS, EMELAT;;;;;;;;;;;;;367694;6943243,012;19J;Solar Fotovoltaica;4;10/08/2026
SEN;SIC;PFV LAS TORCAZAS SPA;;77.047.895-2;PMGD PFV LAS TORCAZAS;En Operacion;24/04/2021;2021;Región del Libertador Gral. Bernardo O’Higgins;Marchihue;;;;NO APLICA;;ERNC;Solar;3,01;3;Si;PMGD;CGE;ID597 - BA S/E MARCHIGÜE 13.2KV BP1;;;;;;;;;;;;;259250;6196340;19 H;Solar Fotovoltaica;8;10/08/2026
SEN;SIC;PFV LAS TORTOLAS SPA;;;PMGD PFV LAS TORTOLAS;En Operacion;29/01/2021;2021;Región de Ñuble;Bulnes;;;;NO APLICA;;ERNC;Solar;3,01;3;Si;PMGD;COPELEC;ID1053 - BA S/E TRES ESQUINAS 13.8KV BP1;;;;;;;;;;;;;732450;5927680;18 H;Solar Fotovoltaica;11;10/08/2026
SEN;SIC;CALBUCO DE VERANO SPA;;;PMGD PFV LAS TORTOLAS DEL VERANO;En Operacion;19/01/2022;2022;Región de Valparaíso;Calle Larga;;;;No aplica;;ERNC;Solar;3,006;3;Si;PMGD;Chilquinta;Alimentador Centenario /  S/ESan Rafael;;;;;;;;;;;;;357154;6360637;19H;Solar Fotovoltaica;6;10/08/2026
SEN;SIC;PV LAS TURCAS SPA;;76.730.378-5;PMGD PFV LAS TURCAS;En Operacion;01/06/2017;2017;Región Metropolitana de Santiago;Melipilla;;;;NO APLICA;;ERNC;Solar;3;2,9901;Si;PMGD;CGE;ID 595 BA S/E MANDINGA 13,8KV BP1;;;;;;;;;;;;;288882;6257333,55;19H;Solar Fotovoltaica;7;10/08/2026
SEN;SIC;SANTA BARBARA ENERGY SPA;;;PMGD PFV LENGA SOLAR;En Operacion;19/07/2024;2024;Región del Biobío;Los Ángeles;;;;No aplica;;ERNC;Solar;4,04;4;Sí;PMGD;Coopelan;Alimentador SANTA FE / S/E LOS ANGELES;;;;;;;;;;;;;728098;5852392;18H;Solar Fotovoltaica;10;10/08/2026
SEN;SIC;SOLAR LAS GOLONDRINAS SPA;;;PMGD PFV LICURA;En Operacion;13/03/2026;2026;Región del Biobío;Mulchén;;;;No aplica;;ERNC;Solar;3,01;3;Si;PMGD;Empresa Eléctrica de la Frontera S.A.;ALIMENTADOR MULCHEN;;;;;;;;;;;;;730047,58;5827979,98;18H;Solar Fotovoltaica;10;10/08/2026
SEN;SIC;GUALLATIRI SPA;;;PMGD PFV LIEBRE DE VERANO;En Operacion;14/11/2024;2024;Región Metropolitana de Santiago;Isla de Maipo;;;;No aplica;;ERNC;Solar;9,007;9;Si;PMGD;CGE;Alimentador Las Parcelas / S/E Isla de Maipo;;;;;;;;;;;;;323760;6265949;19H;Solar Fotovoltaica;7;10/08/2026
SEN;SIC;LIRIOS DE CHUMAQUITO SPA;;;PMGD PFV LILIUM;En Operacion;30/12/2025;2025;Región del Libertador Gral. Bernardo O’Higgins;Requínoa;;;;No aplica;;ERNC;Solar;9,144;9,144;Si;PMGD;Compañía General de Electricidad S.A.;ALIMENTADOR LOS LIRIOS;;;;;;;;;;;;;338939;6201582;19H;Solar Fotovoltaica;8;10/08/2026
SEN;SIC;PARQUE FOTOVOLTAICO CHEPICA SPA;;;PMGD PFV LIMA;En Operacion;22/09/2022;2022;Región del Libertador Gral. Bernardo O’Higgins;Chépica;;;;No aplica;;ERNC;Solar;3,015;3;Si;PMGD;CGE Distribución;Alimentador Colchagua /  S/EPaniahue;;;;;;;;;;;;;288073;6154882;19H;Solar Fotovoltaica;8;10/08/2026
SEN;SIC;LINARES GENERACIÓN SPA;;;PMGD PFV LINARES SOLAR;En Operacion;28/05/2021;2021;Región del Maule;Linares;;;;No aplica;;ERNC;Solar;9,002;8,98;Si;PMGD;CGE Distribución;Alimentador San Gabriel /;;;;;;;;;;;;;262841;6029130;19H;Solar Fotovoltaica;9;10/08/2026
SEN;SING;ORIÓN SOLAR SPA;;;PMGD PFV LINCE SOLAR;En Operacion;17/12/2025;2025;Región de Antofagasta;Antofagasta;;;;No aplica;;ERNC;Solar;9,013;9;Si;PMGD;Compañía General de Electricidad S.A.;Alimentador Industrial;;;;;;;;;;;;;367456;7361099;19K;Solar Fotovoltaica;3;10/08/2026
SEN;SIC;LINGUE SPA;;;PMGD PFV LINGUE;En Operacion;29/01/2021;2021;Región de Valparaíso;Casablanca;;;;No aplica;;ERNC;Solar;3,007594;3;Si;PMGD;Casablanca;Alimentador Cooperativa, S/E Casablanca;;;;;;;;;;;;;277419,047;6303899,769;19H;Solar Fotovoltaica;6;10/08/2026
SEN;SIC;ESPINOS S.A.;;76.925.800-0;PMGD PFV LIPANGUE;En Operacion;26/06/2019;2019;Región Metropolitana de Santiago;Lampa;;;;NO APLICA;;ERNC;Solar;3;2,99;Si;PMGD;ENEL DISTRIBUCIÓN;ID 791 BA S/E LO BOZA 12KV BP1;;;;;;;;;;;;;321562,29;6309505,66;19 H;Solar Fotovoltaica;7;10/08/2026
SEN;SIC;CVE PROYECTO SIETE SPA;;;PMGD PFV LIQUIDAMBAR;En Operacion;19/12/2022;2022;Región de Valparaíso;San Esteban;;;;No aplica;;ERNC;Solar;9,02;9;Si;PMGD;Chilquinta;Alimentador San Esteban /  S/ESan Rafael;;;;;;;;;;;;;355944;6366599;19H;Solar Fotovoltaica;6;10/08/2026
SEN;SIC;LIRIO DE CAMPO SOLAR SPA;;76.462.043-7;PMGD PFV LIRIO DEL CAMPO;En Operacion;16/09/2020;2020;Región Metropolitana de Santiago;Melipilla;;;;No aplica;;ERNC;Solar;2,784;2,779;Si;PMGD;CGE;Alimentador Mallarauco y  S/EBollenar;;;;;;;;;;;;;299295;6280594;19H;Solar Fotovoltaica;7;10/08/2026
SEN;SIC;LITORAL SOLAR SPA;;;PMGD PFV LITORAL SUNLIGHT;En Operacion;05/11/2022;2022;Región de Valparaíso;El Quisco;;;;No aplica;;ERNC;Solar;9,015;9;Si;PMGD;Compañía Eléctrica del Litoral;Alimentador Esmeralda /  S/EEl Totoral;;;;;;;;;;;;;257978;6299334;19H;Solar Fotovoltaica;6;10/08/2026
SEN;SIC;LLANOS DE POTROSO SPA;;76.481.703-6;PMGD PFV LLANOS DE POTROSO;En Operacion;07/05/2020;2020;Región de Coquimbo;La Serena;;;;NO APLICA;;ERNC;Solar;9,005;9;Si;PMGD;CGE;ID 190 BA S/E MARQUESA 23KV BP1;;;;;;;;;;;;;320000;6706960;19 J;Solar Fotovoltaica;5;10/08/2026
SEN;SIC;XUE SOLAR SPA;;;PMGD PFV LLAY LLAY;En Operacion;17/04/2021;2021;Región de Valparaíso;Llaillay;;;;No aplica;;ERNC;Solar;9,007834;9;Si;PMGD;Chilquinta;Alimentador Porvenir /  S/ELas Vegas;;;;;;;;;;;;;316745;6363723;19H;Solar Fotovoltaica;6;10/08/2026
SEN;SIC;PFV LAS LOICAS SPA;;;PMGD PFV LLOICA;En Operacion;11/07/2024;2024;Región de Atacama;Copiapó;;;;No aplica;;ERNC;Solar;3,005;3;Si;PMGD;CGE;Alimentador Alicanto / S/E Plantas;;;;;;;;;;;;;374135;6966187;19J;Solar Fotovoltaica;4;10/08/2026
SEN;SING;EL PERAL SPA;;;PMGD PFV LLUTA SOLAR;En Operacion;24/05/2024;2024;Región de Arica y Parinacota;Arica;;;;No aplica;;ERNC;Solar;2,701;2,7;Si;PMGD;CGE Distribución;Alimentador Lluta /  S/EQuiani;;;;;;;;;;;;;368302,55;7964019,92;19J;Solar Fotovoltaica;1;10/08/2026
SEN;SIC;RIZOMA IC ENERGY SPA;;;PMGD PFV LO BOZA;En Operacion;28/02/2022;2022;Región Metropolitana de Santiago;Pudahuel;;;;No aplica;;ERNC;Solar;0,796806;0,768;Si;PMGD;No aplica;Alimentador Parinacota /  S/ELo Boza;;;;;;;;;;;;;336234;6304976;19 H;Solar Fotovoltaica;7;10/08/2026
SEN;SIC;PFV LO CHACÓN SPA;;;PMGD PFV LO CHACON;En Operacion;15/11/2022;2022;Región Metropolitana de Santiago;San Pedro;;;;No aplica;;ERNC;Solar;2,998;2,99;Si;PMGD;CGE Distribución;Alimentador Lo Sierra /  S/ESanta Rosa (CGE);;;;;;;;;;;;;286151;6237017;19H;Solar Fotovoltaica;7;10/08/2026
SEN;SIC;MAUI SOLAR SPA;;;PMGD PFV LO CONTY;En Operacion;04/03/2026;2026;Región del Libertador Gral. Bernardo O’Higgins;Coinco;;;;No aplica;;ERNC;Solar;8,245;8,2;Si;PMGD;CGE;ID 564 PA S/E CACHAPOAL C4;;;;;;;;;;;;;322332;6209442;19H;Solar Fotovoltaica;8;10/08/2026
SEN;SIC;PLANTA SOLAR LO MIGUEL II SPA;;;PMGD PFV LO MIGUEL;En Operacion;31/05/2023;2023;Región del Libertador Gral. Bernardo O’Higgins;Rengo;;;;No aplica;;ERNC;Solar;9,123;9;Si;PMGD;CGE;Alimentador Esmeralda / S/E Rengo;;;;;;;;;;;;;332137;6193093;19H;Solar Fotovoltaica;8;10/08/2026
SEN;SIC;PFV DOÑIHUE SPA;;76.201.449-1;PMGD PFV LO MIRANDA;En Operacion;31/10/2019;2019;Región del Libertador Gral. Bernardo O’Higgins;Doñihue;;;;NO APLICA;;ERNC;Solar;6;5,955;Si;PMGD;CGE;ID 183 BA S/E LO MIRANDA 15KV BP1;;;;;;;;;;;;;326622;6214186;19 H;Solar Fotovoltaica;8;10/08/2026
SEN;SIC;PARQUE SOLAR H6 SPA;;76.795.518-9;PMGD PFV LO SIERRA;En Operacion;12/07/2019;2019;Región Metropolitana de Santiago;San Pedro;;;;1;;ERNC;Solar;2,97;2,965;Si;PMGD;CGE;ID 624 S/E SANTA ROSA (CGE) 23KV;;;;;;;;;;;;;284851,17;6237168,59;19 H;Solar Fotovoltaica;7;10/08/2026
SEN;SING;CE CENTINELA SOLAR SPA;;;PMGD PFV LOCKMA;En Operacion;15/04/2023;2023;Región de Antofagasta;Antofagasta;;;;No aplica;;ERNC;Solar;9,161;9;Si;PMGD;CGE Distribución;Alimentador Minsal /  S/EUribe;;;;;;;;;;;;;371401;7389091;19K;Solar Fotovoltaica;3;10/08/2026
SEN;SIC;LOICA SPA;;;PMGD PFV LOICA;En Operacion;16/08/2022;2022;Región del Maule;San Javier;;;;1;;ERNC;Solar;3,01;3;Si;PMGD;CGE;Alimentador Los Naranjos /  S/ENirvilo;;;;;;;;;;;;;247478;6055492;19H;Solar Fotovoltaica;9;10/08/2026
SEN;SIC;PARUMA DEL VERANO SPA;;;PMGD PFV LOMA TENDIDA DEL VERANO SOLAR;En Operacion;29/02/2024;2024;Región Metropolitana de Santiago;Pirque;;;;No aplica;;ERNC;Solar;3;2,993;Si;PMGD;CGE;La Principal / S/E Pirque;;;;;;;;;;;;;354623;6265090;19H;Solar Fotovoltaica;7;10/08/2026
SEN;SIC;PSF LOMAS COLORADAS S.A.;;76.284.911-9;PMGD PFV LOMAS COLORADAS;En Operacion;19/06/2014;2014;Región de Coquimbo;Combarbalá;;;;NO APLICA;;ERNC;Solar;2;1,99;Si;PMGD;CONAFE;ALIMENTADOR CIUDAD 13.2 KV EN S/E COMBARBALA;;;;;;;;;;;;;307246,88;6547994,94;19J;Solar Fotovoltaica;5;10/08/2026
SEN;SIC;TEDLAR DIEMOS SPA;;;PMGD PFV LONCURA;En Operacion;01/06/2024;2024;Región de Valparaíso;Quintero;;;;no aplica;;ERNC;Solar;9,013;9;Si;PMGD;Chilquinta Distribución S.A.;S/E QUINTERO C4;;;;;;;;;;;;;266253;6369419;19H;Solar Fotovoltaica;6;10/08/2026
SEN;SIC;FOTOVOLTAICA ACACIA SPA;;;PMGD PFV LORETO SOLAR;En Operacion;27/12/2019;2019;Región del Libertador Gral. Bernardo O’Higgins;Coltauco;;;;NO APLICA;;ERNC;Solar;3;2,97;Si;PMGD;CGE;ID 185 BA S/E LORETO 15KV;;;;;;;;;;;;;309990;6208920;19 H;Solar Fotovoltaica;8;10/08/2026
SEN;SIC;PARQUE SOLAR ESMERALDA SPA;;;PMGD PFV LOS BANOS;En Operacion;10/12/2024;2024;Región de Ñuble;Yungay;;;;NO APLICA;;ERNC;Solar;6;5,9934;Sí;PMGD;FRONTEL;S/E CHOLGUAN C1;;;;;;;;;;;;;758007;5885742;18G;Solar Fotovoltaica;11;10/08/2026
SEN;SIC;PFV LOS CISNES SPA;;;PMGD PFV LOS CISNES;En Operacion;27/07/2023;2023;Región Metropolitana de Santiago;María Pinto;;;;no aplica;;ERNC;Solar;6,01;6;Si;PMGD;CGE;S/E BOLLENAR C3;;;;;;;;;;;;;291502;6284678;19H;Solar Fotovoltaica;7;10/08/2026
SEN;SIC;LICANCABUR DE VERANO SPA;;;PMGD PFV LOS CORRALES DEL VERANO;En Operacion;24/07/2025;2025;Región Metropolitana de Santiago;Peñaflor;;;;No aplica;;ERNC;Solar;9,012;9;Si;PMGD;CGE Distribución;ALIMENTADOR LORETO;;;;;;;;;;;;;323396;6285016;19H;Solar Fotovoltaica;7;10/08/2026
SEN;SIC;LOS SAUCES SOLAR I SPA;;;PMGD PFV LOS EUCALIPTOS;En Operacion;22/10/2025;2025;Región de La Araucanía;Los Sauces;;;;No aplica;;ERNC;Solar;3;2,99;Si;PMGD;EMPRESA ELÉCTRICA DE LA FRONTERA S.A.;Alimentador Los Sauces Purén;;;;;;;;;;;;;687652;5794266;18H;Solar Fotovoltaica;12;10/08/2026
SEN;SIC;PV LOS GORRIONES SPA;;;PMGD PFV LOS GORRIONES;En Operacion;05/01/2018;2018;Región del Maule;Retiro;;;;NO APLICA;;ERNC;Solar;3;3;Si;PMGD;CGE;ID 616 BA S/E RETIRO 13.2KV;;;;;;;;;;;;;251234,01;6008763,45;19H;Solar Fotovoltaica;9;10/08/2026
SEN;SIC;PFV LOS JOTES SPA;;;PMGD PFV LOS JOTES;En Operacion;06/03/2023;2023;Región de Valparaíso;Cabildo;;;;No aplica;;ERNC;Solar;3,005;3;Si;PMGD;CGE Distribución;Alimentador Monte Grande /  S/ECabildo;;;;;;;;;;;;;303003;6406555;19H;Solar Fotovoltaica;6;10/08/2026
SEN;SIC;LOS LAGOS SPA;;;PMGD PFV LOS LAGOS;En Operacion;12/06/2021;2021;Región del Libertador Gral. Bernardo O’Higgins;Las Cabras;;;;No aplica;;ERNC;Solar;2,204;2,2;Si;PMGD;CGE;Alimentador El Carmen /  S/ELas Cabras;;;;;;;;;;;;;281128;6206916;19H;Solar Fotovoltaica;8;10/08/2026
SEN;SIC;PV LIBERTADORES SPA;;76.515.583-5;PMGD PFV LOS LIBERTADORES;En Operacion;08/08/2018;2018;Región del Libertador Gral. Bernardo O’Higgins;Graneros;;;;NO APLICA;;ERNC;Solar;8;7,98;Si;PMGD;CGE;S/E TUNICHE;;;;;;;;;;;;;335497,84;6226404,08;19H;Solar Fotovoltaica;8;10/08/2026
SEN;SIC;PLANTA SOLAR LOS LIRIOS II SPA;;;PMGD PFV LOS LIRIOS;En Operacion;28/11/2022;2022;Región del Libertador Gral. Bernardo O’Higgins;Requínoa;;;;No aplica;;ERNC;Solar;4,765;4,75;Si;PMGD;CGE Distribución;Alimentador El Olivar /  S/ECachapoal;;;;;;;;;;;;;334145;6210451;19H;Solar Fotovoltaica;8;10/08/2026
SEN;SIC;LITRE SPA;;;PMGD PFV LOS MAGNOLIOS SOLAR;En Operacion;02/09/2021;2021;Región de Valparaíso;Casablanca;;;;No aplica;;ERNC;Solar;2,997594;2,99;Si;PMGD;CASABLANCA;Alimentador Corpora /  S/ECasablanca;;;;;;;;;;;;;273075;6302722;19H;Solar Fotovoltaica;6;10/08/2026
SEN;SIC;LOS MOLINOS SPA;;;PMGD PFV LOS MOLINOS;En Operacion;04/08/2021;2021;Región Metropolitana de Santiago;Melipilla;;;;No aplica;;ERNC;Solar;9,02;9;Si;PMGD;CGE;Alimentador San José /  S/EBollenar;;;;;;;;;;;;;289800;6282970;19 H;Solar Fotovoltaica;7;10/08/2026
SEN;SIC;CIA ELÉCTRICA LOS MORROS S.A.;;;PMGD PFV LOS MORROS I;En Operacion;26/02/2025;2025;Región Metropolitana de Santiago;San Bernardo;;;;No apica;;ERNC;Solar;2,602;2,6;Si;PMGD;CGE Distribución;Alimentador Eyzaguirre / S/E San Bernardo;;;;;;;;;;;;;346410;6275729;19H;Solar Fotovoltaica;7;10/08/2026
SEN;SIC;GPG GENERACIÓN DISTRIBUIDA SPA;;;PMGD PFV LOS NOGALES;En Operacion;14/06/2023;2023;Región de Coquimbo;Ovalle;;;;No aplica;;ERNC;Solar;9,15;9;Si;PMGD;CGE;Alimentador Socos / S/E Ovallle;;;;;;;;;;;;;275587,58;6596702,51;19H;Solar Fotovoltaica;5;10/08/2026
SEN;SIC;PARQUE SOLAR LOS PALTOS SPA;;76.827.431-2;PMGD PFV LOS PALTOS;En Operacion;14/01/2020;2020;Región de Valparaíso;Cabildo;;;;NO APLICA;;ERNC;Solar;2,7;2,695;Si;PMGD;CGE;ID 1812 BA S/E CABILDO 23KV BP2;;;;;;;;;;;;;308844,76;6413652,93;19H;Solar Fotovoltaica;6;10/08/2026
SEN;SIC;PV LOS PATOS SPA;;76.845.123-0;PMGD PFV LOS PATOS;En Operacion;09/08/2018;2018;Región del Maule;San Rafael;;;;NO APLICA;;ERNC;Solar;3;2,9901;Si;PMGD;CGE;S/E SAN RAFAEL;;;;;;;;;;;;;262548,12;6086889,11;19H;Solar Fotovoltaica;9;10/08/2026
SEN;SIC;PMGD SOLAR LOS PERALES I SPA;;76.786.344-6;PMGD PFV LOS PERALES;En Operacion;30/07/2020;2020;Región de Valparaíso;Quilpué;;;;NO APLICA;;ERNC;Solar;3;3;Si;PMGD;CHILQUINTA;ID 1024 BA S/E QUILPUE 12KV BP1;;;;;;;;;;;;;285470;6330070;19H;Solar Fotovoltaica;6;10/08/2026
SEN;SING;PARQUE SOLAR LOS PUQUIOS SPA;;76.228.787-0;PMGD PFV LOS PUQUIOS;En Operacion;11/08/2015;2015;Región de Tarapacá;Pozo Almonte;;;;NO APLICA;;ERNC;Solar;3;3;Si;PMGD;CGE;ID 2299 BA S/E TAMARUGAL 23 KV;;;;;;;;;;;;;443093,82;7740031,05;19K;Solar Fotovoltaica;2;10/08/2026
SEN;SIC;PANGUILEMO SPA;;;PMGD PFV LOS ROBLES;En Operacion;17/01/2024;2024;Región del Maule;Talca;;;;No aplica;;ERNC;Solar;3;2,99;Si;PMGD;CGE Distribución;Alimentador Aerodromo /  S/EPanguilemo;;;;;;;;;;;;;264392;6082340;19H;Solar Fotovoltaica;9;10/08/2026
SEN;SIC;CVE PROYECTO OCHO SPA;;;PMGD PFV LOS TAURETES;En Operacion;08/03/2023;2023;Región Metropolitana de Santiago;Colina;;;;No aplica;;ERNC;Solar;2,9105;2,9;Si;PMGD;Enel Distribución;Alimentador Huechun /  S/EEl Manzano (Enel Distribucion);;;;;;;;;;;;;341340;6344368;19H;Solar Fotovoltaica;7;10/08/2026
SEN;SIC;PARQUE FOTOVOLTAICO OCOA II SPA;;76.957.549-9;PMGD PFV LOS TILOS;En Operacion;10/10/2020;2020;Región de Valparaíso;Hijuelas;;;;No aplica;;ERNC;Solar;3,6;3,5;Si;PMGD;Chilquinta;SE Las Vegas;;;;;;;;;;;;;307289,24;6369024,65;19H;Solar Fotovoltaica;6;10/08/2026
SEN;SIC;PFV LOS TORDOS SPA;;;PMGD PFV LOS TORDOS;En Operacion;13/04/2022;2022;Región del Maule;Talca;;;;No aplica;;ERNC;Solar;5,01;5;Si;PMGD;CGE Distribución;Alimentador San Clemente /  S/ESan Miguel;;;;;;;;;;;;;265808;6070737;19H;Solar Fotovoltaica;9;10/08/2026
SEN;SIC;TEDLAR MARTE SPA;;;PMGD PFV LOTA II;En Operacion;20/04/2026;2026;Región Metropolitana de Santiago;Buin;;;;No aplica;;ERNC;Solar;2,363;2,35;Si;PMGD;Compañía General de Electricidad S.A.;ALIMENTADOR N°1 JAVIERA CARRERA;;;;;;;;;;;;;342794;6259823;19H;Solar Fotovoltaica;7;10/08/2026
SEN;SIC;LUCE SOLAR SPA;;76.515.795-1;PMGD PFV LUCE SOLAR;En Operacion;07/11/2019;2019;Región Metropolitana de Santiago;San Pedro;;;;1;;ERNC;Solar;2,7;2,696;Si;PMGD;CGE;ID 582 BA S/E LA MANGA 13.2KV;;;;;;;;;;;;;260790,21;6244814,26;19H;Solar Fotovoltaica;7;10/08/2026
SEN;SIC;GR LAUREL SPA;;76.515.589-4;PMGD PFV LUDERS;En Operacion;23/05/2018;2018;Región del Libertador Gral. Bernardo O’Higgins;Mostazal;;;;NO APLICA;;ERNC;Solar;3;2,9559;Si;PMGD;CGE;S/E GRANEROS;;;;;;;;;;;;;349286;6237229,04;19H;Solar Fotovoltaica;8;10/08/2026
SEN;SIC;BETEL SPA;;;PMGD PFV LUMBRERAS;En Operacion;16/01/2021;2021;Región Metropolitana de Santiago;Melipilla;;;;No aplica;;ERNC;Solar;3,01;3;Si;PMGD;CGE;Alimentador Lumbreras /  S/EEl Maiten;;;;;;;;;;;;;285705;6274772;19H;Solar Fotovoltaica;7;10/08/2026
SEN;SING;GR LUMILLA SPA;;;PMGD PFV LUMILLA;En Operacion;25/08/2025;2025;Región de Antofagasta;Calama;;;;No aplica;;ERNC;Solar;9,131;9;Si;PMGD;Compañía General de Electricidad S.A.;ALIMENTADOR GRECIA;;;;;;;;;;;;;500229;7514695;19K;Solar Fotovoltaica;3;10/08/2026
SEN;SIC;LUNA ENERGY SPA;;76.522.004-1;PMGD PFV LUNA;En Operacion;14/06/2019;2019;Región del Libertador Gral. Bernardo O’Higgins;Las Cabras;;;;NO APLICA;;ERNC;Solar;2,96;2,9393;Si;PMGD;CGE;S/E EL MANZANO 13KV;;;;;;;;;;;;;278119;6211449;19H;Solar Fotovoltaica;8;10/08/2026
SEN;SIC;PARQUE SOLAR LUNA DEL NORTE SPA;;76.760.999-K;PMGD PFV LUNA DEL NORTE;En Operacion;16/09/2015;2015;Región de Coquimbo;Vicuña;;;;NO APLICA;;ERNC;Solar;2,96;2,93928;Si;PMGD;CONAFE;S/E VICUÑA 23 KV;;;;;;;;;;;;;338024;6675560,013;19J;Solar Fotovoltaica;5;10/08/2026
SEN;SIC;MACAO SOLAR SPA;;;PMGD PFV MACAO;En Operacion;30/05/2024;2024;Región Metropolitana de Santiago;Buin;;;;1;;ERNC;Solar;9,029468;9;Si;PMGD;CGE Distribución S.A.;Alimentador Las Parcelas / S/E Isla de Maipo;;;;;;;;;;;;;325144,23;6269443,7;19H;Solar Fotovoltaica;7;10/08/2026
SEN;SING;CVE PROYECTO VEINTISÉIS SPA;;;PMGD PFV MACARENA SOLAR;En Operacion;05/12/2023;2023;Región de Tarapacá;Pozo Almonte;;;;no aplica;;ERNC;Solar;0,7978;0,79;Si;PMGD;'Compañía General de Electricidad Distribución S.A (CGE Distribución S.A.);S/E POZO ALMONTE E1;;;;;;;;;;;;;433095;7747665;19K;Solar Fotovoltaica;2;10/08/2026
SEN;SIC;TÓRTOLA SPA;;;PMGD PFV MAIKONO;En Operacion;13/01/2023;2023;Región de Valparaíso;Quintero;;;;No aplica;;ERNC;Solar;3,0045;3;Si;PMGD;Chilquinta Energia S.A.;Alimentador Loncura, S/E Quintero;;;;;;;;;;;;;271668;6366156;19H;Solar Fotovoltaica;6;10/08/2026
SEN;SIC;PS MAIMALICAN SPA;;;PMGD PFV MAIMALICAN;En Operacion;16/11/2023;2023;Región de Coquimbo;Los Vilos;;;;No aplica;;ERNC;Solar;9,005;9;Si;PMGD;CGE;Alimentador Quilimarí / S/E Quereo;;;;;;;;;;;;;278115;6441238;19H;Solar Fotovoltaica;5;10/08/2026
SEN;SIC;FOTOVOLTAICA SANTA ROSARIO SPA;;;PMGD PFV MAITENLAHUE;En Operacion;07/07/2023;2023;Región Metropolitana de Santiago;San Pedro;;;;No aplica;;ERNC;Solar;2,913;2,9;Si;PMGD;CGE;Alimentador Maitenlahue / S/E La Manga;;;;;;;;;;;;;260593;6246652;19H;Solar Fotovoltaica;7;10/08/2026
SEN;SIC;APOLO DEL NORTE SPA;;76.381.008-9;PMGD PFV MALAQUITA SOLAR II;En Operacion;15/02/2019;2019;Región de Atacama;Tierra Amarilla;;;;1;;ERNC;Solar;9;8,985;Si;PMGD;EMELAT;S/E LOS LOROS 23KV BP1;;;;;;;;;;;;;383715,9;6919672,79;19 J;Solar Fotovoltaica;4;10/08/2026
SEN;SIC;MALINKE SOLAR SPA;;;PMGD PFV MALINKE;En Operacion;07/05/2021;2021;Región Metropolitana de Santiago;Melipilla;;;;No aplica;;ERNC;Solar;3,005;3;Si;PMGD;CGE;Alimentador San Manuel 13,2 kV, S/E Mandinga;;;;;;;;;;;;;288155;6260478;19H;Solar Fotovoltaica;7;10/08/2026
SEN;SIC;PLANTA SOLAR PEÑAFLOR II SPA;;;PMGD PFV MALLOCO;En Operacion;20/03/2023;2023;Región Metropolitana de Santiago;Peñaflor;;;;No aplica;;ERNC;Solar;2,555;2,5;Si;PMGD;CGE;Alimentador Talagante / S/E Malloco;;;;;;;;;;;;;324376;6277750;19H;Solar Fotovoltaica;7;10/08/2026
SEN;SIC;FARMDO ENERGY CHILE SPA;;;PMGD PFV MALVILLA;En Operacion;20/11/2023;2023;Región de Valparaíso;San Antonio;;;;No aplica;;ERNC;Solar;3,02;3;Si;PMGD;CGE Distribución;Alimentador Malvilla /  S/ELeyda;;;;;;;;;;;;;271908;6275146;19H;Solar Fotovoltaica;6;10/08/2026
SEN;SIC;SOLAR TI DOCE SPA;;;PMGD PFV MANAO;En Operacion;15/03/2022;2022;Región de Valparaíso;Llaillay;;;;No aplica;;ERNC;Solar;3,009;3;Si;PMGD;Chilquinta Distribución;Alimentador Santa Terasa /  S/ELas Vegas (Chilquinta);;;;;;;;;;;;;313799;6362021;19H;Solar Fotovoltaica;6;10/08/2026
SEN;SIC;MANDINGA SOLAR SPA;;;PMGD PFV MANDINGA;En Operacion;30/09/2022;2022;Región Metropolitana de Santiago;Melipilla;;;;No aplica;;ERNC;Solar;9,015;9;Si;PMGD;CGE Distribución;Alimentador Tentehue /  S/EMandinga;;;;;;;;;;;;;290281;6257346;19H;Solar Fotovoltaica;7;10/08/2026
SEN;SIC;PSF SANTA ISABEL SPA;;;PMGD PFV MARAÑON;En Operacion;26/01/2023;2023;Región de Atacama;Huasco;;;;No aplica;;ERNC;Solar;9,01;9;Si;PMGD;CGE Distribución;Alimentador Valle /  S/EVallenar;;;;;;;;;;;;;332134;6836915;19H;Solar Fotovoltaica;4;10/08/2026
SEN;SIC;GR CANELO SPA;;76.464.278-3;PMGD PFV MARCHIGUE II;En Operacion;31/03/2017;2017;Región del Libertador Gral. Bernardo O’Higgins;Marchihue;;;;NO APLICA;;ERNC;Solar;9;8,9293;Si;PMGD;CGE;ALIMENTADOR PEÑA BLANCA 23 KV;;;;;;;;;;;;;254883,26;6189538,13;19H;Solar Fotovoltaica;8;10/08/2026
SEN;SIC;MARCHIHUE VII SPA;;76.746.021-K;PMGD PFV MARCHIHUE VII;En Operacion;14/08/2019;2019;Región del Libertador Gral. Bernardo O’Higgins;Marchihue;;;;NO APLICA;;ERNC;Solar;2,95;2,95;Si;PMGD;CGE;ID 597 BA S/E MARCHIGÜE 13.2KV BP1;;;;;;;;;;;;;259532,45;6189742,37;19 H;Solar Fotovoltaica;8;10/08/2026
SEN;SIC;MARGARITA SOLAR SPA;;;PMGD PFV MARGARITA X;En Operacion;04/02/2025;2025;Región del Libertador Gral. Bernardo O’Higgins;Las Cabras;;;;No aplica;;ERNC;Solar;3,91;3,9;Si;PMGD;COMPAÑÍA GENERAL DE ELECTRICIDAD S.A.;Alimentador EL CARMEN / S/E LAS CABRAS;;;;;;;;;;;;;286216;6203549;19H;Solar Fotovoltaica;8;10/08/2026
SEN;SIC;PEDRO SOLAR SPA;;;PMGD PFV MARIA DOLORES;En Operacion;22/08/2024;2024;Región del Biobío;Los Ángeles;;;;No aplica;;ERNC;Solar;9,02;9;Si;PMGD;CGE DISTRIBUCION;Alimentador Villagrán / S/E Manso de Velasco;;;;;;;;;;;;;731094;5850989;18H;Solar Fotovoltaica;10;10/08/2026
SEN;SIC;PFV MARÍA PINTO SPA;;76.979.116-7;PMGD PFV MARIA PINTO;En Operacion;28/08/2020;2020;Región Metropolitana de Santiago;María Pinto;;;;NO APLICA;;ERNC;Solar;3;2,99;Si;PMGD;CGE;ID 557 BA S/E BOLLENAR 13.2KV BP1;;;;;;;;;;;;;295180,07;6289663,21;19 H;Solar Fotovoltaica;7;10/08/2026
SEN;SIC;PMGD MAUCO SPA;;76.450.335-K;PMGD PFV MARIN;En Operacion;27/02/2019;2019;Región de Valparaíso;San Felipe;;;;1;;ERNC;Solar;6;5,9558;Si;PMGD;CHILQUINTA;ALIMENTADOR BUCALEMU;;;;;;;;;;;;;337545;6370964;19 H;Solar Fotovoltaica;6;10/08/2026
SEN;SIC;TIELMES ENERGIA SPA;;;PMGD PFV MAULE X;En Operacion;09/12/2025;2025;Región del Maule;Talca;;;;No aplica;;ERNC;Solar;9,113;7,9;Si;PMGD;Compañía General de Electricidad S.A.;ALIMENTADOR DUAO;;;;;;;;;;;;;258503;6064847;19H;Solar Fotovoltaica;9;10/08/2026
SEN;SIC;MELI SPA;;;PMGD PFV MELI;En Operacion;31/08/2022;2022;Región del Libertador Gral. Bernardo O’Higgins;Graneros;;;;No aplica;;ERNC;Solar;9,02;9;Si;PMGD;CGE;Alimentador Santa Julia /  S/EGraneros;;;;;;;;;;;;;337431;6230561;19H;Solar Fotovoltaica;8;10/08/2026
SEN;SIC;LOS LIBERTADORES SOLAR SPA;;;PMGD PFV MERCURIO SUR;En Operacion;09/04/2021;2021;Región del Maule;Colbún;;;;No aplica;;ERNC;Solar;3,0204;3;Si;PMGD;Luz Linares;Alimentador Panimávida /  S/EPanimávida;;;;;;;;;;;;;282509,5;6040873,02;19H;Solar Fotovoltaica;9;10/08/2026
SEN;SIC;GPG GENERACIÓN DISTRIBUIDA SPA;;;PMGD PFV MILAN A;En Operacion;19/08/2022;2022;Región del Maule;Teno;;;;No aplica;;ERNC;Solar;3,15;3;Si;PMGD;CGE Distribución;Alimentador El Quelmén /  S/ETeno;;;;;;;;;;;;;305769;6141844;19H;Solar Fotovoltaica;9;10/08/2026
SEN;SIC;BLUE SOLAR CINCO SPA;;;PMGD PFV MILLAHUE;En Operacion;31/03/2025;2025;Región del Maule;San Javier;;;;No aplica;;ERNC;Solar;9,0045;3,35;Si;PMGD;Compañía General de Electricidad S.A.;ALIMENTADOR VAQUERÍA;;;;;;;;;;;;;247592;6056132;19H;Solar Fotovoltaica;9;10/08/2026
SEN;SING;GR RUIL SPA;;;PMGD PFV MITCHI;En Operacion;04/05/2022;2022;Región de Antofagasta;Antofagasta;;;;No aplica;;ERNC;Solar;9,13;9;Si;PMGD;CGE Distribución;Alimentador Pueblo Baquedano /  S/EMantos Blancos;;;;;;;;;;;;;396984;7407369;19H;Solar Fotovoltaica;3;10/08/2026
SEN;SIC;CANENCIA ENERGÍA SPA;;76.350.356-9;PMGD PFV MONTT SOLAR;En Operacion;19/07/2019;2019;Región de Valparaíso;Petorca;;;;NO APLICA;;ERNC;Solar;3;3;Si;PMGD;CONAFE;ID 250 BA S/E CABILDO 23KV BP1;;;;;;;;;;;;;305334,26;6421681,24;19 H;Solar Fotovoltaica;6;10/08/2026
SEN;SIC;ENEL GREEN POWER CHILE S.A.;;;PMGD PFV MORA;En Operacion;01/02/2024;2024;Región Metropolitana de Santiago;San Pedro;;;;No aplica;;ERNC;Solar;3,006;3;Si;PMGD;CGE;ALIMENTADOR LO SIERRA / ID661_S/E SANTA ROSA;;;;;;;;;;;;;285694;6236905;19H;Solar Fotovoltaica;7;10/08/2026
SEN;SIC;GR LITRE SPA;;76.451.198-0;PMGD PFV MOSTAZAL;En Operacion;26/05/2018;2018;Región del Libertador Gral. Bernardo O’Higgins;Mostazal;;;;NO APLICA;;ERNC;Solar;9;9;Si;PMGD;CGE;SAN FRANCISCO DE MOSTAZAL;;;;;;;;;;;;;345514,8;6238351,46;19H;Solar Fotovoltaica;8;10/08/2026
SEN;SIC;SUVAN SOLAR SPA;;;PMGD PFV MOYA;En Operacion;30/06/2021;2021;Región del Biobío;Cabrero;;;;No aplica;;ERNC;Solar;9,00372;9;Si;PMGD;Sociedad Cooperativa de Consumo de Energía Eléctrica Charrúa Ltda;Alimentador Cabrero Salto del Laja – Subestación Cabrero;;;;;;;;;;;;;735300;5894417;18 H;Solar Fotovoltaica;10;10/08/2026
SEN;SIC;TIERRA SOLAR SPA;;;PMGD PFV MULCHEN SANTA BARBARA;En Operacion;04/06/2026;2026;Región del Biobío;Mulchén;;;;No aplica;;ERNC;Solar;9,0135;9;Si;PMGD;Frontel Grupo Saesa;Alimentador Santa Barbara / S/E PICOLTUE;;;;;;;;;;;;;741021487;5828792,32;18H;Solar Fotovoltaica;10;10/08/2026
SEN;SIC;MONTEJO ENERGÍA SPA;;;PMGD PFV MUTUPIN;En Operacion;08/07/2021;2021;Región de Ñuble;San Carlos;;;;No aplica;;ERNC;Solar;9,0198;9;Si;PMGD;CGE DISTRIBUCION;Alimentador Alico /   S/ESan Carlos;;;;;;;;;;;;;242328;5963952;19H;Solar Fotovoltaica;11;10/08/2026
SEN;SIC;GR PILO SPA;;;PMGD PFV NAHUEN;En Operacion;15/04/2021;2021;Región Metropolitana de Santiago;Melipilla;;;;No aplica;;ERNC;Solar;9,158;9;Si;PMGD;CGE;Alimentador Pabellon /  S/EChocalan;;;;;;;;;;;;;297157;6263448;19H;Solar Fotovoltaica;7;10/08/2026
SEN;SIC;GR HORNOPIREN SPA;;;PMGD PFV NAN;En Operacion;02/11/2022;2022;Región del Libertador Gral. Bernardo O’Higgins;Rancagua;;;;No aplica;;ERNC;Solar;6,84014;6,7;Si;PMGD;CGE Distribución;Alimentador Santa Julia /  S/EGraneros;;;;;;;;;;;;;339479;6231124;19H;Solar Fotovoltaica;8;10/08/2026
SEN;SIC;SOCOMPA DE VERANO SPA;;;PMGD PFV NAZARINO DEL VERANO SOLAR;En Operacion;29/12/2021;2021;Región Metropolitana de Santiago;El Monte;;;;No aplica;;ERNC;Solar;3,006;3;Si;PMGD;CGE Distribución;Alimentador Nazarino /  S/EEl Paico;;;;;;;;;;;;;309002;6267751;19H;Solar Fotovoltaica;7;10/08/2026
SEN;SIC;NEWENTUN SPA;;;PMGD PFV NEWENTUN;En Operacion;16/03/2023;2023;Región del Libertador Gral. Bernardo O’Higgins;Peralillo;;;;No aplica;;ERNC;Solar;6,005;6;Si;PMGD;CGE Distribución;Alimentador El Barco /  S/ELihueimo;;;;;;;;;;;;;274881;6180213;19H;Solar Fotovoltaica;8;10/08/2026
SEN;SIC;NIHUE SOLAR SPA;;;PMGD PFV NIHUE;En Operacion;03/08/2022;2022;Región Metropolitana de Santiago;San Pedro;;;;No aplica;;ERNC;Solar;2,9058;2,9;Si;PMGD;CGE Distribución;Alimentador Corneche /  S/ELa Manga;;;;;;;;;;;;;262906;6239111;19H;Solar Fotovoltaica;7;10/08/2026
SEN;SIC;ACOTANGO DE VERANO SPA;;76.876.835-8;PMGD PFV NORTE CHICO;En Operacion;29/06/2019;2019;Región de Coquimbo;Los Vilos;;;;NO APLICA;;ERNC;Solar;1,95;1,9485;Si;PMGD;CGE;ID 364 BA S/E QUEREO 23KV BP1;;;;;;;;;;;;;295692;6446534;19 H;Solar Fotovoltaica;5;10/08/2026
SEN;SIC;PARQUE FOTOVOLTAICO OCOA SPA;;76.451.022-4;PMGD PFV OCOA;En Operacion;01/09/2018;2018;Región de Valparaíso;Hijuelas;;;;NO APLICA;;ERNC;Solar;3;3;Si;PMGD;CHILQUINTA;SE LAS VEGAS;;;;;;;;;;;;;307162,01;6369449,1;19H;Solar Fotovoltaica;6;10/08/2026
SEN;SIC;GPG GENERACIÓN DISTRIBUIDA SPA;;;PMGD PFV OLIVIA;En Operacion;05/06/2023;2023;Región de Coquimbo;Vicuña;;;;No aplica;;ERNC;Solar;3,15;3;Si;PMGD;CGE;Alimentador Gabriela Mistral / S/E Vicuña;;;;;;;;;;;;;334840;6674102;19H;Solar Fotovoltaica;5;10/08/2026
SEN;SIC;GPG GENERACIÓN DISTRIBUIDA SPA;;;PMGD PFV OLIVIER;En Operacion;24/05/2023;2023;Región de Coquimbo;Vicuña;;;;No aplica;;ERNC;Solar;3,15;3;Si;PMGD;CGE;Alimentador Rivadavia / S/E Vicuña;;;;;;;;;;;;;337195,37;6676097,75;19H;Solar Fotovoltaica;5;10/08/2026
SEN;SIC;ÁRBOL SPA;;76.760.999-K;PMGD PFV OLIVILLO;En Operacion;27/12/2018;2018;Región de Valparaíso;Casablanca;;;;1;;ERNC;Solar;9;8,85;Si;PMGD;ENERGÍA CASABLANCA;S/E CASABLANCA 12KV;;;;;;;;;;;;;277269;6314048;19 H;Solar Fotovoltaica;6;10/08/2026
SEN;SIC;ORION SOLAR SPA;;;PMGD PFV ORION SOLAR;En Operacion;09/06/2021;2021;Región de Ñuble;Chillán;;;;No aplica;;ERNC;Solar;2,992;2,98;Si;PMGD;COPELEC;Alimentador San Carlos /  S/EChillán;;;;;;;;;;;;;765628;5945935;18 H;Solar Fotovoltaica;11;10/08/2026
SEN;SIC;CVE PROYECTO QUINCE SPA;;;PMGD PFV ORQUIDEA SOLAR;En Operacion;27/09/2023;2023;Región de Coquimbo;Ovalle;;;;No aplica;;ERNC;Solar;3,004;3;Si;PMGD;CGE Distribución S.A.;Alimentador Delta / S/E Ovalle;;;;;;;;;;;;;287476;6617074;19H;Solar Fotovoltaica;5;10/08/2026
SEN;SIC;COLBÚN S.A.;;96.505.760-9;PMGD PFV OVEJERIA;En Operacion;25/05/2018;2018;Región Metropolitana de Santiago;Tiltil;;;;NO APLICA;;ERNC;Solar;9;9;Si;PMGD;ENEL DISTRIBUCIÓN;S/E EL MANZANO;;;;;;;;;;;;;334949,63;6336810,78;19H;Solar Fotovoltaica;7;10/08/2026
SEN;SIC;EL NARANJAL SPA;;;PMGD PFV PACHIRA;En Operacion;08/10/2021;2021;Región del Maule;Linares;;;;No aplica;;ERNC;Solar;9,022;9;Si;PMGD;Luz Linares;Alimentador Barrio Industrial /  S/ELinares Norte;;;;;;;;;;;;;262842;6028805;19H;Solar Fotovoltaica;9;10/08/2026
SEN;SIC;ANDINA SOLAR 17 ESTE SPA;;;PMGD PFV PAILLIHUE;En Operacion;08/09/2023;2023;Región del Biobío;Los Ángeles;;;;No aplica;;ERNC;Solar;9;8,994;Si;PMGD;Compañía General de Electricidad S.A.;SE Los Angeles;;;;;;;;;;;;;731908,459;5845350,149;18H;Solar Fotovoltaica;10;10/08/2026
SEN;SING;SONNEDIX PAINE ENERGY SPA;;;PMGD PFV PAINE;En Operacion;25/06/2021;2021;Región de Antofagasta;Calama;;;;No aplica;;ERNC;Solar;9,1;9;Si;PMGD;CGE;Alimentador Florida /  S/ECalama;;;;;;;;;;;;;502816;7513903;19K;Solar Fotovoltaica;3;10/08/2026
SEN;SIC;PALTO SUNLIGHT SPA;;;PMGD PFV PALTO SUNLIGHT;En Operacion;20/07/2022;2022;Región de Valparaíso;Quillota;;;;No aplica;;ERNC;Solar;9,016;9;Si;PMGD;Chilquinta;Alimentador Olmué /  S/ESan Pedro;;;;;;;;;;;;;291659;6351055;19H;Solar Fotovoltaica;6;10/08/2026
SEN;SIC;PSF PAMA S.A.;;76.284.903-8;PMGD PFV PAMA;En Operacion;19/06/2014;2014;Región de Coquimbo;Combarbalá;;;;NO APLICA;;ERNC;Solar;2;1,99;Si;PMGD;CONAFE;ALIMENTADOR CIUDAD 13.2 KV EN S/E COMBARBALA;;;;;;;;;;;;;307272,9804;6547980,066;19J;Solar Fotovoltaica;5;10/08/2026
SEN;SIC;GR LINGUE SPA;;76.464.206-6;PMGD PFV PANQUEHUE II;En Operacion;18/10/2017;2017;Región de Valparaíso;Panquehue;;;;NO APLICA;;ERNC;Solar;6;6;Si;PMGD;CHILQUINTA;ID 1020 BA S/E PANQUEHUE BARRA 12KV;;;;;;;;;;;;;330260,59;6371919,42;19H;Solar Fotovoltaica;6;10/08/2026
SEN;SIC;PFV LA MOLINA SPA;;76.201.449-1;PMGD PFV PARAGUAY;En Operacion;28/02/2020;2020;Región del Maule;Molina;;;;NO APLICA;;ERNC;Solar;9;8,887;Si;PMGD;CGE;ID 2467 BA S/E MOLINA 15KV BP2;;;;;;;;;;;;;287924;6111894;19 H;Solar Fotovoltaica;9;10/08/2026
SEN;SIC;SAGESA S.A.;;;PMGD PFV PARANAL;En Operacion;20/07/2022;2022;Región de Antofagasta;Taltal;;;;No aplica;;ERNC;Solar;4,015;4;Si;PMGD;CGE Distribución;Alimentador Paranal /  S/EArmazones;;;;;;;;;;;;;368689;7274891;19H;Solar Fotovoltaica;3;10/08/2026
SEN;SIC;MEMBRILLO SOLAR SPA;;;PMGD PFV PARQUE ALHUE;En Operacion;29/12/2021;2021;Región Metropolitana de Santiago;Melipilla;;;;No aplica;;ERNC;Solar;6,01;6;Si;PMGD;CGE;Alimentador El Membrillo, S/E Santa Rosa;;;;;;;;;;;;;289357;6235622;19H;Solar Fotovoltaica;7;10/08/2026
SEN;SIC;PARQUE SOLAR AURORA SPA;;;PMGD PFV PARQUE CURICURA;En Operacion;02/05/2022;2022;Región del Maule;Romeral;;;;No aplica;;ERNC;Solar;9,01;9;Si;PMGD;CGE;Alimentador Romeral,  S/ERauquén;;;;;;;;;;;;;304347;6132988;19H;Solar Fotovoltaica;9;10/08/2026
SEN;SIC;PARQUE SOLAR DOÑA BERTA SPA;;;PMGD PFV PARQUE DOÑA BERTA;En Operacion;30/07/2025;2025;Región de Valparaíso;Quillota;;;;No aplica;;ERNC;Solar;2,855;2,8;Si;PMGD;Chilquinta;ALIMENTADOR LIMACHE;;;;;;;;;;;;;280809;6353352;19H;Solar Fotovoltaica;6;10/08/2026
SEN;SIC;PARQUE SOLAR ALTOS LAO SPA;;;PMGD PFV PARQUE EL INGENIO;En Operacion;14/07/2023;2023;Región de Valparaíso;La Ligua;;;;No aplica;;ERNC;Solar;9,01;9;Si;PMGD;CGE Distribución;Alimentador La Ligua /  S/EQuinquimo;;;;;;;;;;;;;298092;6402846;19H;Solar Fotovoltaica;6;10/08/2026
SEN;SIC;PARQUE SOLAR EL TRIGAL SPA;;;PMGD PFV PARQUE EL TRIGAL;En Operacion;08/08/2023;2023;Región de Ñuble;San Ignacio;;;;No aplica;;ERNC;Solar;9,01;9;Si;PMGD;FRONTEL;Alimentador Quiriquina / S/E Pueblo Seco;;;;;;;;;;;;;757072,39;5913786,49;18H;Solar Fotovoltaica;11;10/08/2026
SEN;SING;FAROL SOLAR SPA;;;PMGD PFV PARQUE FAROL SOLAR;En Operacion;28/12/2023;2023;Región de Antofagasta;Mejillones;;;;No aplica;;ERNC;Solar;9,013;9;Si;PMGD;Compañía General de Electricidad S.A.;Alimentador Punga Angamos / S/E Mejillones;;;;;;;;;;;;;355490,59;7436512,76;19K;Solar Fotovoltaica;3;10/08/2026
SEN;SIC;ENEL GREEN POWER CHILE S.A.;;;PMGD PFV PARQUE FOTOVOLTAICO EL SHARON;En Operacion;10/05/2023;2023;Región del Libertador Gral. Bernardo O’Higgins;Las Cabras;;;;No aplica;;ERNC;Solar;3,006;3;Si;PMGD;CGE Distribución;Alimentador Loyca /  S/EEl Peumo;;;;;;;;;;;;;284785;6227451;19H;Solar Fotovoltaica;8;10/08/2026
SEN;SIC;PARQUE SOLAR TABOLANGO SPA;;;PMGD PFV PARQUE LA TRAVESIA;En Operacion;31/03/2022;2022;Región de Atacama;Copiapó;;;;No aplica;;ERNC;Solar;9,01;9;Si;PMGD;CGE;Alimentador Bramador, S/E Copiapo;;;;;;;;;;;;;365444;6963800;19H;Solar Fotovoltaica;4;10/08/2026
SEN;SIC;PARQUE SOLAR RETIRO SPA;;;PMGD PFV PARQUE PANGUILEMO AEROPUERTO;En Operacion;31/03/2022;2022;Región del Maule;Talca;;;;No aplica;;ERNC;Solar;5,51;5,5;Si;PMGD;CGE;Alimentador Aeródromo,  S/EPanguilemo;;;;;;;;;;;;;264445;6081116;19H;Solar Fotovoltaica;9;10/08/2026
SEN;SIC;PARQUE SOLAR PORVENIR SPA;;;PMGD PFV PARQUE PENCAHUE ESTE;En Operacion;30/10/2021;2021;Región del Maule;Pencahue;;;;No aplica;;ERNC;Solar;3;2,99;Si;PMGD;CGE;Alimentador Plaza /  S/EPiduco;;;;;;;;;;;;;249944;6077250;19H;Solar Fotovoltaica;9;10/08/2026
SEN;SIC;PARQUE SOLAR PUEBLO SECO SPA;;;PMGD PFV PARQUE PUEBLO SECO;En Operacion;15/07/2023;2023;Región de Ñuble;San Ignacio;;;;No aplica;;ERNC;Solar;9,01;9;Si;PMGD;FRONTEL;Alimentador El Carmen / S/E Pueblo Seco;;;;;;;;;;;;;756997,36;5913782,95;18H;Solar Fotovoltaica;11;10/08/2026
SEN;SIC;PARQUE SOLAR ITIHUE SPA;;;PMGD PFV PARQUE PVP ITIHUE;En Operacion;28/07/2023;2023;Región de Ñuble;San Carlos;;;;No aplica;;ERNC;Solar;9,01;9;Si;PMGD;CGE Distribución;Alimentador Monte Blanco /  S/ESan Carlos;;;;;;;;;;;;;236671;5962209;19H;Solar Fotovoltaica;11;10/08/2026
SEN;SIC;PARQUE SOLAR UNIHUE SPA;;;PMGD PFV PARQUE PVP UNIHUE;En Operacion;26/04/2024;2024;Región del Maule;Maule;;;;No aplica;;ERNC;Solar;2,71;2,7;Si;PMGD;CGE Distribución;SE Piduco C5;;;;;;;;;;;;;257731;6069820;19H;Solar Fotovoltaica;9;10/08/2026
SEN;SIC;PARQUE SOLAR EL SAUCE SPA;;;PMGD PFV PARQUE ROMERIA;En Operacion;03/10/2022;2022;Región del Maule;Romeral;;;;No aplica;;ERNC;Solar;9,01;9;Si;PMGD;CGED;Alimentador Quilvo, subestación Rauquén;;;;;;;;;;;;;311850;6126650;19H;Solar Fotovoltaica;9;10/08/2026
SEN;SIC;PARQUE SOLAR DON FLAVIO SPA;;;PMGD PFV PARQUE SAN FRANCISCO PARRAL;En Operacion;15/02/2024;2024;Región del Maule;Retiro;;;;No aplica;;ERNC;Solar;1,01;1;Si;PMGD;'Luz Parral;S/E PARRAL C1;;;;;;;;;;;;;247498;6011587;19H;Solar Fotovoltaica;9;10/08/2026
SEN;SIC;PARQUE SOLAR LO CHACÓN SPA;;;PMGD PFV PARQUE SANTA CRUZ;En Operacion;30/11/2022;2022;Región del Libertador Gral. Bernardo O’Higgins;Santa Cruz;;;;No aplica;;ERNC;Solar;9,01;9;Si;PMGD;CGE;Alimentador Cunaco, S/E Paniahue;;;;;;;;;;;;;286547;6166212;19H;Solar Fotovoltaica;8;10/08/2026
SEN;SIC;PARQUE SOLAR ALCALDESA SPA;;;PMGD PFV PARQUE SOLAR ALCALDESA;En Operacion;08/01/2023;2023;Región de Ñuble;Quirihue;;;;No aplica;;ERNC;Solar;6,01;6;Si;PMGD;CGE;Alimentador Vegas Verdes /  S/EQuirihue;;;;;;;;;;;;;720163;5986382;18H;Solar Fotovoltaica;11;10/08/2026
SEN;SIC;FOTOVOLTAICA SOLAR LAUREL SPA;;76.879.366-2;PMGD PFV PARQUE SOLAR BICENTENARIO;En Operacion;27/09/2020;2020;Región del Maule;Parral;;;;No aplica;;ERNC;Solar;2,994;2,8;Si;PMGD;CGE;El Ajial /  S/EParral;;;;;;;;;;;;;244160;5996671;19H;Solar Fotovoltaica;9;10/08/2026
SEN;SIC;PARQUE SOLAR CANTILLANA SPA;;;PMGD PFV PARQUE SOLAR CANTILLANA;En Operacion;30/06/2023;2023;Región Metropolitana de Santiago;Paine;;;;No aplica;;ERNC;Solar;9,01;9;Si;PMGD;CGE Distribución;Alimentador Champa /  S/EHospital;;;;;;;;;;;;;331126;6254815;19H;Solar Fotovoltaica;7;10/08/2026
SEN;SIC;EL OLIVAR SOLAR SPA;;;PMGD PFV PARQUE SOLAR EL OLIVAR;En Operacion;29/12/2022;2022;Región del Biobío;Los Ángeles;;;;No aplica;;ERNC;Solar;9,04;9;Si;PMGD;CGE;Alimentador Padre Hurtado / S/E Los Ángeles;;;;;;;;;;;;;729022;5854235;18H;Solar Fotovoltaica;10;10/08/2026
SEN;SIC;FÉNIX SOLAR SPA;;;PMGD PFV PARQUE SOLAR EL PALQUI;En Operacion;29/09/2024;2024;Región de Coquimbo;Monte Patria;;;;1;;ERNC;Solar;2,80028;2,8;Si;PMGD;CGE;Alimentador El Palqui /  S/EMonte Patria;;;;;;;;;;;;;311719;6597958;19H;Solar Fotovoltaica;5;10/08/2026
SEN;SIC;PARQUE SOLAR EL CONQUISTADOR SPA;;;PMGD PFV PARQUE SOLAR EL RECONQUISTADOR;En Operacion;03/05/2023;2023;Región de Ñuble;Quirihue;;;;No aplica;;ERNC;Solar;2,502;2,5;Si;PMGD;CGE;Alimentador Cobquecura /  S/EQuirihue;;;;;;;;;;;;;722164;5989076;18H;Solar Fotovoltaica;11;10/08/2026
SEN;SIC;MAGDALENA SOLAR SPA;;;PMGD PFV PARQUE SOLAR FOTOVOLTAICO LA VICTORIA;En Operacion;21/12/2022;2022;Región de Ñuble;Chillán;;;;No aplica;;ERNC;Solar;9,015;9;Si;PMGD;CGE Distribución;Alimentador Los Puelches /  S/EChillan;;;;;;;;;;;;;765700;5943300;18H;Solar Fotovoltaica;11;10/08/2026
SEN;SIC;PARQUE SOLAR JOTABECHE SPA;;;PMGD PFV PARQUE SOLAR JOTABECHE;En Operacion;13/12/2022;2022;Región de Atacama;Tierra Amarilla;;;;No aplica;;ERNC;Solar;9,01;9;Si;PMGD;CGE Distribución;Alimentador Elibor /  S/ECerrillos;;;;;;;;;;;;;376447;6946613;19J;Solar Fotovoltaica;4;10/08/2026
SEN;SIC;PARQUE SOLAR LA MURALLA SPA;;;PMGD PFV PARQUE SOLAR LA MURALLA;En Operacion;29/07/2021;2021;Región del Libertador Gral. Bernardo O’Higgins;San Vicente;;;;No aplica;;ERNC;Solar;3;2,99;Si;PMGD;CGE;Alimentador Pencahue, subestación San Vicente de Tagua Tagua;;;;;;;;;;;;;306054;6185768;19J;Solar Fotovoltaica;8;10/08/2026
SEN;SIC;PARQUE SOLAR COLINA SPA;;;PMGD PFV PARQUE SOLAR MARAMBIO;En Operacion;30/11/2021;2021;Región Metropolitana de Santiago;Melipilla;;;;No aplica;;ERNC;Solar;2,71;2,7;Si;PMGD;CGE Distribución;Alimentador PUENTE MARAMBIO /  S/ECHOCALAN;;;;;;;;;;;;;292999;6261324;19H;Solar Fotovoltaica;7;10/08/2026
SEN;SIC;PARQUE SOLAR MECO CHILLAN SPA;;;PMGD PFV PARQUE SOLAR MECO CHILLAN;En Operacion;01/05/2021;2021;Región de Ñuble;Bulnes;;;;No aplica;;ERNC;Solar;6,01;6;Si;PMGD;COPELEC;Alimentador Cantarrana,  S/ETres Esquinas;;;;;;;;;;;;;755934,43;5929082,64;18H;Solar Fotovoltaica;11;10/08/2026
SEN;SIC;FOTOVOLTAICA AVELLANO SPA;;;PMGD PFV PARQUE SOLAR MEMBRILLO;En Operacion;02/06/2021;2021;Región del Libertador Gral. Bernardo O’Higgins;Chimbarongo;;;;No aplica;;ERNC;Solar;3;2,99;Si;PMGD;CGE;Alimentador Huemul,  S/EChimbarongo;;;;;;;;;;;;;317454;6148288;19H;Solar Fotovoltaica;8;10/08/2026
SEN;SIC;PARQUE SOLAR LA MURALLA II SPA;;;PMGD PFV PARQUE SOLAR NANCAGUA;En Operacion;26/02/2023;2023;Región del Libertador Gral. Bernardo O’Higgins;Nancagua;;;;No aplica;;ERNC;Solar;6,01;6;Si;PMGD;CGE;Alimentador Nancagua /  S/ENancagua;;;;;;;;;;;;;295694;6161866;19H;Solar Fotovoltaica;8;10/08/2026
SEN;SIC;PARQUE SOLAR OVALLE NORTE SPA;;;PMGD PFV PARQUE SOLAR OVALLE NORTE;En Operacion;24/04/2021;2021;Región de Coquimbo;Ovalle;;;;No aplica;;ERNC;Solar;9,01;9;Si;PMGD;CGE;Alimentador San Luis /  S/EOvalle;;;;;;;;;;;;;285141;6616027;19J;Solar Fotovoltaica;5;10/08/2026
SEN;SIC;NUEVA ESPERANZA SOLAR SPA;;;PMGD PFV PARQUE SOLAR RIO PEUCO;En Operacion;30/11/2022;2022;Región del Libertador Gral. Bernardo O’Higgins;Mostazal;;;;No aplica;;ERNC;Solar;2,758;2,75;Si;PMGD;CGE Distribución;Alimentador Rio Peuco /  S/ESan Francisco de Mostazal;;;;;;;;;;;;;342771;6243171;19H;Solar Fotovoltaica;8;10/08/2026
SEN;SIC;PARQUE SOLAR EL PASO SPA;;;PMGD PFV PARQUE SOLAR SAN JAVIER;En Operacion;11/02/2021;2021;Región del Maule;San Javier;;;;No aplica;;ERNC;Solar;6,01;6;Si;PMGD;CGE;Alimentador Orilla de Maule 15 kV, S/E La Palma;;;;;;;;;;;;;256818;6057915;19H;Solar Fotovoltaica;9;10/08/2026
SEN;SIC;PARQUE SOLAR SANTA FE SPA;;76.827.434-7;PMGD PFV PARQUE SOLAR SANTA FE;En Operacion;06/03/2020;2020;Región del Maule;San Javier;;;;NO APLICA;;ERNC;Solar;9;8,999;Si;PMGD;CGE;S/E LA PALMA;;;;;;;;;;;;;254907,19;6054707,2;19 H;Solar Fotovoltaica;9;10/08/2026
SEN;SIC;PARQUE SOLAR LA ROSA SPA;;;PMGD PFV PARQUE VALPARAISO;En Operacion;04/05/2022;2022;Región de Valparaíso;Llaillay;;;;No aplica;;ERNC;Solar;6,01;6;Si;PMGD;Chilquinta;Alimentador Llay Llay /  S/ELas Vegas;;;;;;;;;;;;;312839;6364945;19H;Solar Fotovoltaica;6;10/08/2026
SEN;SING;POZO ALMONTE SOLAR 1 SPA;;76.055.358-1;PMGD PFV PAS1;En Operacion;04/11/2015;2015;Región de Tarapacá;Pozo Almonte;;;;NO APLICA;;ERNC;Solar;9;8,97;Si;PMGD;CGE;iD 2244 BA S/E POZO ALMONTE 23KV BP1;;;;;;;;;;;;;421529,77;7758759,58;19K;Solar Fotovoltaica;2;10/08/2026
SEN;SIC;PASTRAN SPA;;;PMGD PFV PASTRAN;En Operacion;08/06/2022;2022;Región de Coquimbo;Ovalle;;;;No aplica;;ERNC;Solar;9,15;9;Si;PMGD;CGE Distribución;Alimentador Hospital /  S/EOvalle;;;;;;;;;;;;;294908;6608965;19J;Solar Fotovoltaica;5;10/08/2026
SEN;SIC;ENEL GREEN POWER CHILE S.A.;;;PMGD PFV PATAGUA;En Operacion;11/04/2024;2024;Región Metropolitana de Santiago;Melipilla;;;;No aplica;;ERNC;Solar;9,006;9;Si;PMGD;CGE;Alimentador Puangue 13,2kV / S/E Bajo Melipilla;;;;;;;;;;;;;289309,34;6272970,8;19H;Solar Fotovoltaica;7;10/08/2026
SEN;SIC;POMERAPE SPA;;;PMGD PFV PATRICIA DEL VERANO SOLAR;En Operacion;15/03/2023;2023;Región Metropolitana de Santiago;Talagante;;;;No aplica;;ERNC;Solar;9,011;9;Si;PMGD;CGE;Alimentador Carampangue / S/E Isla de Maipo;;;;;;;;;;;;;319125;6269168;19H;Solar Fotovoltaica;7;10/08/2026
SEN;SIC;ISABEL SOLAR SPA;;76.503.513-9;PMGD PFV PEDREROS SOLAR;En Operacion;23/05/2019;2019;Región de Valparaíso;Panquehue;;;;1;;ERNC;Solar;3;2,987;Si;PMGD;CHILQUINTA;ID 996 BA S/E CATEMU 12KV BP2;;;;;;;;;;;;;321135,93;6369023,87;19 H;Solar Fotovoltaica;6;10/08/2026
SEN;SIC;PEGASUS SOLAR SPA;;;PMGD PFV PEGASUS SOLAR;En Operacion;28/07/2021;2021;Región de Ñuble;Coihueco;;;;No aplica;;ERNC;Solar;2,992;2,98;Si;PMGD;CGE Distribución;Alimentador Vicente Mendez /  S/ESanta Elvira;;;;;;;;;;;;;766146;5945908;18 H;Solar Fotovoltaica;11;10/08/2026
SEN;SIC;SOLAR TI QUINCE SPA;;;PMGD PFV PELLIN;En Operacion;23/08/2023;2023;Región de Ñuble;Yungay;;;;No aplica;;ERNC;Solar;9,012;9;Si;PMGD;Coelcha;Alimentador Yungay / S/E Cholguán;;;;;;;;;;;;;758608,27;5884577,13;18H;Solar Fotovoltaica;11;10/08/2026
SEN;SIC;CVE PROYECTO DIECIOCHO SPA;;;PMGD PFV PELUMPEN SOLAR;En Operacion;08/03/2023;2023;Región de Valparaíso;Olmué;;;;No aplica;;ERNC;Solar;2,915;2,9;Si;PMGD;Chilquinta Energía S.A.;Alimentador Olmué /  S/ESan Pedro (Chilquinta);;;;;;;;;;;;;298777,2374;6342853,436;19H;Solar Fotovoltaica;6;10/08/2026
SEN;SIC;HIRUELA ENERGÍA SPA;;;PMGD PFV PENCAHUE;En Operacion;20/10/2023;2023;Región del Maule;Pencahue;;;;No aplica;;ERNC;Solar;4,006;4;Si;PMGD;Compañía General de Electricidad (C.G.E.);Alimentador Gualleco /  S/ETalca;;;;;;;;;;;;;244234;6076805;19H;Solar Fotovoltaica;9;10/08/2026
SEN;SIC;PMGD PEPA SPA;;76.991.751-9;PMGD PFV PEPA SOLAR;En Operacion;12/08/2020;2020;Región Metropolitana de Santiago;Isla de Maipo;;;;NO APLICA;;ERNC;Solar;9,56;9;Si;PMGD;CGE;SE Isla de Maipo;;;;;;;;;;;;;330220;6263360;19H;Solar Fotovoltaica;7;10/08/2026
SEN;SIC;PEQUEN SPA;;;PMGD PFV PEQUEN;En Operacion;17/11/2022;2022;Región del Maule;Teno;;;;No aplica;;ERNC;Solar;2,906;2,9;Si;PMGD;CGE distribución;Alimentador Comalle /  S/ETeno;;;;;;;;;;;;;302321;6141289;19H;Solar Fotovoltaica;9;10/08/2026
SEN;SIC;PARRONAL ENERGY SPA;;76.503.384-5;PMGD PFV PERALILLO;En Operacion;12/06/2018;2018;Región del Maule;Hualañé;;;;NO APLICA;;ERNC;Solar;2,96;2,9559;Si;PMGD;CGE;SE PARRONAL;;;;;;;;;;;;;252812,75;6119512,07;19H;Solar Fotovoltaica;9;10/08/2026
SEN;SING;SOLAR TI TREINTA Y UNO SPA;;;PMGD PFV PERLA DEL NORTE;En Operacion;11/04/2025;2025;Región de Antofagasta;Antofagasta;;;;No aplica;;ERNC;Solar;9,0045;9;Si;PMGD;Compañía General de Electricidad S.A.;ALIMENTADOR INDUSTRIAL;;;;;;;;;;;;;365496;7369701;19H;Solar Fotovoltaica;3;10/08/2026
SEN;SIC;CVE PROYECTO TREINTA Y UNO SPA;;;PMGD PFV PERSEFONE;En Operacion;17/01/2025;2025;Región de Coquimbo;Salamanca;;;;No aplica;;ERNC;Solar;4,06;4,05;Sí;PMGD;CGE;Alimentador Camisa / S/E Salamanca;;;;;;;;;;;;;309939,84;6476469,68;19H;Solar Fotovoltaica;5;10/08/2026
SEN;SIC;PESARO SOLAR SPA;;;PMGD PFV PESARO SOLAR;En Operacion;10/04/2024;2024;Región de Valparaíso;San Antonio;;;;No aplica;;ERNC;Solar;3,01;3;Si;PMGD;Chilquinta;Alimentador Las Brisas / S/E San Antonio;;;;;;;;;;;;;259895;6275902;19H;Solar Fotovoltaica;6;10/08/2026
SEN;SIC;PETEROA ENERGY SPA;;;PMGD PFV PEÑAFLOR SOLAR;En Operacion;09/03/2022;2022;Región Metropolitana de Santiago;Peñaflor;;;;No aplica;;ERNC;Solar;9,04;9;Si;PMGD;CGE Distribución;Alimentador Peñaflor /  S/EMalloco;;;;;;;;;;;;;323347;6284270;19 H;Solar Fotovoltaica;7;10/08/2026
SEN;SING;ATACAMA SOLAR SPA;;76.055.134-1;PMGD PFV PICA;En Operacion;08/01/2016;2016;Región de Tarapacá;Pica;;;;NO APLICA;;ERNC;Solar;0,63;0,6;Si;PMGD;CGE;ID 2298 BA S/E TAMARUGAL 23KV BP1;;;;;;;;;;;;;453180;7733210;19K;Solar Fotovoltaica;2;10/08/2026
SEN;SIC;GR TOLHUACA SPA;;;PMGD PFV PICUNCHE;En Operacion;22/09/2022;2022;Región del Libertador Gral. Bernardo O’Higgins;Mostazal;;;;No aplica;;ERNC;Solar;9,162;9;Si;PMGD;CGE Distribución;Alimentador Santa Blanca /  S/ESan Francisco de Mostazal;;;;;;;;;;;;;345197,32;6236514,28;19H;Solar Fotovoltaica;8;10/08/2026
SEN;SIC;ENEL GREEN POWER CHILE S.A.;;;PMGD PFV PIDUCO;En Operacion;19/08/2022;2022;Región del Maule;Pencahue;;;;No aplica;;ERNC;Solar;3,006;3;Si;PMGD;CGE Distribución;Alimentador Plaza /  S/EPiduco;;;;;;;;;;;;;254003;6076407;19H;Solar Fotovoltaica;9;10/08/2026
SEN;SIC;PILPILÉN SPA;;76.738.655-9;PMGD PFV PILPILEN;En Operacion;03/12/2019;2019;Región del Libertador Gral. Bernardo O’Higgins;Litueche;;;;NO APLICA;;ERNC;Solar;2,75;2,75;Si;PMGD;CGE;ID 611 BA S/E QUELENTARO 13.2KV;;;;;;;;;;;;;246358;6217437;19H;Solar Fotovoltaica;8;10/08/2026
SEN;SIC;PIQUERO SPA;;76.746.538-6;PMGD PFV PIQUERO;En Operacion;06/12/2018;2018;Región de Valparaíso;Casablanca;;;;1;;ERNC;Solar;9,25;9;Si;PMGD;ENERGÍA CASABLANCA;Alimentador Casablanca /  S/ECasablanca;;;;;;;;;;;;;272158;6313082;19 H;Solar Fotovoltaica;6;10/08/2026
SEN;SIC;CVE PROYECTO VEINTIOCHO SPA;;;PMGD PFV PIRINCHO SOLAR;En Operacion;29/08/2025;2025;Región Metropolitana de Santiago;Paine;;;;No aplica;;ERNC;Solar;2,885;2,88;Si;PMGD;CGE Distribución S.A.;Alimentador Challay;;;;;;;;;;;;;350733,39;6251807,36;19H;Solar Fotovoltaica;7;10/08/2026
SEN;SIC;SOLAR TI CUATRO SPA;;76.574.682-5;PMGD PFV PIRQUE;En Operacion;11/04/2019;2019;Región Metropolitana de Santiago;Pirque;;;;1;;ERNC;Solar;2,8;2,74;Si;PMGD;CGE;ID 208 BA S/E PIRQUE 13,2KV BP1;;;;;;;;;;;;;349602,48;6271989,31;19 H;Solar Fotovoltaica;7;10/08/2026
SEN;SIC;FOTOVOLTAICA EL ALERCE SPA;;76.863.487-4;PMGD PFV PITOTOY;En Operacion;30/04/2020;2020;Región del Libertador Gral. Bernardo O’Higgins;Rengo;;;;NO APLICA;;ERNC;Solar;3;2,985;Si;PMGD;CGE;S/E RENGO 15KV;;;;;;;;;;;;;319927;6193061;19H;Solar Fotovoltaica;8;10/08/2026
SEN;SIC;PITRA SPA;;76.827.359-6;PMGD PFV PITRA;En Operacion;19/11/2020;2020;Región de Valparaíso;Algarrobo;;;;No aplica;;ERNC;Solar;3,005;3;Si;PMGD;Energía de Casablanca S.A;Alimentador San Jerónimo, S/E San Jerónimo;;;;;;;;;;;;;259094;6304978;19H;Solar Fotovoltaica;6;10/08/2026
SEN;SIC;GR LILEN SPA;;76.748.825-4;PMGD PFV PLACILLA SOLAR;En Operacion;06/09/2019;2019;Región del Libertador Gral. Bernardo O’Higgins;Placilla;;;;NO APLICA;;ERNC;Solar;9;9;Si;PMGD;CGE;ID 607 BA S/E PLACILLA 13.2KV;;;;;;;;;;;;;307865,29;6168554,09;19 H;Solar Fotovoltaica;8;10/08/2026
SEN;SIC;PLAYERO SPA;;77.084.483-5;PMGD PFV PLAYERITO;En Operacion;12/11/2020;2020;Región del Maule;Chanco;;;;No aplica;;ERNC;Solar;3,005;3;Si;PMGD;CGE S.A.;Alimentador Los Ruiles,  S/ELa Vega;;;;;;;;;;;;;730173;6026660;18H;Solar Fotovoltaica;9;10/08/2026
SEN;SIC;PLAYERO SPA;;;PMGD PFV PLAYERO;En Operacion;30/09/2020;2020;Región del Maule;Chanco;;;;No aplica;;ERNC;Solar;3,045;3;Si;PMGD;CGE;SE LA VEGA 23KV;;;;;;;;;;;;;730173;6026660;18H;Solar Fotovoltaica;9;10/08/2026
SEN;SIC;PLAYERO SPA;;;PMGD PFV PLAYERON;En Operacion;02/06/2022;2022;Región del Maule;Chanco;;;;No aplica;;ERNC;Solar;3,05;3;Si;PMGD;CGE Distribución;Alimentador Los Ruiles /  S/ELa Vega;;;;;;;;;;;;;730117;6026836;18H;Solar Fotovoltaica;9;10/08/2026
SEN;SIC;PLAZA SUNLIGHT SPA;;;PMGD PFV PLAZA SUNLIGHT;En Operacion;25/04/2024;2024;Región de Coquimbo;Salamanca;;;;No aplica;;ERNC;Solar;10,006;9;Si;PMGD;CGE;S/E SALAMANCA E6;;;;;;;;;;;;;318083,47;6478677,677;19H;Solar Fotovoltaica;5;10/08/2026
SEN;SIC;LINZOR DE VERANO SPA;;;PMGD PFV PLOMO DE VERANO;En Operacion;29/11/2023;2023;Región Metropolitana de Santiago;Maipú;;;;No aplica;;ERNC;Solar;2,406;2,4;Si;PMGD;Enel Distribución;Alimentador Chena /  S/ESanta Marta;;;;;;;;;;;;;328087;6290706;19H;Solar Fotovoltaica;7;10/08/2026
SEN;SIC;POBLACIÓN SOLAR SPA;;76.453.223-6;PMGD PFV POBLACION;En Operacion;30/08/2019;2019;Región del Libertador Gral. Bernardo O’Higgins;Peralillo;;;;1;;ERNC;Solar;2,95;2,95;Si;PMGD;CGE;ID 597 S/E MARCHIGUE 13,2KV BP1;;;;;;;;;;;;;265164;6184168;19 H;Solar Fotovoltaica;8;10/08/2026
SEN;SIC;FARMDO ENERGY CHILE SPA;;;PMGD PFV POCILLAS;En Operacion;19/10/2023;2023;Región del Maule;Cauquenes;;;;No aplica;;ERNC;Solar;3,02;3;Si;PMGD;CGE;Alimentador Pillén / S/E Cauquenes;;;;;;;;;;;;;736685;6016298;18H;Solar Fotovoltaica;9;10/08/2026
SEN;SIC;ESTREMERA ENERGÍA SPA;;;PMGD PFV POMUYETO;En Operacion;27/12/2023;2023;Región de Ñuble;San Carlos;;;;No aplica;;ERNC;Solar;3,053;3;Si;PMGD;Compañía General de Electricidad S.A.;Alimentador Alico / S/E San Carlos;;;;;;;;;;;;;241914;5963897;19H;Solar Fotovoltaica;11;10/08/2026
SEN;SIC;POROTA SOLAR SPA;;;PMGD PFV POROTA;En Operacion;20/05/2026;2026;Región de Valparaíso;Quillota;;;;No aplica;;ERNC;Solar;6,08;6;Si;PMGD;Chilquinta Distribución S.A.;ALIMENTADOR TABOLANGO;;;;;;;;;;;;;278424;6355474;19H;Solar Fotovoltaica;6;10/08/2026
SEN;SIC;PV PORTEZUELO SPA;;76.461.861-0;PMGD PFV PORTEZUELO;En Operacion;16/01/2018;2018;Región del Libertador Gral. Bernardo O’Higgins;La Estrella;;;;NO APLICA;;ERNC;Solar;3;3;Si;PMGD;CGE;SE PORTEZUELO;;;;;;;;;;;;;262512;6205942;19H;Solar Fotovoltaica;8;10/08/2026
SEN;SIC;CAMPO LINDO SPA;;;PMGD PFV PRETTY FIELD;En Operacion;15/04/2021;2021;Región de Coquimbo;Ovalle;;;;No aplica;;ERNC;Solar;2,8;2,78;Si;PMGD;CGE;Alimentador Socos /  S/EOvalle;;;;;;;;;;;;;279016;6601782;19 J;Solar Fotovoltaica;5;10/08/2026
SEN;SIC;ENERGÍA RENOVABLE CHAMPA SPA;;;PMGD PFV PSF CHAMPA;En Operacion;17/01/2023;2023;Región Metropolitana de Santiago;Buin;;;;No aplica;;ERNC;Solar;7,61;7,6;Si;PMGD;CGE Distribución;Alimentador Champa /  S/EHospital;;;;;;;;;;;;;334908;6255173;19H;Solar Fotovoltaica;7;10/08/2026
SEN;SIC;PER PARINACOTA SPA;;;PMGD PFV PSF COYUNCHE;En Operacion;18/05/2023;2023;Región del Biobío;Los Ángeles;;;;No aplica;;ERNC;Solar;2,7013;2,7;Si;PMGD;CGE;Alimentador Sor Vicenta/ S/E El Avellano;;;;;;;;;;;;;741602;5856766;18H;Solar Fotovoltaica;10;10/08/2026
SEN;SIC;PSF EL PERAL SPA;;;PMGD PFV PSF EL PERAL;En Operacion;28/07/2023;2023;Región Metropolitana de Santiago;Buin;;;;No aplica;;ERNC;Solar;9,01;9;Si;PMGD;CGE Distribución;Alimentador Alto Jahuel /  S/EBuin;;;;;;;;;;;;;343057;6264451;19H;Solar Fotovoltaica;7;10/08/2026
SEN;SIC;PSF PAINE SPA;;;PMGD PFV PSF HORIZONTE;En Operacion;29/09/2022;2022;Región Metropolitana de Santiago;Paine;;;;No aplica;;ERNC;Solar;6,01;6;Si;PMGD;CGE Distribución;Alimentador La Colonia /  S/EFátima;;;;;;;;;;;;;339586;6254036;19H;Solar Fotovoltaica;7;10/08/2026
SEN;SIC;PSF LA GAMBOINA SPA;;;PMGD PFV PSF LA GAMBOINA;En Operacion;02/03/2023;2023;Región del Libertador Gral. Bernardo O’Higgins;Rancagua;;;;1;;ERNC;Solar;5,01;5;Si;PMGD;CGE;Alimentador Tuncahue / S/E Alameda;;;;;;;;;;;;;344280;6219781;19H;Solar Fotovoltaica;8;10/08/2026
SEN;SIC;PSF PUANGUE SPA;;;PMGD PFV PSF PUANGUE;En Operacion;14/09/2022;2022;Región Metropolitana de Santiago;Melipilla;;;;No aplica;;ERNC;Solar;4,01;4;Si;PMGD;CGE Distribución;Alimentador Lumbreras /  S/EEl Maitén;;;;;;;;;;;;;284149;6273476;19H;Solar Fotovoltaica;7;10/08/2026
SEN;SIC;FOTOVOLTAICA PUEBLO HUNDIDO SPA;;;PMGD PFV PUEBLO HUNDIDO;En Operacion;29/04/2024;2024;Región del Libertador Gral. Bernardo O’Higgins;Rengo;;;;No aplica;;ERNC;Solar;2,813;2,8;Si;PMGD;Compañía General de Electricidad S.A;Alimentador Panquehue / S/E Rengo;;;;;;;;;;;;;327857;6195144;19H;Solar Fotovoltaica;8;10/08/2026
SEN;SIC;PUELCHE FLUX SPHERA SPA;;;PMGD PFV PUELCHE SOLAR;En Operacion;20/01/2022;2022;Región del Biobío;Los Ángeles;;;;No aplica;;ERNC;Solar;2,615;2,6;Si;PMGD;CGE Distribución;Alimentador Licura /  S/EDuqueco;;;;;;;;;;;;;736366;5843863;18H;Solar Fotovoltaica;10;10/08/2026
SEN;SIC;PMGD PUENTE SPA;;77.084.987-K;PMGD PFV PUENTE SOLAR;En Operacion;24/10/2020;2020;Región Metropolitana de Santiago;Padre Hurtado;;;;NO APLICA;;ERNC;Solar;3,03;3;Si;PMGD;CGE;SE Santa Marta;;;;;;;;;;;;;328772,15;6286056,7;19H;Solar Fotovoltaica;7;10/08/2026
SEN;SIC;MALLOA SOLAR SPA;;;PMGD PFV PUIG SUNLIGHT;En Operacion;11/04/2025;2025;Región del Libertador Gral. Bernardo O’Higgins;Malloa;;;;No aplica;;ERNC;Solar;9,025;2,15;Si;PMGD;CGE Distribución;ALIMENTADOR SANTA ROSA;;;;;;;;;;;;;322374;6186550;19H;Solar Fotovoltaica;8;10/08/2026
SEN;SIC;FOTOVOLTAICA LA LIGUA SPA;;76.758.664-7;PMGD PFV PULLALLI SOLAR;En Operacion;10/03/2020;2020;Región de Valparaíso;La Ligua;;;;NO APLICA;;ERNC;Solar;3;2,989;Si;PMGD;CGE;ID 1328 IM S/E QUINQUIMO E3;;;;;;;;;;;;;286466;6406821;19J;Solar Fotovoltaica;6;10/08/2026
SEN;SIC;ESPINOS S.A.;;;PMGD PFV PUMAS;En Operacion;15/05/2025;2025;Región del Libertador Gral. Bernardo O’Higgins;San Fernando;;;;No aplica;;ERNC;Solar;2,915;2,9;Si;PMGD;CGE;ALIMENTADOR QUILAPAN;;;;;;;;;;;;;322544;6177964;19H;Solar Fotovoltaica;8;10/08/2026
SEN;SIC;SONNEDIX PARQUE SOLAR PUNTA COLORADA SPA;;76.383.031-4;PMGD PFV PUNTA BAJA SOLAR;En Operacion;18/01/2019;2019;Región de Coquimbo;La Higuera;;;;1;;ERNC;Solar;2;1,985;Si;PMGD;CGE;S/E INCAHUASI 23KV;;;;;;;;;;;;;301304,59;6750538,03;19 J;Solar Fotovoltaica;5;10/08/2026
SEN;SING;PARQUE SOLAR BENAVENTE SPA;;;PMGD PFV PVP CHINCHORRO;En Operacion;28/02/2025;2025;Región de Arica y Parinacota;Arica;;;;No aplica;;ERNC;Solar;9,01;9;Si;PMGD;CGE Distribución;ALIMENTADOR CHUNGARA;;;;;;;;;;;;;368136;7960870;19K;Solar Fotovoltaica;1;10/08/2026
SEN;SIC;PARQUE SOLAR LA ROSA II SPA;;;PMGD PFV PVP LA ROSA;En Operacion;23/07/2024;2024;Región del Libertador Gral. Bernardo O’Higgins;San Vicente;;;;No aplica;;ERNC;Solar;6,02;6;Si;PMGD;CGE;SE San Vicente de Tagua Tagua 15 kV;;;;;;;;;;;;;298286;6183655;19H;Solar Fotovoltaica;8;10/08/2026
SEN;SIC;PARQUE SOLAR SANTA CRUZ SPA;;;PMGD PFV PVP MAYOS;En Operacion;28/03/2024;2024;Región del Libertador Gral. Bernardo O’Higgins;San Vicente;;;;No aplica;;ERNC;Solar;2,31;2,3;Si;PMGD;CGE;Alimentador Los Maitenes / S/E San Vicente de Tagua Tagua;;;;;;;;;;;;;300466,95;6178989,68;19H;Solar Fotovoltaica;8;10/08/2026
SEN;SIC;QUEBRADA DE TALCA SOLAR SPA;;;PMGD PFV QUEBRADA DE TALCA;En Operacion;19/02/2024;2024;Región de Coquimbo;La Serena;;;;No aplica;;ERNC;Solar;1,0026;1;Si;PMGD;CGE;Alimentador Las Rojas / S/E Marquesa;;;;;;;;;;;;;303913;6676884;19H;Solar Fotovoltaica;5;10/08/2026
SEN;SIC;FOTOVOLTAICA EL MANZANAR SPA;;76.758.673-6;PMGD PFV QUELTEHUE SOLAR;En Operacion;30/04/2020;2020;Región del Libertador Gral. Bernardo O’Higgins;Rengo;;;;NO APLICA;;ERNC;Solar;3;2,987;Si;PMGD;CGE;S/E RENGO 15KV;;;;;;;;;;;;;320048,89;6193158,82;19H;Solar Fotovoltaica;8;10/08/2026
SEN;SIC;PSF QUEMADOS SPA;;;PMGD PFV QUEMADOS;En Operacion;16/03/2023;2023;Región del Libertador Gral. Bernardo O’Higgins;Rancagua;;;;No aplica;;ERNC;Solar;7,01;7;Si;PMGD;CGE;Alimentador Tuncahue / S/E Alameda;;;;;;;;;;;;;343913,43;6220841,42;19H;Solar Fotovoltaica;8;10/08/2026
SEN;SING;PARQUE SOLAR QUETENA S.A.;;;PMGD PFV QUETENA;En Operacion;23/09/2021;2021;Región de Antofagasta;Calama;;;;No aplica;;ERNC;Solar;9,06;9;Si;PMGD;COPELEC;Alimentador Grecia /  S/ECalama;;;;;;;;;;;;;503951,9388;7516690,731;19 K;Solar Fotovoltaica;3;10/08/2026
SEN;SIC;QUILLAY SOLAR SPA;;76.462.053-4;PMGD PFV QUILLAY;En Operacion;16/09/2020;2020;Región Metropolitana de Santiago;Melipilla;;;;No aplica;;ERNC;Solar;2,999;2,997;Si;PMGD;CGE;Alimentador  Pomaire/  S/EEl Maitén;;;;;;;;;;;;;299106;6275512;19H;Solar Fotovoltaica;7;10/08/2026
SEN;SIC;QUILMO SOLAR SPA;;;PMGD PFV QUILMO SOLAR;En Operacion;28/05/2024;2024;Región de Ñuble;Chillán;;;;1;;ERNC;Solar;5,239;5,2;Si;PMGD;COPELEC;Bulnes /  S/EChillán;;;;;;;;;;;;;760892;5940399;18H;Solar Fotovoltaica;11;10/08/2026
SEN;SIC;NICOLAS SOLAR SPA;;;PMGD PFV QUILVO;En Operacion;25/11/2025;2025;Región del Maule;Romeral;;;;No aplica;;ERNC;Solar;9,045;9;Si;PMGD;Compañía General de Electricidad S.A.;ALIMENTADOR GUAICO;;;;;;;;;;;;;303158,88;6133180,79;19H;Solar Fotovoltaica;9;10/08/2026
SEN;SIC;TALTAL SOLAR S.A.;;;PMGD PFV QUINANTU SOLAR;En Operacion;15/01/2021;2021;Región del Maule;Talca;;;;No aplica;;ERNC;Solar;9,0659;9;Si;PMGD;CGE Distribución;Alimentador El Canelo /  S/ESan Clemente;;;;;;;;;;;;;265935;6068768;19H;Solar Fotovoltaica;9;10/08/2026
SEN;SIC;QUINTA SOLAR SPA;;76.766.027-8;PMGD PFV QUINTA SOLAR;En Operacion;08/11/2017;2017;Región Metropolitana de Santiago;Colina;;;;1;;ERNC;Solar;3;2,9896;Si;PMGD;ENEL DISTRIBUCIÓN;ID 732 BA S/E EL MANZANO (ENEL DISTRIBUCIÓN) 23KV BP1;;;;;;;;;;;;;340142;6344205;19 H;Solar Fotovoltaica;7;10/08/2026
SEN;SIC;SOL DEL SUR 9 SPA;;;PMGD PFV QUINTACABRERO;En Operacion;23/10/2024;2024;Región del Biobío;Cabrero;;;;No aplica;;ERNC;Solar;9;8,91;Sí;PMGD;FRONTEL;S/E Cabrero;;;;;;;;;;;;;733596;5895009;18H;Solar Fotovoltaica;10;10/08/2026
SEN;SIC;POIKE DEL VERANO SPA;;;PMGD PFV RAMIREZ DEL VERANO SOLAR;En Operacion;16/04/2025;2025;Región de Coquimbo;Ovalle;;;;No aplica;;ERNC;Solar;3;2,995;Si;PMGD;CGE Distribución S.A.;Alimentador Cerrillos;;;;;;;;;;;;;261883;6609306;19J;Solar Fotovoltaica;5;10/08/2026
SEN;SIC;RANGUIL SUR SPA;;76.586.264-7;PMGD PFV RANGUIL;En Operacion;19/07/2019;2019;Región del Libertador Gral. Bernardo O’Higgins;Lolol;;;;NO APLICA;;ERNC;Solar;2,95;2,92;Si;PMGD;CGE;ID 633 BA S/E RANGUILI 13,8KV BP1;;;;;;;;;;;;;247189;6145132;19 H;Solar Fotovoltaica;8;10/08/2026
SEN;SIC;RANGUIL SPA;;;PMGD PFV RANGUIL SOLAR NORTE;En Operacion;25/04/2025;2025;Región del Libertador Gral. Bernardo O’Higgins;Lolol;;;;No aplica;;ERNC;Solar;2,91;2,9;Si;PMGD;CGE Distribución S.A.;ALIMENTADOR PATACÓN;;;;;;;;;;;;;247179;6145095;19H;Solar Fotovoltaica;8;10/08/2026
SEN;SIC;GPG GENERACIÓN DISTRIBUIDA SPA;;;PMGD PFV RATULEMUS;En Operacion;23/12/2022;2022;Región del Maule;Cauquenes;;;;No aplica;;ERNC;Solar;3,15;3;Si;PMGD;CGE Distribución;Allimentador Tabolguen /  S/ECauquenes;;;;;;;;;;;;;739491;6019565;18H;Solar Fotovoltaica;9;10/08/2026
SEN;SIC;GR PALMA SPA;;76.722.036-7;PMGD PFV RAUQUEN;En Operacion;01/02/2020;2020;Región del Maule;Romeral;;;;NO APLICA;;ERNC;Solar;9,03;9;Si;PMGD;CGE;ID 120 BA S/E RAUQUEN 13.2KV BP1;;;;;;;;;;;;;304083;6134362;19H;Solar Fotovoltaica;9;10/08/2026
SEN;SIC;RTN SOLAR SPA;;;PMGD PFV RCU (RTN);En Operacion;16/04/2024;2024;Región del Maule;Teno;;;;No aplica;;ERNC;Solar;6,01;6;Si;PMGD;CGE Distribución;Alimentador Agrozzi / S/E Teno;;;;;;;;;;;;;305587,538;6138584,998;19H;Solar Fotovoltaica;9;10/08/2026
SEN;SIC;SAN ALFONSO SOLAR SPA;;;PMGD PFV RDCL SAN;En Operacion;21/11/2022;2022;Región de Valparaíso;Limache;;;;No aplica;;ERNC;Solar;7,505;7,5;Si;PMGD;Chilquinta;Alimentador Pangal /  S/EPeñablanca;;;;;;;;;;;;;288064;6344261;19H;Solar Fotovoltaica;6;10/08/2026
SEN;SIC;DIEGO DE ALMAGRO SOLAR 3 S.A.;;;PMGD PFV RECOLETA;En Operacion;29/06/2022;2022;Región de Coquimbo;Ovalle;;;;No aplica;;ERNC;Solar;5,519;5,48;Si;PMGD;CGE;Alimentador Recoleta /  S/EOvalle;;;;;;;;;;;;;295664;6622477;19J;Solar Fotovoltaica;5;10/08/2026
SEN;SIC;MILLARAY FOTOVOLTAICA SPA;;;PMGD PFV REN;En Operacion;25/05/2023;2023;Región de La Araucanía;Renaico;;;;No aplica;;ERNC;Solar;3,01;3;Si;PMGD;Saesa;Alimentador Parronal /  S/ENahuelbuta;;;;;;;;;;;;;711674;5825236;18H;Solar Fotovoltaica;12;10/08/2026
SEN;SIC;MILLARAY FOTOVOLTAICA SPA;;;PMGD PFV REN - AMPLIACION;En Operacion;04/01/2024;2024;Región de La Araucanía;Renaico;;;;No aplica;;ERNC;Solar;3,01;3;Si;PMGD;Saesa;Alimentador Parronal /  S/ENahuelbuta;;;;;;;;;;;;;711674;5825236;18H;Solar Fotovoltaica;12;10/08/2026
SEN;SIC;RENGO SOLAR SPA;;;PMGD PFV RENGO SOLAR;En Operacion;31/07/2024;2024;Región del Libertador Gral. Bernardo O’Higgins;Rengo;;;;No aplica;;ERNC;Solar;7,025;7;Sí;PMGD;CGE Distribución;Allimentador Rengo /  S/ERengo;;;;;;;;;;;;;329653;6189671;19H;Solar Fotovoltaica;8;10/08/2026
SEN;SIC;ENERGÍA FIRST SPA;;;PMGD PFV REXNER;En Operacion;23/12/2021;2021;Región de Valparaíso;Calle Larga;;;;No aplica;;ERNC;Solar;3,006;3;Si;PMGD;Chilquinta;Alimentador Centenario /  S/ESan Rafael;;;;;;;;;;;;;356817;6360073;19H;Solar Fotovoltaica;6;10/08/2026
SEN;SIC;RIMINI SOLAR SPA;;;PMGD PFV RIMINI;En Operacion;28/04/2023;2023;Región de Valparaíso;San Antonio;;;;No aplica;;ERNC;Solar;9,036;9;Si;PMGD;Chilquinta;Alimentador Llolleo / S/E San Antonio;;;;;;;;;;;;;260899,96;6276112,04;19H;Solar Fotovoltaica;6;10/08/2026
SEN;SIC;GR TAMARUGO SPA;;76.451.219-7;PMGD PFV RINCONADA;En Operacion;19/12/2019;2019;Región del Libertador Gral. Bernardo O’Higgins;Rengo;;;;NO APLICA;;ERNC;Solar;8;7,97;Si;PMGD;CGE;ID 163 BA S/E RENGO 15KV;;;;;;;;;;;;;333004;6191196;19 H;Solar Fotovoltaica;8;10/08/2026
SEN;SIC;ENEL GREEN POWER CHILE S.A.;;;PMGD PFV RINCONADA ALCONES;En Operacion;04/07/2023;2023;Región del Libertador Gral. Bernardo O’Higgins;Marchihue;;;;No aplica;;ERNC;Solar;9,0065;9;Si;PMGD;CGE Distribución;Alimentador Pichilemu /  S/EAlcones;;;;;;;;;;;;;248410;6192008;19H;Solar Fotovoltaica;8;10/08/2026
SEN;SIC;FV RINCONADA SPA;;;PMGD PFV RINCONADA NORTE (SLK 808);En Operacion;01/05/2021;2021;Región de Valparaíso;Putaendo;;;;No aplica;;ERNC;Solar;3;2,97;Si;PMGD;Chilquinta;Alimentador Putaendo /  S/ESan Felipe;;;;;;;;;;;;;341645;6385394;19H;Solar Fotovoltaica;6;10/08/2026
SEN;SIC;RLA SOLAR SPA;;76.738.882-9;PMGD PFV RLA SOLAR;En Operacion;14/09/2019;2019;Región Metropolitana de Santiago;San Pedro;;;;NO APLICA;;ERNC;Solar;2,7;2,7;Si;PMGD;CGE;ID 588 BA S/E LAS ARAÑAS 66KV BP1;;;;;;;;;;;;;275711;6246167;19 H;Solar Fotovoltaica;7;10/08/2026
SEN;SIC;PV RODEO SPA;;76.462.109-3;PMGD PFV RODEO;En Operacion;17/11/2018;2018;Región de Valparaíso;Catemu;;;;1;;ERNC;Solar;3;2,96;Si;PMGD;CHILQUINTA;S/E CATEMU 12KV;;;;;;;;;;;;;316192,85;6372518,64;19 H;Solar Fotovoltaica;6;10/08/2026
SEN;SIC;PARQUE SOLAR ROMA SPA;;;PMGD PFV ROMA;En Operacion;22/04/2024;2024;Región del Libertador Gral. Bernardo O’Higgins;San Fernando;;;;No aplica;;ERNC;Solar;2,81;2,8;Si;PMGD;CGE;Alimentador Maggi / S/E Colchagua;;;;;;;;;;;;;323938;6172210;19H;Solar Fotovoltaica;8;10/08/2026
SEN;SIC;GR PUMALIN SPA;;;PMGD PFV ROSARIO;En Operacion;15/02/2023;2023;Región del Libertador Gral. Bernardo O’Higgins;Rengo;;;;No aplica;;ERNC;Solar;5,54;4,9;Si;PMGD;CGE;Alimentador Lecaros / S/E Rosario;;;;;;;;;;;;;326161;6196391;19H;Solar Fotovoltaica;8;10/08/2026
SEN;SIC;PV ROVIAN SPA;;76.451.214-6;PMGD PFV ROVIAN;En Operacion;14/06/2019;2019;Región del Libertador Gral. Bernardo O’Higgins;Nancagua;;;;NO APLICA;;ERNC;Solar;7;6,985;Si;PMGD;CGE;ID 600 S/E NANCAGUA 13,2KV BP1;;;;;;;;;;;;;296074;6163550;19H;Solar Fotovoltaica;8;10/08/2026
SEN;SIC;ENERGÍA RENOVABLE RUCAPAINE SPA;;;PMGD PFV RUCAPAINE;En Operacion;13/12/2023;2023;Región Metropolitana de Santiago;Paine;;;;No aplica;;ERNC;Solar;9,01;9;Si;PMGD;CGE;S/E FATIMA C1;;;;;;;;;;;;;334481;6255692;19H;Solar Fotovoltaica;7;10/08/2026
SEN;SIC;FARMDO ENERGY CHILE SPA;;;PMGD PFV SAGRADA FAMILIA LA FORTUNA 15;En Operacion;10/09/2024;2024;Región del Maule;Sagrada Familia;;;;No aplica;;ERNC;Solar;3,01;3;Si;PMGD;Compañía General de Electricidad S.A.;Alimentador La Fortuna 15 kV / S/E Molina;;;;;;;;;;;;;291093;6122293;19H;Solar Fotovoltaica;9;10/08/2026
SEN;SIC;MAITE SOLAR SPA;;;PMGD PFV SALAMANCA;En Operacion;12/03/2026;2026;Región del Maule;Maule;;;;No aplica;;ERNC;Solar;9,112;0,25;Si;PMGD;Compañía General de Electricidad S.A.;ALIMENTADOR VAROLI;;;;;;;;;;;;;267937;6074465;19H;Solar Fotovoltaica;9;10/08/2026
SEN;SIC;PMGD SALERNO SPA;;;PMGD PFV SALERNO SOLAR;En Operacion;13/01/2022;2022;Región Metropolitana de Santiago;San Pedro;;;;No aplica;;ERNC;Solar;2,848;2,8;Si;PMGD;CGE;Alimentador ENTEL-Ariztia   S/ELas Arañas;;;;;;;;;;;;;275149;6246118;19 H;Solar Fotovoltaica;7;10/08/2026
SEN;SIC;SAMO BAJO SPA;;;PMGD PFV SAMO BAJO;En Operacion;12/01/2023;2023;Región de Coquimbo;Ovalle;;;;No aplica;;ERNC;Solar;2,79;2,78;Si;PMGD;CGE Distribución;Alimentador Sotaqui /  S/EOvalle;;;;;;;;;;;;;294060;6617900;19J;Solar Fotovoltaica;5;10/08/2026
SEN;SIC;DRACO SOLAR SPA;;;PMGD PFV SAN ALBERTO;En Operacion;10/04/2024;2024;Región del Biobío;Chillán;;;;No aplica;;ERNC;Solar;9,0452;9;Si;PMGD;Compañía General de Electricidad S.A.;Alimentador San Alberto / S/E Santa Elvira;;;;;;;;;;;;;758717;5951006;18H;Solar Fotovoltaica;10;10/08/2026
SEN;SIC;CUENCA SOLAR SPA;;;PMGD PFV SAN ANTONIO;En Operacion;15/12/2021;2021;Región del Maule;Linares;;;;No aplica;;ERNC;Solar;9,046;9;Si;PMGD;CGE;Alimentador Yerbas Buenas /  S/EChacahuin;;;;;;;;;;;;;270778;6030005;19H;Solar Fotovoltaica;9;10/08/2026
SEN;SIC;SAN ANTONIO SPA;;;PMGD PFV SAN ANTONIO DEL MONTE SUNLIGHT;En Operacion;25/09/2023;2023;Región Metropolitana de Santiago;El Monte;;;;No aplica;;ERNC;Solar;7,225;7,2;Si;PMGD;CGE;SE El Monte;;;;;;;;;;;;;315734,65;6272892,87;19H;Solar Fotovoltaica;7;10/08/2026
SEN;SIC;ENEL GREEN POWER CHILE S.A.;;;PMGD PFV SAN CAMILO;En Operacion;09/04/2021;2021;Región del Maule;Molina;;;;No aplica;;ERNC;Solar;3,006;3;Si;PMGD;CGE;Alimentador Pulmodón,  S/EItahué;;;;;;;;;;;;;288023;6111079;19H;Solar Fotovoltaica;9;10/08/2026
SEN;SIC;SAN CARLOS SOLAR SPA;;;PMGD PFV SAN CARLOS SOLAR;En Operacion;23/02/2022;2022;Región de Ñuble;San Carlos;;;;No Aplica;;ERNC;Solar;2,6089;2,6;Si;PMGD;COPELEC;Alimentador San Carlos /  S/ESan Carlos;;;;;;;;;;;;;236410;5967617;19H;Solar Fotovoltaica;11;10/08/2026
SEN;SIC;VESPA SOLAR SPA;;;PMGD PFV SAN CLEMENTE FLOR DEL LLANO;En Operacion;04/06/2024;2024;Región del Maule;San Clemente;;;;1;;ERNC;Solar;4,95;4,9;Si;PMGD;CGE;Alimentador Flor de Llano, S/E Maule;;;;;;;;;;;;;271376;6066301;19H;Solar Fotovoltaica;9;10/08/2026
SEN;SIC;JOEL SOLAR SPA;;;PMGD PFV SAN EDUARDO;En Operacion;03/04/2024;2024;Región de Ñuble;San Nicolás;;;;No aplica;;ERNC;Solar;0,342;0,192;Si;PMGD;CGE;S/E Cocharcas CT1;;;;;;;;;;;;;760697;5953731;18H;Solar Fotovoltaica;11;10/08/2026
SEN;SIC;SAN EMILIO SOLAR SPA;;;PMGD PFV SAN EMILIO SOLAR I;En Operacion;06/05/2022;2022;Región del Maule;Curicó;;;;No aplica;;ERNC;Solar;3,00812;3;Si;PMGD;CGE Distribución;Alimentador Los Niches /  S/ECuricó;;;;;;;;;;;;;298261;6124132;19H;Solar Fotovoltaica;9;10/08/2026
SEN;SIC;SAN EUGENIO SOLAR SPA;;;PMGD PFV SAN EUGENIO SOLAR;En Operacion;20/10/2023;2023;Región del Biobío;Los Ángeles;;;;No aplica;;ERNC;Solar;6,111;6,1;Si;PMGD;CGE Distribución;Alimentador Santa Bárbara /  S/EDuqueco;;;;;;;;;;;;;740627;5841638;18H;Solar Fotovoltaica;10;10/08/2026
SEN;SIC;SAN FRANCISCO SOLAR SPA;;76.470.581-5;PMGD PFV SAN FRANCISCO;En Operacion;08/11/2017;2017;Región Metropolitana de Santiago;Colina;;;;NO APLICA;;ERNC;Solar;3;3;Si;PMGD;ENEL DISTRIBUCIÓN;ID 731 BA S/E EL MANZANO (ENEL DISTRIBUCIÓN) 23KV BP1;;;;;;;;;;;;;340899;6342978;19H;Solar Fotovoltaica;7;10/08/2026
SEN;SIC;FOTOVOLTAICA SAN ISIDRO SPA;;76.751.856-0;PMGD PFV SAN ISIDRO;En Operacion;12/10/2019;2019;Región del Libertador Gral. Bernardo O’Higgins;Requínoa;;;;NO APLICA;;ERNC;Solar;2,73;2,7226;Si;PMGD;CGE;ID 152 BA S/E CHUMAQUITO 15KV;;;;;;;;;;;;;334772;6205419;19H;Solar Fotovoltaica;8;10/08/2026
SEN;SIC;IMPULSO SOLAR SAN JOSÉ II SPA;;;PMGD PFV SAN JOSE II;En Operacion;20/05/2022;2022;Región de Ñuble;San Carlos;;;;No Aplica;;ERNC;Solar;3,008;3;Si;PMGD;Coopelec;Alimentador Ninquihue /  S/ECocharcas;;;;;;;;;;;;;232808;5957506;19H;Solar Fotovoltaica;11;10/08/2026
SEN;SIC;GR COIGÜE SPA;;76.461.939-0;PMGD PFV SAN PEDRO;En Operacion;26/10/2016;2016;Región Metropolitana de Santiago;San Pedro;;;;NO APLICA;;ERNC;Solar;3;3;Si;PMGD;CGE;S/E LAS ARAÑAS 23KV;;;;;;;;;;;;;274245,0978;6246022,677;19H;Solar Fotovoltaica;7;10/08/2026
SEN;SIC;SAN RAFAEL II SPA;;;PMGD PFV SAN RAFAEL;En Operacion;12/06/2024;2024;Región del Maule;San Rafael;;;;1;;ERNC;Solar;3,015;3;Si;PMGD;CGE;Botalcura 13.2kV S/E Primaria San Rafael;;;;;;;;;;;;;264184,85;6086690;19H;Solar Fotovoltaica;9;10/08/2026
SEN;SIC;PELEQUÉN SUR SPA;;;PMGD PFV SAN RAMIRO;En Operacion;27/01/2021;2021;Región Metropolitana de Santiago;Melipilla;;;;NO APLICA;;ERNC;Solar;9,004;9;Si;PMGD;CGE;El Peumo;;;;;;;;;;;;;278435,82;6234738,84;19H;Solar Fotovoltaica;7;10/08/2026
SEN;SIC;SAN RAMON SOLAR SPA;;;PMGD PFV SAN RAMON;En Operacion;03/06/2025;2025;Región Metropolitana de Santiago;Paine;;;;1;;ERNC;Solar;9,013;9;Si;PMGD;Compañía General de Electricidad S.A.;ALIMENTADOR LINDEROS;;;;;;;;;;;;;339038;6254247;19H;Solar Fotovoltaica;7;10/08/2026
SEN;SIC;BLUE SOLAR DOCE SPA;;;PMGD PFV SAN VICENTE TT;En Operacion;23/12/2024;2024;Región del Libertador Gral. Bernardo O’Higgins;San Vicente;;;;No aplica;;ERNC;Solar;9;9;Sí;PMGD;CGE DISTRIBUCIÓN;Alimentador Requegua / S/E SAN VICENTE DE TAGUA TAGUA;;;;;;;;;;;;;304144,41;6197196,93;19H;Solar Fotovoltaica;8;10/08/2026
SEN;SIC;COPAHUE DE VERANO SPA;;;PMGD PFV SAND SOLAR;En Operacion;28/02/2025;2025;Región Metropolitana de Santiago;Melipilla;;;;No aplica;;ERNC;Solar;9,009;0,825;Si;PMGD;CGE;ALIMENTADOR HUECHUN;;;;;;;;;;;;;282620;6267568;19H;Solar Fotovoltaica;7;10/08/2026
SEN;SIC;PARQUE FOTOVOLTAICO SANTA ADRIANA SPA;;76.813.193-7;PMGD PFV SANTA ADRIANA;En Operacion;06/08/2019;2019;Región Metropolitana de Santiago;Talagante;;;;NO APLICA;;ERNC;Solar;3;2,996;Si;PMGD;CGE;ID 571 BA S/E EL MONTE 13,2KV  BP1;;;;;;;;;;;;;317280;6270160;19 H;Solar Fotovoltaica;7;10/08/2026
SEN;SIC;BETEL SPA;;77.050.429-5;PMGD PFV SANTA AMELIA;En Operacion;11/06/2020;2020;Región del Libertador Gral. Bernardo O’Higgins;Pichidegua;;;;NO APLICA;;ERNC;Solar;3;3;Si;PMGD;CGE;S/E SAN VICENTE DE TAGUA TAGUA 15KV;;;;;;;;;;;;;288126,29;6189779,72;19H;Solar Fotovoltaica;8;10/08/2026
SEN;SIC;SANTA BLANCA SPA;;;PMGD PFV SANTA BLANCA DE ISLA DE MAIPO SUNLIGHT;En Operacion;09/07/2024;2024;Región Metropolitana de Santiago;Talagante;;;;No aplica;;ERNC;Solar;2,425;2,4;Si;PMGD;CGE;Alimentador Santa Blanca / S/E Isla de Maipo;;;;;;;;;;;;;321201,78;6268313,31;19H;Solar Fotovoltaica;7;10/08/2026
SEN;SIC;COMMONPLACE ENERGY SPA;;76.233.264-7;PMGD PFV SANTA CECILIA;En Operacion;15/12/2013;2013;Región de Atacama;Vallenar;;;;NO APLICA;;ERNC;Solar;2,96;2,9452;Si;PMGD;EMELAT;ALIMENTADOR DOMEYKO 23 KV;;;;;;;;;;;;;313930,54;6778671,74;19J;Solar Fotovoltaica;4;10/08/2026
SEN;SIC;IMPULSO SOLAR LAS LLOYSAS SPA;;76.513.574-5;PMGD PFV SANTA CLARA;En Operacion;05/06/2019;2019;Región de Coquimbo;Ovalle;;;;NO APLICA;;ERNC;Solar;2,75;2,73;Si;PMGD;CGE;ID 351 BA S/E OVALLE 23KV BP1;;;;;;;;;;;;;268359;6611269;19 J;Solar Fotovoltaica;5;10/08/2026
SEN;SIC;PSF SANTA ELIZABETH SPA;;;PMGD PFV SANTA ELIZABETH;En Operacion;24/01/2023;2023;Región del Libertador Gral. Bernardo O’Higgins;Rengo;;;;No aplica;;ERNC;Solar;9,01;9;Si;PMGD;CGE Distribución;Alimentador Lecaros/ S/E Rosario;;;;;;;;;;;;;324489,4;6201453,16;19H;Solar Fotovoltaica;8;10/08/2026
SEN;SIC;GR PATAGONIA SPA;;;PMGD PFV SANTA EMILIA;En Operacion;29/07/2022;2022;Región del Libertador Gral. Bernardo O’Higgins;Rancagua;;;;No aplica;;ERNC;Solar;9,113;9;Si;PMGD;CGE Distribución;Alimentador Chacón /  S/ETuniche;;;;;;;;;;;;;335317;6223306;19H;Solar Fotovoltaica;8;10/08/2026
SEN;SIC;IMPULSO SOLAR SAN JOSÉ SPA;;;PMGD PFV SANTA ESTER;En Operacion;26/06/2021;2021;Región de Ñuble;San Carlos;;;;No aplica;;ERNC;Solar;2,99504;2,99;Si;PMGD;COPELEC;Alimentador Ninquihue /  S/ECocharcas;;;;;;;;;;;;;232297;5957865;19 H;Solar Fotovoltaica;11;10/08/2026
SEN;SIC;CVE PROYECTO DIECISIETE SPA;;;PMGD PFV SANTA FRANCISCA;En Operacion;23/12/2021;2021;Región de Coquimbo;Vicuña;;;;No aplica;;ERNC;Solar;6,006;6;Si;PMGD;CGE;Alimentador Rivadavia /  S/EVicuña;;;;;;;;;;;;;344394;6678110;19J;Solar Fotovoltaica;5;10/08/2026
SEN;SIC;CVE PROYECTO SEIS SPA;;76.766.027-8;PMGD PFV SANTA INES SOLAR;En Operacion;14/11/2020;2020;Región Metropolitana de Santiago;Tiltil;;;;No aplica;;ERNC;Solar;2,9974;2,95;Si;PMGD;Enel Distribución Chile S.A.;Alimentador Polpaico 23 kV S/E Punta Peuco 110/23 kV;;;;;;;;;;;;;326064;6333214;19H;Solar Fotovoltaica;7;10/08/2026
SEN;SIC;SPV P4 SPA;;76.201.449-1;PMGD PFV SANTA JULIA;En Operacion;17/03/2016;2016;Región de Valparaíso;Petorca;;;;NO APLICA;;ERNC;Solar;3;3;Si;PMGD;CONAFE;S/E CABILDO 23KV;;;;;;;;;;;;;302056,9999;6424179,015;19H;Solar Fotovoltaica;6;10/08/2026
SEN;SIC;PARQUE SOLAR SANTA LAURA SPA;;76.727.583-8;PMGD PFV SANTA LAURA;En Operacion;17/08/2018;2018;Región de Valparaíso;Cabildo;;;;NO APLICA;;ERNC;Solar;3;2,97;Si;PMGD;CONAFE;S/E CABILDO;;;;;;;;;;;;;308879,72;6413431,51;19H;Solar Fotovoltaica;6;10/08/2026
SEN;SIC;SANTA LUCÍA SOLAR SPA;;;PMGD PFV SANTA LUCIA;En Operacion;07/08/2023;2023;Región de Coquimbo;Ovalle;;;;No aplica;;ERNC;Solar;6,905;6,9;Si;PMGD;CGE;Alimentador Hospital / S/E Ovalle;;;;;;;;;;;;;294475;6609231;19H;Solar Fotovoltaica;5;10/08/2026
SEN;SIC;SANTA LUISA ENERGY SPA;;;PMGD PFV SANTA LUISA;En Operacion;31/07/2021;2021;Región de Ñuble;San Carlos;;;;No aplica;;ERNC;Solar;2,60504;2,6;Si;PMGD;COPELEC;Alimentador San Carlos /  S/ESan Carlos;;;;;;;;;;;;;233467;5961862;19H;Solar Fotovoltaica;11;10/08/2026
SEN;SIC;FOTOVOLTAICA PEUMO SPA;;;PMGD PFV SANTA MARGARITA;En Operacion;10/09/2021;2021;Región del Libertador Gral. Bernardo O’Higgins;Peralillo;;;;No aplica;;ERNC;Solar;3,005;3;Si;PMGD;CGE;Alimentador Peralillo /  S/EMarchigüe;;;;;;;;;;;;;268213;6183818;19H;Solar Fotovoltaica;8;10/08/2026
SEN;SIC;RUBÉN SOLAR SPA;;;PMGD PFV SANTA PAMELA;En Operacion;10/01/2024;2024;Región del Biobío;Los Ángeles;;;;No aplica;;ERNC;Solar;7,713;7,7;Si;PMGD;CGE Distribución;Alimentador Molino Bío Bío /  S/EDuqueco;;;;;;;;;;;;;740072;5845344;18H;Solar Fotovoltaica;10;10/08/2026
SEN;SIC;PARQUE FOTOVOLTAICO SANTA RITA SOLAR SPA;;;PMGD PFV SANTA RITA;En Operacion;09/04/2021;2021;Región de Ñuble;Chillán;;;;No aplica;;ERNC;Solar;2,70357;2,7;Si;PMGD;COPELEC;Alimentador Cato /  S/ECocharcas;;;;;;;;;;;;;239648;5951577;19 H;Solar Fotovoltaica;11;10/08/2026
SEN;SIC;PLANTA SOLAR SANTA TERESITA II SPA;;;PMGD PFV SANTA TERESITA;En Operacion;03/04/2024;2024;Región Metropolitana de Santiago;Pudahuel;;;;No aplica;;ERNC;Solar;9,181;9;Si;PMGD;Enel Distribución Chile S.A.;Alimentador Lo Pinto / S/E Batuco;;;;;;;;;;;;;333281;6306468;19H;Solar Fotovoltaica;7;10/08/2026
SEN;SIC;PMGD SANTUARIO SPA;;76.760.999-K;PMGD PFV SANTUARIO SOLAR;En Operacion;17/11/2017;2017;Región de Valparaíso;Rinconada;;;;NO APLICA;;ERNC;Solar;3;2,9871;Si;PMGD;CHILQUINTA;S/E SAN FELIPE;;;;;;;;;;;;;342083,94;6359442,65;19H;Solar Fotovoltaica;6;10/08/2026
SEN;SIC;LOS LIBERTADORES SOLAR SPA;;;PMGD PFV SATURNO NORTE;En Operacion;04/06/2021;2021;Región del Maule;Colbún;;;;No aplica;;ERNC;Solar;4,5306;4,5;Si;PMGD;Luz Linares;Alimentador Colbún /  S/EPanimávida;;;;;;;;;;;;;282785,04;6041436,48;19H;Solar Fotovoltaica;9;10/08/2026
SEN;SIC;SANBAR SOLAR SPA;;;PMGD PFV SDSI;En Operacion;25/03/2021;2021;Región del Biobío;Los Ángeles;;;;No aplica;;ERNC;Solar;2,60805;2,6;Si;PMGD;FRONTEL;Alimentador Delicias /  S/EDuqueco;;;;;;;;;;;;;738027;5842130;18H;Solar Fotovoltaica;10;10/08/2026
SEN;SIC;SAN MARINO SOLAR SPA;;;PMGD PFV SGT CATAPILCO;En Operacion;19/01/2024;2024;Región de Valparaíso;Zapallar;;;;No aplica;;ERNC;Solar;9,015;9;Si;PMGD;CGE;S/E CASAS VIEJAS C1;;;;;;;;;;;;;278216;6391210;19H;Solar Fotovoltaica;6;10/08/2026
SEN;SIC;RAVENNA SOLAR SPA;;;PMGD PFV SGT TUCAPEL;En Operacion;22/08/2024;2024;Región de Ñuble;Yungay;;;;No aplica;;ERNC;Solar;6,812;6,8;Sí;PMGD;Frontel /Saesa;Alimentador Tucapel / S/E CHOLGUAN;;;;;;;;;;;;;758422;5885494;18H;Solar Fotovoltaica;11;10/08/2026
SEN;SIC;SIETE COLORES SPA;;;PMGD PFV SIETE COLORES;En Operacion;31/08/2023;2023;Región de Coquimbo;Illapel;;;;No aplica;;ERNC;Solar;9,0045;9;Si;PMGD;CGE;Alimentador Independencia / S/E Illapel;;;;;;;;;;;;;292981;6497241;19J;Solar Fotovoltaica;5;10/08/2026
SEN;SIC;RAUQUEN SPA;;;PMGD PFV SIRIMAVO;En Operacion;16/01/2025;2025;Región de Coquimbo;Monte Patria;;;;No aplica;;ERNC;Solar;3,0054;3;Sí;PMGD;Compañía General de Electricidad S.A.;Alimentador El Palqui / S/E Monte Patria;;;;;;;;;;;;;311888;6600041;19J;Solar Fotovoltaica;5;10/08/2026
SEN;SIC;SLK CB NUEVE SPA;;;PMGD PFV SLK CB NUEVE;En Operacion;25/07/2022;2022;Región de Valparaíso;Putaendo;;;;No aplica;;ERNC;Solar;3,03;3;Si;PMGD;Chilquinta;Alimentador Putaendo /  S/ESan Felipe;;;;;;;;;;;;;341431;6384968;19H;Solar Fotovoltaica;6;10/08/2026
SEN;SIC;GPG GENERACIÓN DISTRIBUIDA SPA;;;PMGD PFV SOFIA;En Operacion;04/01/2024;2024;Región de Coquimbo;Vicuña;;;;No aplica;;ERNC;Solar;2,55;2,4;Si;PMGD;CGE Distribución;Alimentador Gabriela Mistral /  S/EVicuña;;;;;;;;;;;;;334531;6673946;19H;Solar Fotovoltaica;5;10/08/2026
SEN;SIC;SOL DE SEPTIEMBRE SPA;;76.719.826-4;PMGD PFV SOL DE SEPTIEMBRE;En Operacion;10/07/2020;2020;Región Metropolitana de Santiago;Lampa;;;;NO APLICA;;ERNC;Solar;9;8,97;Si;PMGD;ENEL DISTRIBUCIÓN;S/E LO BOZA 23KV;;;;;;;;;;;;;326247;6313882,7;19H;Solar Fotovoltaica;7;10/08/2026
SEN;SIC;SAN JAVIER I SPA;;;PMGD PFV SOL DEL MAULE;En Operacion;30/11/2023;2023;Región del Maule;San Javier;;;;No aplica;;ERNC;Solar;2,505;2,5;Si;PMGD;Compañía General de Electricidad S.A.;Alimentador Alimentador Las Rosas  / S/E La Palma;;;;;;;;;;;;;255655,96;6061773,13;19H;Solar Fotovoltaica;9;10/08/2026
SEN;SIC;PARQUE SOLAR SOL DEL NORTE SPA;;76.760.999-K;PMGD PFV SOL DEL NORTE;En Operacion;05/10/2015;2015;Región de Coquimbo;Vicuña;;;;NO APLICA;;ERNC;Solar;2,96;2,9393;Si;PMGD;CONAFE;S/E VICUÑA 23 KV;;;;;;;;;;;;;337646,48;6675562,953;19J;Solar Fotovoltaica;5;10/08/2026
SEN;SIC;SOLAR DEL BUENO SPA;;;PMGD PFV SOLAR DEL BUENO;En Operacion;22/08/2024;2024;Región de Los Ríos;La Unión;;;;No aplica;;ERNC;Solar;3,01495;3;Si;PMGD;Saesa;Río Bueno /  S/ELos Tambores;;;;;;;;;;;;;673579;5534710;18G;Solar Fotovoltaica;13;10/08/2026
SEN;SIC;GPG GENERACIÓN DISTRIBUIDA SPA;;;PMGD PFV SOLAR TORINO;En Operacion;26/08/2022;2022;Región del Maule;Teno;;;;No aplica;;ERNC;Solar;8,098;8;Si;PMGD;CGE Distribución;Alimentador Vista Hermosa /  S/ETeno;;;;;;;;;;;;;303998;6138914;19H;Solar Fotovoltaica;9;10/08/2026
SEN;SIC;ENEL GREEN POWER CHILE S.A.;;;PMGD PFV SOLARIS;En Operacion;04/02/2025;2025;Región de Coquimbo;Coquimbo;;;;No aplica;;ERNC;Solar;9,006;8,55;Si;PMGD;CGE;ALIMENTADOR LAS TACAS;;;;;;;;;;;;;282401;6666445;19J;Solar Fotovoltaica;5;10/08/2026
SEN;SIC;CHRONOS SOLAR SPA;;;PMGD PFV SOLARPARK MALLOA;En Operacion;12/04/2023;2023;Región del Libertador Gral. Bernardo O’Higgins;Malloa;;;;No aplica;;ERNC;Solar;2,6;2,6;Si;PMGD;CGE;Alimentador Santa Inés / S/E Malloa;;;;;;;;;;;;;320029;6183571;19J;Solar Fotovoltaica;8;10/08/2026
SEN;SIC;ANUMAR ENERGÍA DEL SOL 1 SPA;;;PMGD PFV SOLARPARK VILLA ALEMANA;En Operacion;30/11/2021;2021;Región de Valparaíso;Villa Alemana;;;;No aplica;;ERNC;Solar;3;2,7;Si;PMGD;Chilquinta S.A.;ALIMENTADOR PANGAL;;;;;;;;;;;;;285748;6341190;19H;Solar Fotovoltaica;6;10/08/2026
SEN;SIC;GPG GENERACIÓN DISTRIBUIDA SPA;;;PMGD PFV SOY SOLAR;En Operacion;26/10/2023;2023;Región de Coquimbo;Coquimbo;;;;No aplica;;ERNC;Solar;3,15;3;Si;PMGD;CGE;Alimentador Guanaqueros / S/E El Peñón;;;;;;;;;;;;;279833;6654721;19H;Solar Fotovoltaica;5;10/08/2026
SEN;SIC;SUNHUNTER SPA;;;PMGD PFV SUNHUNTER;En Operacion;10/08/2022;2022;Región de Coquimbo;Ovalle;;;;No aplica;;ERNC;Solar;9,15;9;Si;PMGD;CGE Distribución;Alimentador Delta /  S/EOvalle;;;;;;;;;;;;;287054;6618762;19J;Solar Fotovoltaica;5;10/08/2026
SEN;SIC;SANTA INÉS SPA;;;PMGD PFV SUNRAY;En Operacion;24/01/2025;2025;Región del Libertador Gral. Bernardo O’Higgins;Malloa;;;;No aplica;;ERNC;Solar;9,025;4;Si;PMGD;CGE;ALIMENTADOR SANTA INES;;;;;;;;;;;;;321480;6184873,91;19H;Solar Fotovoltaica;8;10/08/2026
SEN;SIC;ANDINA SOLAR 2 SPA;;;PMGD PFV TABOLANGO;En Operacion;14/08/2024;2024;Región de Valparaíso;Limache;;;;No aplica;;ERNC;Solar;9,02;9;Si;PMGD;Chilquinta;Alimentador Refinería / S/E Concón;;;;;;;;;;;;;277767,57;6354884,97;19H;Solar Fotovoltaica;6;10/08/2026
SEN;SIC;TEDLAR JUPITER SPA;;;PMGD PFV TALAGANTE;En Operacion;11/03/2024;2024;Región del Libertador Gral. Bernardo O’Higgins;Talagante;;;;no aplica;;ERNC;Solar;9,013;9;Si;PMGD;Compañía General de Electricidad S.A.;S/E Malloco E52-2;;;;;;;;;;;;;326728,94;6276621,63;19H;Solar Fotovoltaica;8;10/08/2026
SEN;SIC;SANTA CATALINA SOLAR SPA;;76.466.857-K;PMGD PFV TALCA;En Operacion;30/07/2019;2019;Región del Maule;Talca;;;;NO APLICA;;ERNC;Solar;9;9;Si;PMGD;CGE;ID 168 BA S/E SAN MIGUEL 15KV BP1;;;;;;;;;;;;;268122,54;6072620,6;19 H;Solar Fotovoltaica;9;10/08/2026
SEN;SIC;REDEN TALHUEN SOLAR SPA;;76.948.177-K;PMGD PFV TALHUEN;En Operacion;01/08/2018;2018;Región de Coquimbo;Ovalle;;;;NO APLICA;;ERNC;Solar;3;3;Si;PMGD;CONAFE;S/E OVALLE;;;;;;;;;;;;;283934,4;6616978,84;19J;Solar Fotovoltaica;5;10/08/2026
SEN;SING;ANGAMOS SOLAR SPA;;;PMGD PFV TALLADO;En Operacion;20/04/2023;2023;Región de Antofagasta;Mejillones;;;;No aplica;;ERNC;Solar;9,005;9;Si;PMGD;CGE;Alimentador Punta Angamos / S/E Mejillones;;;;;;;;;;;;;354196;7440018;19H;Solar Fotovoltaica;3;10/08/2026
SEN;SIC;TAMARAMA SPA;;;PMGD PFV TAMARAMA;En Operacion;03/02/2023;2023;Región de Coquimbo;Vallenar;;;;No aplica;;ERNC;Solar;9,15;9,15;Si;PMGD;CGE Distribución;ALIMENTADOR VALLENAR SUR / TORREBLANCA;;;;;;;;;;;;;325127,91;6834878,11;19J;Solar Fotovoltaica;5;10/08/2026
SEN;SING;BAOBAB ENERGÍAS RENOVABLES SPA;;;PMGD PFV TAMARUGO;En Operacion;30/06/2021;2021;Región de Tarapacá;Pozo Almonte;;;;No aplica;;ERNC;Solar;2,9953;2,95;Si;PMGD;CGE;Alimentador Pampino /  S/EPozo Almonte;;;;;;;;;;;;;432853;7747647;19 K;Solar Fotovoltaica;2;10/08/2026
SEN;SIC;GENERADORA ELÉCTRICA KALTEMP LTDA.;;76.392.163-8;PMGD PFV TAMBO REAL;En Operacion;06/12/2012;2012;Región de Coquimbo;Vicuña;;;;NO APLICA;;ERNC;Solar;2,94;2,9264;Si;PMGD;CONAFE;S/E VICUÑA;;;;;;;;;;;;;329345,5;6674521,104;19J;Solar Fotovoltaica;5;10/08/2026
SEN;SIC;SONNEDIX TARANTO SPA;;;PMGD PFV TARANTO;En Operacion;12/01/2022;2022;Región de Valparaíso;Casablanca;;;;No aplica;;ERNC;Solar;9,005;9;Si;PMGD;Emelca;Alimentador Casablanca /  S/ECasablanca;;;;;;;;;;;;;274966;6304312;19H;Solar Fotovoltaica;6;10/08/2026
SEN;SING;TARUCA SOLAR SPA;;;PMGD PFV TARUCA;En Operacion;26/02/2025;2025;Región de Arica y Parinacota;Arica;;;;No aplica;;ERNC;Solar;9,001;9;Si;PMGD;CGE Distribución;Alimentador Azapa /  S/EPukara;;;;;;;;;;;;;378522;7953644;19K;Solar Fotovoltaica;1;10/08/2026
SEN;SIC;EERM ENERGÍAS DEL FUTURO S.A.;;76.272.689-0;PMGD PFV TECHOS DE ALTAMIRA;En Operacion;28/03/2014;2014;Región Metropolitana de Santiago;Peñalolén;;;;NO APLICA;;ERNC;Solar;0,15;0,15;Si;PMGD;ENEL DISTRIBUCIÓN;ALIMENTADOR ICTINOS 12 KV;;;;;;;;;;;;;357141,09;6294500,603;19H;Solar Fotovoltaica;7;10/08/2026
SEN;SIC;TES SOLAR SPA;;;PMGD PFV TES SOLAR;En Operacion;15/01/2025;2025;Región de Ñuble;Bulnes;;;;No aplica;;ERNC;Solar;2,608;2,6;Sí;PMGD;Copelec;Las Brisas /  S/ETres Esquinas;;;;;;;;;;;;;749873;5925553;18H;Solar Fotovoltaica;11;10/08/2026
SEN;SIC;GR ALERCE ANDINO SPA;;;PMGD PFV TIERRA;En Operacion;24/10/2022;2022;Región de Atacama;Tierra Amarilla;;;;No aplica;;ERNC;Solar;8,127;8;Si;PMGD;CGE Distribución;Alimentador Algorrobo /  S/ECerrillos;;;;;;;;;;;;;374997;6954550;19J;Solar Fotovoltaica;4;10/08/2026
SEN;SIC;TIJERAL SPA;;;PMGD PFV TIJERAL;En Operacion;11/10/2023;2023;Región de Valparaíso;Petorca;;;;No aplica;;ERNC;Solar;3,0045;3;Si;PMGD;CGE;SE Cabildo;;;;;;;;;;;;;304113;6420296;19H;Solar Fotovoltaica;6;10/08/2026
SEN;SIC;TIL TIL SOLAR SPA;;76.254.347-8;PMGD PFV TILTIL;En Operacion;19/05/2016;2016;Región Metropolitana de Santiago;Tiltil;;;;NO APLICA;;ERNC;Solar;2,5;2,48;Si;PMGD;ELÉCTRICA TIL TIL;S/E RUNGUE 23KV;;;;;;;;;;;;;329867,69;6351922,6;19H;Solar Fotovoltaica;7;10/08/2026
SEN;SIC;PARQUE SOLAR ESMERALDA SPA;;;PMGD PFV TOPACIO;En Operacion;10/12/2024;2024;Región de Ñuble;Yungay;;;;No aplica;;ERNC;Solar;3,0033;3;Sí;PMGD;FRONTEL;Alimentador Yungay / S/E Cholguan;;;;;;;;;;;;;758007;5885742;18G;Solar Fotovoltaica;11;10/08/2026
SEN;SIC;TORTUGA SOLAR SPA;;;PMGD PFV TORTUGA SOLAR;En Operacion;03/10/2024;2024;Región de Ñuble;Chillán;;;;No aplica;;ERNC;Solar;3,0045;3;Si;PMGD;COOPERATIVA DE CONSUMO DE ENERGÍA ELÉCTRICA CHILLÁN LIMITADA;Alimentador San Carlos / S/E Chillán;;;;;;;;;;;;;758175;5950632;18H;Solar Fotovoltaica;11;10/08/2026
SEN;SIC;ANDINA SOLAR 13 SPA;;;PMGD PFV TRANQUE DEL SOL;En Operacion;15/11/2023;2023;Región de Valparaíso;Nogales;;;;No aplica;;ERNC;Solar;9,02;9;Si;PMGD;Chilquinta;Alimentador Nogales / S/E El Melón;;;;;;;;;;;;;294896,14;6377075,19;19H;Solar Fotovoltaica;6;10/08/2026
SEN;SIC;EL ROBLE SOLAR SPA;;76.972.711-6;PMGD PFV TREBAL SOLAR;En Operacion;27/06/2020;2020;Región Metropolitana de Santiago;Maipú;;;;NO APLICA;;ERNC;Solar;3;2,999;Si;PMGD;ENEL DISTRIBUCIÓN;S/E PAJARITOS 12KV;;;;;;;;;;;;;328986;6290033;19H;Solar Fotovoltaica;7;10/08/2026
SEN;SIC;SOLAR TI DIECISIETE SPA;;;PMGD PFV TREBO;En Operacion;02/03/2022;2022;Región Metropolitana de Santiago;Melipilla;;;;No aplica;;ERNC;Solar;2,979;2,97;Si;PMGD;GGE Distribución;Alimentador El Turco /  S/ELeyda;;;;;;;;;;;;;281327;6273012;19H;Solar Fotovoltaica;7;10/08/2026
SEN;SIC;TRICAHUE SPA;;76.902.134-5;PMGD PFV TRICA-DOS;En Operacion;06/02/2020;2020;Región del Maule;Yerbas Buenas;;;;NO APLICA;;ERNC;Solar;2,8;2,8;Si;PMGD;CGE;ID 122 BA S/E LA PALMA 15KV BP1;;;;;;;;;;;;;266260;6057530;19 H;Solar Fotovoltaica;9;10/08/2026
SEN;SIC;TRICAHUE SOLAR SPA;;76.136.448-0;PMGD PFV TRICAHUE II;En Operacion;01/10/2019;2019;Región del Libertador Gral. Bernardo O’Higgins;Rengo;;;;NO APLICA;;ERNC;Solar;9;8,98115;Si;PMGD;CGE;ID 318 BA S/E ROSARIO 15KV BP1;;;;;;;;;;;;;332227;6196492;19 H;Solar Fotovoltaica;8;10/08/2026
SEN;SIC;SPV P4 SPA;;;PMGD PFV TRINIDAD;En Operacion;03/06/2021;2021;Región del Libertador Gral. Bernardo O’Higgins;Marchihue;;;;No aplica;;ERNC;Solar;2,995;2,99;Si;PMGD;CGE;Alimentador Los Olivos 13,2 kV, S/E La Esperanza;;;;;;;;;;;;;264050;6197450;19H;Solar Fotovoltaica;8;10/08/2026
SEN;SIC;TUCUQUERE SPA;;76.815.726-K;PMGD PFV TUCUQUERE;En Operacion;23/08/2019;2019;Región de Valparaíso;Catemu;;;;NO APLICA;;ERNC;Solar;3;2,975;Si;PMGD;CHILQUINTA;ID 996 BA S/E CATEMU 12KV BP2;;;;;;;;;;;;;315454;6370924;19 H;Solar Fotovoltaica;6;10/08/2026
SEN;SIC;TEDLAR LUNA SPA;;;PMGD PFV TURQUÍA;En Operacion;07/05/2024;2024;Región del Biobío;San Rosendo;;;;No aplica;;ERNC;Solar;1,513;1,5;Si;PMGD;Empresa Eléctrica de la Frontera S.A;Alimentador San Rosendo / S/E Laja;;;;;;;;;;;;;707306,76;5876203,38;18H;Solar Fotovoltaica;10;10/08/2026
SEN;SIC;MGM INNOVA CAPITAL CHILE SPA;;76.686.377-9;PMGD PFV UTFSM VALPARAISO VALDES;En Operacion;31/03/2020;2020;Región de Valparaíso;Valparaíso;;;;NO APLICA;;ERNC;Solar;0,215;0,2145;Si;PMGD;Chilquinta;5761_IM S/E LOS PLACERES C1;;;;;;;;;;;;;257834,3;6341882,61;19H;Solar Fotovoltaica;6;10/08/2026
SEN;SIC;MGM INNOVA CAPITAL CHILE SPA;;76.686.377-9;PMGD PFV UTFSM VIÑA DEL MAR;En Operacion;31/03/2020;2020;Región de Valparaíso;Viña del Mar;;;;NO APLICA;;ERNC;Solar;0,499;0,4985;Si;PMGD;Chilquinta;ID 5780_IM S/E MIRAFLORES C2;;;;;;;;;;;;;267890,09;6341991,53;19H;Solar Fotovoltaica;6;10/08/2026
SEN;SIC;FOTOVOLTAICA VALLE ALEGRE SPA;;;PMGD PFV VALLE ALEGRE;En Operacion;08/09/2025;2025;Región de Valparaíso;Puchuncaví;;;;No aplica;;ERNC;Solar;3,3;2,8;Si;PMGD;Chilquinta Distribución S.A.;ALIMENTADOR LONCURA;;;;;;;;;;;;;274585;6366603;19H;Solar Fotovoltaica;6;10/08/2026
SEN;SIC;VALLE DE LA LUNA II SPA;;76.766.027-8;PMGD PFV VALLE DE LA LUNA II;En Operacion;09/11/2017;2017;Región Metropolitana de Santiago;Lampa;;;;NO APLICA;;ERNC;Solar;3;2,9898;Si;PMGD;ENEL DISTRIBUCIÓN;ID 676 BA S/E BATUCO BP1;;;;;;;;;;;;;328191,01;6315489,07;19H;Solar Fotovoltaica;7;10/08/2026
SEN;SIC;SINERGIA SOLAR SPA;;76.380.998-6;PMGD PFV VALLE SOLAR ESTE II;En Operacion;13/02/2019;2019;Región de Atacama;Copiapó;;;;1;;ERNC;Solar;9;8,992;Si;PMGD;EMELAT;S/E HERNAN FUENTES 23KV;;;;;;;;;;;;;362595,02;6973641,79;19 J;Solar Fotovoltaica;4;10/08/2026
SEN;SIC;SOLAR BROTHERS SPA;;76.381.002-K;PMGD PFV VALLE SOLAR OESTE II;En Operacion;13/02/2019;2019;Región de Atacama;Copiapó;;;;1;;ERNC;Solar;9;8,992;Si;PMGD;EMELAT;S/E HERNAN FUENTES 23KV;;;;;;;;;;;;;361735,08;6973850,76;19 J;Solar Fotovoltaica;4;10/08/2026
SEN;SIC;SANTA BARBARA ENERGY SPA;;;PMGD PFV VELASCO SOLAR;En Operacion;22/11/2024;2024;Región del Biobío;Los Ángeles;;;;No aplica;;ERNC;Solar;1,009;1;Sí;PMGD;Coopelan;Alimentador Huaqui / S/E Los Angeles;;;;;;;;;;;;;728401;5852619;18H;Solar Fotovoltaica;10;10/08/2026
SEN;SIC;CHIMBARONGO SOLAR SPA;;;PMGD PFV VENTISQUERO SOLAR;En Operacion;05/05/2022;2022;Región del Libertador Gral. Bernardo O’Higgins;Chimbarongo;;;;No aplica;;ERNC;Solar;9,0142;9;Si;PMGD;Copelec;Alimentador Niebla /  S/EChimbarongo;;;;;;;;;;;;;314106;6153272;19H;Solar Fotovoltaica;8;10/08/2026
SEN;SIC;VENTURADA ENERGÍA SPA;;;PMGD PFV VENTURADA;En Operacion;13/02/2021;2021;Región de Ñuble;Chillán Viejo;;;;No aplica;;ERNC;Solar;9,002;8,98;Si;PMGD;COPELEC;Alimentador Bulnes /  S/EChillan;;;;;;;;;;;;;755786;5937908;18 H;Solar Fotovoltaica;11;10/08/2026
SEN;SIC;VERONA SOLAR SPA;;;PMGD PFV VERONA SOLAR;En Operacion;30/05/2024;2024;Región del Maule;Teno;;;;no aplica;;ERNC;Solar;3,048;3;Si;PMGD;CGE;Alimentador Comalle,  S/ETeno;;;;;;;;;;;;;301690;6140348;19H;Solar Fotovoltaica;9;10/08/2026
SEN;SIC;SOLAR TI DOS SPA;;;PMGD PFV VICENTE SOLAR;En Operacion;09/07/2021;2021;Región Metropolitana de Santiago;Pirque;;;;No aplica;;ERNC;Solar;2,75;2,695;Si;PMGD;CGE;Alimentador San Vicente /  S/EPirque;;;;;;;;;;;;;349949;6272168;19 H;Solar Fotovoltaica;7;10/08/2026
SEN;SING;SONNEDIX VICTORIA SOLAR SPA;;76.503.514-7;PMGD PFV VICTORIA;En Operacion;11/06/2020;2020;Región de Antofagasta;Calama;;;;NO APLICA;;ERNC;Solar;9;9;Si;PMGD;CGE;S/E CALAMA;;;;;;;;;;;;;504066,639;7515496,029;19K;Solar Fotovoltaica;3;10/08/2026
SEN;SIC;PARQUE SOLAR VILLA ALEGRE SPA;;76.827.438-K;PMGD PFV VILLA ALEGRE;En Operacion;31/03/2020;2020;Región del Maule;Villa Alegre;;;;NO APLICA;;ERNC;Solar;9;8,999;Si;PMGD;CGE;S/E VILLA ALEGRE 15KV;;;;;;;;;;;;;254862;6046854;19 H;Solar Fotovoltaica;9;10/08/2026
SEN;SIC;VILLA CRUZ SPA;;76.752.423-4;PMGD PFV VILLA CRUZ;En Operacion;21/02/2020;2020;Región del Maule;San Javier;;;;NO APLICA;;ERNC;Solar;2,95;2,9325;Si;PMGD;CGE;ID 6531 IM S/E NIRIVILO E1;;;;;;;;;;;;;238976,1;6057640,8;19J;Solar Fotovoltaica;9;10/08/2026
SEN;SIC;SOLAR TI VEINTICUATRO SPA;;;PMGD PFV VILLA CVE;En Operacion;29/11/2024;2024;Región Metropolitana de Santiago;San Pedro;;;;No aplica;;ERNC;Solar;6;5,322;Si;PMGD;6241150;ALIMENTADOR CORNECHE / ID640_S/E LA MANGA;;;;;;;;;;;;;259019;6241150;19H;Solar Fotovoltaica;7;10/08/2026
SEN;SIC;CFT VILLA ALEMANA SPA;;;PMGD PFV VILLA MOSCOSO;En Operacion;15/11/2022;2022;Región de Valparaíso;Villa Alemana;;;;No aplica;;ERNC;Solar;3,0058;3;Si;PMGD;Chilquinta;Alimentador Marga Marga /  S/EQuilpué;;;;;;;;;;;;;279328;6336452;19H;Solar Fotovoltaica;6;10/08/2026
SEN;SIC;VILLA PRAT ENERGY SPA;;76.526.833-8;PMGD PFV VILLA PRAT;En Operacion;22/08/2018;2018;Región del Maule;Sagrada Familia;;;;NO APLICA;;ERNC;Solar;2,96;2,96;Si;PMGD;CGE;S/E VILLA PRAT;;;;;;;;;;;;;260589,64;6111264,2;19H;Solar Fotovoltaica;9;10/08/2026
SEN;SIC;PARQUE SOLAR VILLA SECA SPA;;76.871.352-9;PMGD PFV VILLA SECA;En Operacion;17/09/2019;2019;Región del Maule;Retiro;;;;NO APLICA;;ERNC;Solar;3;3;Si;PMGD;LUZ PARRAL;ID 1090 BA S/E LONGAVI BL2 13.2KV;;;;;;;;;;;;;244530,97;6027690,54;19H;Solar Fotovoltaica;9;10/08/2026
SEN;SIC;VILLAPRAT SPA;;;PMGD PFV VILLA SOLAR;En Operacion;26/01/2021;2021;Región del Maule;Sagrada Familia;;;;No aplica;;ERNC;Solar;2,75;2,739;Si;PMGD;CGE;Alimentador Peteroa /  S/EVillaprat;;;;;;;;;;;;;260800;6111800;19 H;Solar Fotovoltaica;9;10/08/2026
SEN;SIC;GR QUEULAT SPA;;;PMGD PFV VIOLETA;En Operacion;11/07/2023;2023;Región Metropolitana de Santiago;Padre Hurtado;;;;No aplica;;ERNC;Solar;7,41;7,3;Si;PMGD;CGE;Alimentador Malloco /  S/EMalloco;;;;;;;;;;;;;325143,57;6286718,44;19H;Solar Fotovoltaica;7;10/08/2026
SEN;SIC;VITUCO SPA;;76.723.823-1;PMGD PFV VITUCO 2B;En Operacion;14/08/2019;2019;Región del Libertador Gral. Bernardo O’Higgins;Marchihue;;;;NO APLICA;;ERNC;Solar;2,95;2,95;Si;PMGD;CGE;ID 1189 BA S/E PORTEZUELO 23KV BP1;;;;;;;;;;;;;258424;6202452;19 H;Solar Fotovoltaica;8;10/08/2026
SEN;SIC;ANDINA SOLAR 1 SPA;;;PMGD PFV VIÑAS DEL SOL;En Operacion;03/05/2024;2024;Región de Valparaíso;Casablanca;;;;1;;ERNC;Solar;6,02;6;Si;PMGD;EDECSA;Alimentador Corpora /  S/ECasablanca;;;;;;;;;;;;;274691,9;6310906,9;19H;Solar Fotovoltaica;6;10/08/2026
SEN;SIC;WARAIRA SPA;;;PMGD PFV WARAIRA;En Operacion;19/05/2026;2026;Región del Libertador Gral. Bernardo O’Higgins;Marchihue;;;;No aplica;;ERNC;Solar;2,81;2,8;Si;PMGD;Compañía General de Electricidad S.A.;ALIMENTADOR GUADALAO;;;;;;;;;;;;;258256;6194498;19H;Solar Fotovoltaica;8;10/08/2026
SEN;SIC;CATEMU SOLAR SPA;;;PMGD PFV YAHUTELA;En Operacion;13/08/2023;2023;Región de Valparaíso;Catemu;;;;No aplica;;ERNC;Solar;6,02;6;Si;PMGD;Chilquinta Energía S.A;Alimentador Catemu /  S/ECatemu;;;;;;;;;;;;;315217;6370571;19H;Solar Fotovoltaica;6;10/08/2026
SEN;SIC;MVC SOLAR 17 SPA;;;PMGD PFV YUNGAY II TRILALEO;En Operacion;25/09/2025;2025;Región de Ñuble;Yungay;;;;No aplica;;ERNC;Solar;9,09;9;Si;PMGD;COELCHA;Alimentador Yungay;;;;;;;;;;;;;233687;5890511;19H;Solar Fotovoltaica;11;10/08/2026
SEN;SIC;GESTEL INGENIERÍA LIMITADA;;76.219.458-9;PMGD PFV ÑILHUE;En Operacion;01/12/2016;2016;Región de Valparaíso;Catemu;;;;NO APLICA;;ERNC;Solar;1,1;1,1;Si;PMGD;CHILQUINTA;ID 996 BA S/E CATEMU 12KV BP1;;;;;;;;;;;;;319454;6379160;19H;Solar Fotovoltaica;6;10/08/2026
SEN;SIC;MAITÉN SPA;;76.683.541-4;PMGD PFV ÑIQUEN;En Operacion;21/04/2020;2020;Región de Ñuble;Ñiquén;;;;NO APLICA;;ERNC;Solar;3;2,994;Si;PMGD;LUZ PARRAL;S/E SAN GREGORIO;;;;;;;;;;;;;249260,12;5980069,02;19 H;Solar Fotovoltaica;11;10/08/2026
SEN;SIC;AGGREKO CHILE LIMITADA;;;PMGD TER AGGREKO 01;En Operacion;28/02/2022;2022;Región Metropolitana de Santiago;Quilicura;;;;3;;Convencional;Petróleo Diesel;3,009;3;No;PMGD;Enel Distribución Chile S.A.;Alimentador Libertadores /  S/EChacabuco;;;;;;;;;;;;;341228;6310320;19H;Petróleo Diesel;7;10/08/2026
SEN;SIC;TACORA ENERGY SPA;;76.618.682-3;PMGD TER AGNI;En Operacion;19/12/2018;2018;Región Metropolitana de Santiago;Quilicura;;;;2;;Convencional;Petróleo Diesel;3;2,97;No;PMGD;CGE;LO BOZA 12KV;Petróleo Diesel;0,2012;[Ton/MWh];;;;;;;;;;336177;6305310;19H;Petróleo Diesel;7;10/08/2026
SEN;SIC;GENERADORA LA CALERA SPA;;76.267.761-K;PMGD TER ALERCE;En Operacion;20/12/2019;2019;Región de Los Lagos;Puerto Montt;;;;1;;Convencional;Petróleo Diesel;3;2,99;No;PMGD;SAESA;ID 3124 BA S/E PUERTO MONTT B2 23KV;;;;;;;;;;;;;674574;5410869;18G;Petróleo Diesel;14;10/08/2026
SEN;SIC;INNOVACIÓN ENERGÍA S.A.;;;PMGD TER ALERCE GAS;En Operacion;12/06/2026;2026;Región de Los Lagos;Puerto Montt;;;;12;;Convencional;Gas Natural;3,025;3;No;PMGD;SOCIEDAD AUSTRAL DE ELECTRICIDAD S.A.;Alimentador A563 Panitao, barra Alto Bonito 23 kV / ID1728 S/E ALTO BONITO;;;;;;;;;;;;;663374,81;5404172,61;18G;Gas Natural;14;10/08/2026
SEN;SIC;CENTRAL ELÉCTRICA ALMENDRADO SPA;;76.800.436-6;PMGD TER ALMENDRADO;En Operacion;11/06/2019;2019;Región de Los Lagos;Chonchi;;;;2;;Convencional;Petróleo Diesel;3;2,955;No;PMGD;SAESA;ID 406 BA S/E CHONCHI 23KV BP1;;;;;;;;;;;;;598181,52;5280220,43;18 G;Petróleo Diesel;14;10/08/2026
SEN;SIC;AGRÍCOLA ANCALÍ LIMITADA;;79.757.460-0;PMGD TER ANCALI;En Operacion;06/05/2013;2013;Región del Biobío;Los Ángeles;;;;1;;ERNC;Biogas;1,56;1,56;Si;PMGD;CGE;ALIMENTADOR 23 KV LICURA;;;;;;;;;;;;;738474,0372;5836290,061;18H;Biomasa;10;10/08/2026
SEN;SIC;ALTO CAUTÍN SPA;;;PMGD TER AROMOS;En Operacion;20/05/2020;2020;Región de La Araucanía;Los Sauces;;;;1;;ERNC;Solar;3;2,991;Si;PMGD;saesa;S/E LOS SAUCES 23KV;;;;;;;;;;;;;690634;5793760;18H;Solar Fotovoltaica;12;10/08/2026
SEN;SIC;ENERGÍA MORRO GUAYACÁN SPA;;;PMGD TER BELLET;En Operacion;30/06/2024;2024;Región Metropolitana de Santiago;Vitacura;;;;1;;Convencional;Petróleo Diesel;0,5;0,5;No;PMGD;Enel Distribución Chile S.A.;S/E Vitacura E4;;;;;;;;;;;;;349600,85;6300304,22;19H;Petróleo Diesel;7;10/08/2026
SEN;SIC;AS ENERGÍA LTDA.;;;PMGD TER BERLIOZ;En Operacion;07/10/2022;2022;Región Metropolitana de Santiago;San Joaquín;;;;8;;Convencional;Petróleo Diesel;3;3;No;PMGD;Enel Distribución;Alimentador Los Copihues /  S/ESan Joaquín;;;;;;;;;;;;;348145;6290924;19H;Petróleo Diesel;7;10/08/2026
SEN;SIC;TOMAVAL GENERACIÓN S.A.;;76.171.705-7;PMGD TER BIO CRUZ;En Operacion;29/08/2012;2012;Región de Valparaíso;La Cruz;;;;4;;Convencional;Gas Natural;5,3;5,2;No;PMGD;CHILQUINTA;S/E SAN PEDRO;;;;;;;;;;;;;291590;6362604;19H;Gas Natural;6;10/08/2026
SEN;SIC;BLUEGATE ENERGÍA SPA;;77.084.667-6;PMGD TER BLUEGATE;En Operacion;07/10/2020;2020;Región de Los Lagos;Puerto Montt;;;;6;;Convencional;Petróleo Diesel;3,01;3;No;PMGD;SAESA;ID1744 - BA S/E ALTO BONITO 23KV;;;;;;;;;;;;;660493;5401370;18 G;Petróleo Diesel;14;10/08/2026
SEN;SIC;ALTO CAUTÍN SPA;;76.044.129-5;PMGD TER BOLDOS;En Operacion;21/05/2020;2020;Región del Biobío;Mulchén;;;;1;;Convencional;Petróleo Diesel;3;2,991;No;PMGD;SAESA;S/E PICOLTUÉ 23KV;;;;;;;;;;;;;741619;5825192;18H;Petróleo Diesel;10;10/08/2026
SEN;SIC;GENERADORA CALAFATE SPA;;76.920.956-5;PMGD TER CALAFATE;En Operacion;27/12/2019;2019;Región de Los Lagos;Puerto Montt;;;;6;;Convencional;Petróleo Diesel;3;2,99;No;PMGD;SAESA;ID 3124 BA S/E PUERTO MONTT B2 23KV;;;;;;;;;;;;;674574;5410869;18G;Petróleo Diesel;14;10/08/2026
SEN;SIC;GENERADORA AZUL SPA;;76.780.605-1;PMGD TER CALFUCO;En Operacion;04/09/2019;2019;Región de Los Lagos;Puerto Montt;;;;6;;Convencional;Petróleo Diesel;3;2,99;No;PMGD;SAESA;ID 1744 BA S/E ALTO BONITO 23KV;;;;;;;;;;;;;660495,58;5401317,72;18 G;Petróleo Diesel;14;10/08/2026
SEN;SIC;TACORA ENERGY SPA;;;PMGD TER CAMPING DIESEL;En Operacion;03/07/2021;2021;Región Metropolitana de Santiago;Talagante;;;;6;;Convencional;Petróleo Diesel;3,035;3;No;PMGD;CGE;Alimentador Santa Blanca /  S/EIsla de Maipo;;;;;;;;;;;;;320887;6268768;19H;Petróleo Diesel;7;10/08/2026
SEN;SIC;TECNORED S.A.;;77.302.440-5;PMGD TER CASABLANCA;En Operacion;13/04/2007;2007;Región de Valparaíso;Casablanca;;;;2;;Convencional;Petróleo Diesel;1,6;1,6;No;PMGD;EMELCA;S/E CASABLANCA 12KV;Petróleo Diesel;0,311;[m3/MWh];;;;;;;;;;277324,011;6309987,988;19H;Petróleo Diesel;6;10/08/2026
SEN;SIC;TECNORED S.A.;;77.302.440-5;PMGD TER CASABLANCA II;En Operacion;13/04/2007;2007;Región de Valparaíso;Casablanca;;;;2;;Convencional;Petróleo Diesel;0,9;0,9;No;PMGD;EMELCA;S/E CASABLANCA 12KV;Petróleo Diesel;0,331;[m3/MWh];;;;;;;;;;277324,011;6309987,988;19H;Petróleo Diesel;6;10/08/2026
SEN;SIC;SAGESA S.A.;;99.528.750-1;PMGD TER CAÑETE;En Operacion;29/05/2007;2007;Región del Biobío;Cañete;;;;6;;Convencional;Petróleo Diesel;4,4;4;No;PMGD;FRONTEL;S/E TRES PINOS 23KV;Petróleo Diesel;0,2416;[Ton/MWh];;;;;;;;;;642511,9811;5822817,06;18H;Petróleo Diesel;10;10/08/2026
SEN;SIC;TACORA ENERGY SPA;;;PMGD TER CENTRAL DE RESPALDO EGIDO;En Operacion;29/04/2022;2022;Región de Valparaíso;Valparaíso;;;;1;;Convencional;Petróleo Diesel;3,035;3;No;PMGD;Chilquinta;Alimentador Placilla /  S/ELos Placeres;;;;;;;;;;;;;258261;6335401;19H;Petróleo Diesel;6;10/08/2026
SEN;SIC;TACORA ENERGY SPA;;;PMGD TER CENTRAL DE RESPALDO TIGRE;En Operacion;06/02/2023;2023;Región Metropolitana de Santiago;Talagante;;;;1;;Convencional;Petróleo Diesel;3,035;3;No;PMGD;CGE Distribucion;Alimentador Santa Blanca /  S/EIsla de Maipo;;;;;;;;;;;;;320887;6268768;19H;Petróleo Diesel;7;10/08/2026
SEN;SIC;CENTRAL EL ATAJO SPA;;;PMGD TER CENTRAL QUITRALMAN;En Operacion;29/01/2021;2021;Región del Biobío;Mulchén;;;;5;;Convencional;Petróleo Diesel;2,425;2,4;No;PMGD;No aplica;Barra 23 KV Alimentador Picoltue -  S/EMulchen;;;;;;;;;;;;;745121;5829941;18H;Petróleo Diesel;10;10/08/2026
SEN;SIC;PMGD CHILE GENERACIÓN LTDA.;;76.642.937-8;PMGD TER CHILE;En Operacion;13/09/2017;2017;Región del Maule;Molina;;;;2;;Convencional;Petróleo Diesel;1,2;1,1004;No;PMGD;CGE;ID 2467 BA S/E MOLINA 15KV BP2;;;;;;;;;;;;;291153,1;6117835,94;19H;Petróleo Diesel;9;10/08/2026
SEN;SIC;ESPINOS S.A.;;;PMGD TER CHILLAN;En Operacion;27/01/2021;2021;Región de Ñuble;Chillán Viejo;;;;6;;Convencional;Petróleo Diesel;2,9087;2,9;No;PMGD;CGE;Alimentador Huambalí  S/EChillán;;;;;;;;;;;;;752914;5942557;18H;Petróleo Diesel;11;10/08/2026
SEN;SIC;GENERADORA CHORRILLOS SPA;;;PMGD TER CHORRILLOS;En Operacion;12/09/2019;2019;Región Metropolitana de Santiago;Lampa;;;;8;;Convencional;Petróleo Diesel;3;2,99;No;PMGD;ENEL DISTRIBUCIÓN;S/E LAMPA 23KV;;;;;;;;;;;;;330281;6307965;19 H;Petróleo Diesel;7;10/08/2026
SEN;SIC;SAGESA S.A.;;99.528.750-1;PMGD TER CHUFKEN;En Operacion;29/05/2007;2007;Región de La Araucanía;Traiguén;;;;2;;Convencional;Petróleo Diesel;2,4;2,4;No;PMGD;FRONTEL;S/E TRAIGUEN 13.2KV;Petróleo Diesel;0,2416;[Ton/MWh];;;;;;;;;;708521,8;5762380,85;18H;Petróleo Diesel;12;10/08/2026
SEN;SIC;IMELSA ENERGÍA SPA;;76.472.262-0;PMGD TER CIRUELILLO;En Operacion;15/11/2019;2019;Región de Los Lagos;Ancud;;;;1;;Convencional;Petróleo Diesel;3;2,955;No;PMGD;Saesa;ID 396 BA S/E ANCUD 23KV B1;;;;;;;;;;;;;609356,12;5369412,33;18 G;Petróleo Diesel;14;10/08/2026
SEN;SIC;ENERGÍA LEÓN S.A.;;76.166.356-9;PMGD TER COELEMU;En Operacion;04/03/2014;2014;Región de Ñuble;Coelemu;;;;1;;ERNC;Biomasa;7,1;5,8902;Si;PMGD;EMELECTRIC;ALIMENTADOR COELEMU 23 KV;Biomasa;5,3;[Ton Vapor/MWh];;;;;;;;;;702657,0061;5957010,99;18H;Biomasa;11;10/08/2026
SEN;SIC;QUEMCHI GENERADORA DE ELECTRICIDAD S.A.;;76.130.285-K;PMGD TER CONCHALI;En Operacion;13/03/2019;2019;Región de Coquimbo;Los Vilos;;;;6;;Convencional;Petróleo Diesel;3;3;No;PMGD;CONAFE;S/E QUEREO;;;;;;;;;;;;;265703,74;6463593,74;19J;Petróleo Diesel;5;10/08/2026
SEN;SIC;SAGESA S.A.;;99.528.750-1;PMGD TER CONTULMO;En Operacion;01/06/2012;2012;Región del Biobío;Contulmo;;;;1;;Convencional;Petróleo Diesel;0,83;0,83;No;PMGD;FRONTEL;S/E ANGOL;Diesel;0,217074;Ton/MWh;;;;;;;;;;655918,9598;5788908,041;18H;Petróleo Diesel;10;10/08/2026
SEN;SIC;DUERO ENERGÍA COPIULEMU SPA;;76.732.233-K;PMGD TER COPIULEMU;En Operacion;15/11/2019;2019;Región del Biobío;Florida;;;;1;;ERNC;Biogas;1;0,95;Si;PMGD;CGE;ID 330 BA S/E ANDALIEN 15KV C2;;;;;;;;;;;;;690758,4;5917816,42;18 H;Biomasa;10;10/08/2026
SEN;SIC;MOCHO ENERGY SPA;;;PMGD TER CORTES;En Operacion;07/09/2018;2018;Región de Valparaíso;Panquehue;;;;2;;Convencional;Petróleo Diesel;3;2,97;No;PMGD;CHILQUINTA;S/E SAN FELIPE 12KV;Petróleo Diesel;0,1941;[Ton/MWh];;;;;;;;;;332765;6375758;19H;Petróleo Diesel;6;10/08/2026
SEN;SIC;SAGESA S.A.;;99.528.750-1;PMGD TER CURACAUTIN;En Operacion;29/05/2007;2007;Región de La Araucanía;Curacautín;;;;3;;Convencional;Petróleo Diesel;2,4;2,4;No;PMGD;FRONTEL;S/E CURACAUTIN 13.2KV;Petróleo Diesel;0,2204136;[Ton/MWh];;;;;;;;;;253966,9694;5740174,998;19H;Petróleo Diesel;12;10/08/2026
SEN;SIC;TECNORED S.A.;;77.302.440-5;PMGD TER CURAUMA;En Operacion;14/04/2007;2007;Región de Valparaíso;Valparaíso;;;;3;;Convencional;Petróleo Diesel;2,5;2,5;No;PMGD;CHILQUINTA;S/E CURAUMA;Petróleo Diesel;0,311;[m3/MWh];;;;;;;;;;261454,9754;6331485,978;19H;Petróleo Diesel;6;10/08/2026
SEN;SIC;RESPALDO Y POTENCIA SPA;;;PMGD TER DAGOBERTO;En Operacion;30/09/2021;2021;Región de La Araucanía;Padre Las Casas;;;;6;;Convencional;Petróleo Diesel;2,89425;2,88;No;PMGD;CGE Distribución;Alimentador Las Quilas /  S/EPadre las Casas;;;;;;;;;;;;;707945;5707261;18 H;Petróleo Diesel;12;10/08/2026
SEN;SIC;RESPALDO Y POTENCIA SPA;;76.179.054-4;PMGD TER DEUCO;En Operacion;19/08/2020;2020;Región de La Araucanía;Angol;;;;6;;Convencional;Petróleo Diesel;2,89425;2,88;No;PMGD;SAESA;SE Deuco;;;;;;;;;;;;;702614;5810916;18 H;Petróleo Diesel;12;10/08/2026
SEN;SIC;BEPATAGONIA GENERACIÓN S.A.;;;PMGD TER DIESEL CEREZO;En Operacion;18/08/2021;2021;Región del Maule;Teno;;;;6;;Convencional;Petróleo Diesel;3;3;No;PMGD;Cooperativa Electrica Curico Ltda;Alimentador La Laguna /  S/ETeno;;;;;;;;;;;;;312043;6133156;19H;Petróleo Diesel;9;10/08/2026
SEN;SIC;BEPATAGONIA GENERACIÓN S.A.;;;PMGD TER DIESEL COLACO PARGUA;En Operacion;18/12/2024;2024;Región de Los Lagos;Calbuco;;;;5;;ERNC;Solar;3;3;Sí;PMGD;SAESA;ALIMENTADOR PARGUA / S/E COLACO;;;;;;;;;;;;;630979,83;5375231,793;18G;Solar Fotovoltaica;14;10/08/2026
SEN;SIC;INMOBILIARIA, INVERSIONES Y SERVICIOS POWER CHILE LTDA.;;;PMGD TER DIESEL COYA;En Operacion;20/09/2023;2023;Región del Libertador Gral. Bernardo O’Higgins;Machalí;;;;No aplica;;Convencional;Petróleo Diesel;3;3;No;PMGD;CGE;Nogales/SE Machli;;;;;;;;;;;;;342872;6215363;19H;Petróleo Diesel;8;10/08/2026
SEN;SIC;BEPATAGONIA GENERACIÓN S.A.;;;PMGD TER DIESEL QUETALMAHUE;En Operacion;04/06/2026;2026;Región de Los Lagos;Ancud;;;;No aplica;;Convencional;Petróleo Diesel;3,00302;3;No;PMGD;Sociedad Austral de Electricidad S.A.;ALIMENTADOR QUETALMAHUE;;;;;;;;;;;;;592853,781;5362836,052;18H;Petróleo Diesel;14;10/08/2026
SEN;SIC;RESPALDO Y POTENCIA SPA;;;PMGD TER DON PEDRO;En Operacion;19/05/2021;2021;Región del Biobío;San Pedro de la Paz;;;;6;;Convencional;Petróleo Diesel;2,89425;2,88;No;PMGD;CGE Distribución;Alimentador Las Industrias  S/ELoma Colorada;;;;;;;;;;;;;665775;5917423;18H;Petróleo Diesel;10;10/08/2026
SEN;SIC;DOÑA JAVIERA VALLEDOR SPA;;76.376.635-7;PMGD TER DOÑA JAVIERA;En Operacion;28/10/2019;2019;Región de Valparaíso;San Felipe;;;;3;;ERNC;Biogas;2;1,9;Si;PMGD;CHILQUINTA;ID 1041 BA S/E SAN FELIPE 12KV BP2;;;;;;;;;;;;;338884;6378276;19H;Biomasa;6;10/08/2026
SEN;SIC;AASA ENERGÍA S.A.;;76.596.827-5;PMGD TER EL CAMPESINO;En Operacion;24/01/2018;2018;Región Metropolitana de Santiago;Melipilla;;;;3;;ERNC;Biogas;1;0,995;Si;PMGD;CGE;ID 557 BA S/E BOLLENAR 13.2KV BP1;;;;;;;;;;;;;300471,79;6282670,75;19H;Biomasa;7;10/08/2026
SEN;SIC;CENTRAL ELÉCTRICA EL CANELO SPA;;76.464.068-3;PMGD TER EL CANELO;En Operacion;21/12/2015;2015;Región de Los Lagos;Puerto Varas;;;;2;;Convencional;Petróleo Diesel;3;3;No;PMGD;CRELL;ID 448 BA S/E PUERTO VARAS 13.8KV;Petróleo Diesel;0,296;[Ton/MWh];;;;;;;;;;667635,25;5422521,51;18G;Petróleo Diesel;14;10/08/2026
SEN;SIC;CENTRAL ELÉCTRICA EL CANELO SPA;;76.464.068-3;PMGD TER EL CANELO II;En Operacion;11/07/2017;2017;Región de Los Lagos;Puerto Montt;;;;2;;Convencional;Petróleo Diesel;3;3;No;PMGD;CRELL;ID 432 BA S/E MELIPULLI 23KV;Petróleo Diesel;0,29565;[Ton/MWh];;;;;;;;;;670776;5413165;18G;Petróleo Diesel;14;10/08/2026
SEN;SIC;SCL III SPA;;76.824.977-6;PMGD TER EL FARO;En Operacion;01/10/2020;2020;Región de Coquimbo;Los Vilos;;;;6;;Convencional;Petróleo Diesel;3,01;3;No;PMGD;CGE;ID364 BA S/E QUEREO 23KV;;;;;;;;;;;;;265619;6463545;19 J;Petróleo Diesel;5;10/08/2026
SEN;SIC;GENERADORA LA CALERA SPA;;;PMGD TER EL JARDIN;En Operacion;15/06/2023;2023;Región de Los Lagos;Maullín;;;;6;;Convencional;Petróleo Diesel;3,01;3;No;PMGD;SAESA;Alimentador Misquihue / S/E Empalme;;;;;;;;;;;;;644510;5392638;18G;Petróleo Diesel;14;10/08/2026
SEN;SIC;STERICYCLE URBANO SPA;;76.416.769-4;PMGD TER EL MOLLE;En Operacion;18/12/2015;2015;Región de Valparaíso;Valparaíso;;;;6;;ERNC;Biogas;4,5;4,1456;Si;PMGD;CHILQUINTA;S/E VALPARAISO 12 KV;;;;;;;;;;;;;253627,0201;6335865,06;19H;Biomasa;6;10/08/2026
SEN;SIC;GENERADORA ESTANCILLA SPA;;76.145.769-1;PMGD TER EL NOGAL;En Operacion;20/04/2017;2017;Región Metropolitana de Santiago;San Bernardo;;;;6;;Convencional;Petróleo Diesel;3;3;No;PMGD;CGE;ID 904 BA S/E SAN BERNARDO 12KV BP3;Petróleo Diesel;0,2353;[Ton/MWh];;;;;;;;;;341250,9257;6274234,717;19H;Petróleo Diesel;7;10/08/2026
SEN;SIC;ELÉCTRICA PINARES LIMITADA;;;PMGD TER ELECTRICA PINARES LIMITADA;En Operacion;10/02/2021;2021;Región del Maule;Constitución;;;;8;;Convencional;Petróleo Diesel;8,6;8,6;No;PMGD;CGE;Alimentador Purapel /  S/EConstitución;;;;;;;;;;;;;738242,35;6080463,17;18 H;Petróleo Diesel;9;10/08/2026
SEN;SIC;GENERADORA ERMITAÑO SPA;;76.609.577-1;PMGD TER ERMITAÑO;En Operacion;05/06/2018;2018;Región de Valparaíso;San Antonio;;;;6;;Convencional;Petróleo Diesel;3;2,85;No;PMGD;CGE;S/E LEYDA;Petróleo Diesel;0,235;;;;;;;;;;;277582;6277688;19H;Petróleo Diesel;6;10/08/2026
SEN;SIC;GENERADORA ESTANCILLA SPA;;76.145.769-1;PMGD TER ESTANCILLA;En Operacion;10/01/2013;2013;Región Metropolitana de Santiago;San Bernardo;;;;6;;Convencional;Petróleo Diesel;3;3;No;PMGD;CGE;ALIMENTADOR LA CAPILLA 12 KV;Diesel;0,228;[Ton/MWh];;;;;;;;;;341216,0414;6274251,997;19H;Petróleo Diesel;7;10/08/2026
SEN;SING;ENORCHILE S.A.;;96.774.300-3;PMGD TER ESTANDARTES;En Operacion;14/09/2018;2018;Región de Tarapacá;Iquique;;;;7;;Convencional;Petróleo Diesel;6,25;6,1875;No;PMGD;CGE;S/E PALAFITOS 13,2KV;;;;;;;;;;;;;382019,32;7765269,56;19K;Petróleo Diesel;2;10/08/2026
SEN;SIC;ENERGÍA MORRO GUAYACÁN SPA;;;PMGD TER ETERSOL;En Operacion;07/03/2021;2021;Región Metropolitana de Santiago;Quilicura;;;;2;;Convencional;Petróleo Diesel;0,73;0,73;No;PMGD;Enel Distribución Chile S.A.;Alimentador Palmilla, Subestación Quilicura;;;;;;;;;;;;;341285;6306223;19H;Petróleo Diesel;7;10/08/2026
SEN;SIC;ENERGÍA MORRO GUAYACÁN SPA;;;PMGD TER EXEQUIEL FERNANDEZ;En Operacion;21/10/2024;2024;Región Metropolitana de Santiago;La Florida;;;;1;;ERNC;Solar;0,5;0,5;Si;PMGD;Enel Distribución Chile S.A.;Alimentador Roa /  S/EMacul;;;;;;;;;;;;;351062;6291113;19H;Solar Fotovoltaica;7;10/08/2026
SEN;SIC;GENERADORA ELÉCTRICA GAMI LTDA;;76.975.757-0;PMGD TER GAMI;En Operacion;29/06/2019;2019;Región de Los Lagos;San Pablo;;;;6;;Convencional;Petróleo Diesel;2,88;2,875;No;PMGD;SAESA;ID 3188 BA S/E OSORNO 23KV BP2;;;;;;;;;;;;;655337;5515655;18 H;Petróleo Diesel;14;10/08/2026
SEN;SIC;EMPRESA ELÉCTRICA LAGUNITAS SPA;;;PMGD TER GENERADORA LAGUNITAS;En Operacion;09/05/2022;2022;Región de Los Lagos;Puerto Montt;;;;1;;Convencional;Petróleo Diesel;2,545;2,5;No;PMGD;Sociedad Austral de Electricidad S.A.;Alimetnador El Tepual /  S/EMelipulli;;;;;;;;;;;;;666449;5409045;18G;Petróleo Diesel;14;10/08/2026
SEN;SIC;HBS ENERGÍA S.A.;;76.856.480-9;PMGD TER HBS;En Operacion;15/06/2011;2011;Región del Biobío;Los Ángeles;;;;1;;ERNC;Biomasa;1,1;1,1;Si;PMGD;CGE;EL AVELLANO 23 KV;;;;;;;;;;;;;734823,026;5870048,009;18H;Biomasa;10;10/08/2026
SEN;SIC;HBS ENERGÍA S.A.;;76.856.480-9;PMGD TER HBS GNL;En Operacion;01/09/2016;2016;Región del Biobío;Los Ángeles;;;;3;;Convencional;Gas Natural;3,5;3,3823;No;PMGD;CGE;EL AVELLANO 23 KV;;;;;;;;;;;;;734817,18;5870007,17;18H;Gas Natural;10;10/08/2026
SEN;SIC;ENERGÍA MORRO GUAYACÁN SPA;;;PMGD TER HOLLEY;En Operacion;12/01/2025;2025;Región Metropolitana de Santiago;Vitacura;;;;1;;ERNC;Solar;0,825;0,8;Sí;PMGD;Enel Distribución Chile S.A.;Los Leones /  S/EVitacura;;;;;;;;;;;;;350543,27;6301009,42;19H;Solar Fotovoltaica;7;10/08/2026
SEN;SIC;GENERADORA AZUL SPA;;;PMGD TER LAS DALIAS;En Operacion;15/06/2023;2023;Región de Los Lagos;Maullín;;;;1;;Convencional;Petróleo Diesel;3,01;3;No;PMGD;SAESA;Alimentador Misquihue /  S/EEl Empalme;;;;;;;;;;;;;644532;5392671;18G;Petróleo Diesel;14;10/08/2026
SEN;SIC;SAGESA S.A.;;99.528.750-1;PMGD TER LEBU;En Operacion;29/05/2007;2007;Región del Biobío;Lebu;;;;4;;Convencional;Petróleo Diesel;3,4;3,4;No;PMGD;CGE;S/E LEBU;;;;;;;;;;;;;617435,0271;5836026,037;18H;Petróleo Diesel;10;10/08/2026
SEN;SIC;ENERKEY SPA;;76.468.419-2;PMGD TER LEPANTO;En Operacion;31/07/2017;2017;Región Metropolitana de Santiago;San Bernardo;;;;1;;ERNC;Biogas;2;2;Si;PMGD;CGE;S/E SAN BERNARDO;;;;;;;;;;;;;345187,9725;6277779,991;19H;Biomasa;7;10/08/2026
SEN;SIC;EMPRESAS LIPIGAS S.A.;;96.928.510-K;PMGD TER LIPIGAS CONCON;En Operacion;23/11/2017;2017;Región de Valparaíso;Concón;;;;3;;Convencional;Gas Natural;6;6;No;PMGD;CHILQUINTA;ID 2917 BA S/E CONCON BP1;;;;;;;;;;;;;267020,15;6353874,01;19H;Gas Natural;6;10/08/2026
SEN;SIC;ELÉCTRICA NUEVA ENERGÍA S.A.;;76.045.612-8;PMGD TER LOMAS COLORADAS;En Operacion;17/09/2021;2021;Región del Biobío;Coronel;;;;1;;ERNC;Biomasa;3,2;3;Si;PMGD;CGE;Alimentador Lagunillas /  S/ELoma Colorada;;;;;;;;;;;;;664257,79;5910589,4;18 H;Biomasa;10;10/08/2026
SEN;SIC;SAGESA S.A.;;99.528.750-1;PMGD TER LONQUIMAY;En Operacion;21/07/2011;2011;Región de La Araucanía;Lonquimay;;;;2;;Convencional;Petróleo Diesel;1,2;1,2;No;PMGD;FRONTEL;S/E CURACAUTIN 13.2KV;Petróleo Diesel;0,2672;[Ton/MWh];;;;;;;;;;288088,58;5729875,78;19H;Petróleo Diesel;12;10/08/2026
SEN;SIC;SAGESA S.A.;;99.528.750-1;PMGD TER LOS ALAMOS;En Operacion;27/07/2013;2013;Región del Biobío;Los Álamos;;;;1;;Convencional;Petróleo Diesel;0,8;0,8;No;PMGD;FRONTEL;ALIMENTADOR TRES PINOS;Diesel;0,2416;[Ton/MWh];;;;;;;;;;639604,01;5834533,011;18H;Petróleo Diesel;10;10/08/2026
SEN;SIC;INMOBILIARIA AGUA MARINA S.A.;;;PMGD TER LOS ARRAYANES;En Operacion;05/10/2023;2023;Región Metropolitana de Santiago;Colina;;;;no aplica;;Convencional;Petróleo Diesel;3,015;3;No;PMGD;Enel Distribución Chile S.A.;S/E CHACABUCO D15;;;;;;;;;;;;;339591;6314064;19H;Petróleo Diesel;7;10/08/2026
SEN;SIC;BIO ENERGÍA LOS PINOS SPA;;76.472.359-7;PMGD TER LOS PINOS;En Operacion;05/12/2017;2017;Región del Biobío;Penco;;;;2;;ERNC;Biogas;3;3;Si;PMGD;CGE;ID 198 BA S/E PENCO 15KV;;;;;;;;;;;;;681621,91;5929310,09;18H;Biomasa;10;10/08/2026
SEN;SIC;ESPINOS S.A.;;76.925.800-0;PMGD TER LOS SAUCES;En Operacion;27/06/2019;2019;Región de La Araucanía;Los Sauces;;;;2;;Convencional;Petróleo Diesel;3;2,985;No;PMGD;FRONTEL;ID 1411 BA S/E LOS SAUCES 23KV BP1;;;;;;;;;;;;;690280;5793386;18 H;Petróleo Diesel;12;10/08/2026
SEN;SIC;SAGESA S.A.;;99.528.750-1;PMGD TER LOUSIANA PACIFIC;En Operacion;15/06/2009;2009;Región de Los Ríos;Panguipulli;;;;4;;Convencional;Petróleo Diesel;3;3;No;PMGD;SAESA;S/E PANGUIPULLI 23KV;Petróleo Diesel;0,2212485;[Ton/MWh];;;;;;;;;;716980,0094;5617922,98;18H;Petróleo Diesel;13;10/08/2026
SEN;SIC;SAGESA S.A.;;99.528.750-1;PMGD TER LOUSIANA PACIFIC II;En Operacion;21/02/2011;2011;Región de La Araucanía;Lautaro;;;;4;;Convencional;Petróleo Diesel;3;3;No;PMGD;FRONTEL;S/E LAUTARO;Petróleo Diesel;0,217074;[Ton/MWh];;;;;;;;;;720505,027;5731037,986;18H;Petróleo Diesel;12;10/08/2026
SEN;SIC;FIRME ENERGÍA SPA;;;PMGD TER MAYOR POWER;En Operacion;30/12/2024;2024;Región Metropolitana de Santiago;Buin;;;;5;;ERNC;Solar;3;3;Sí;PMGD;CGE;Los Guindos, S/E Buin;;;;;;;;;;;;;344528,45;6270896,75;19H;Solar Fotovoltaica;7;10/08/2026
SEN;SIC;GENERADORA LOS HIBISCOS SPA;;;PMGD TER MERCED;En Operacion;24/03/2023;2023;Región Metropolitana de Santiago;San Bernardo;;;;6;;Convencional;Petróleo Diesel;3,01;3;No;PMGD;CGE Distribución;Alimentador La Capilla /  S/ESan Bernardo;;;;;;;;;;;;;341989;6274588;19H;Petróleo Diesel;7;10/08/2026
SEN;SIC;GENERADORA MIMBRE SPA;;76.761.555-8;PMGD TER MIMBRE;En Operacion;15/02/2019;2019;Región del Libertador Gral. Bernardo O’Higgins;Chimbarongo;;;;6;;Convencional;Petróleo Diesel;3;2,985;No;PMGD;CGE;ID 153 BA S/E COLCHAGUA 15KV C1;;;;;;;;;;;;;316174,59;6161010,83;19 H;Petróleo Diesel;8;10/08/2026
SEN;SIC;BIO ENERGÍA MOLINA SPA;;76.256.837-3;PMGD TER MOLINA;En Operacion;08/11/2017;2017;Región del Maule;Molina;;;;1;;ERNC;Biogas;1;0,7;Si;PMGD;CGE;ID 2467 BA S/E MOLINA 13,2KV BP2;;;;;;;;;;;;;289175,02;6114373,96;19H;Biomasa;9;10/08/2026
SEN;SIC;ELEKTRA GENERACIÓN S.A.;;76.594.660-3;PMGD TER MONTE PATRIA;En Operacion;12/07/2007;2007;Región de Coquimbo;Monte Patria;;;;8;;Convencional;Petróleo Diesel;9;9;No;PMGD;CONAFE;S/E CENTRAL MONTE PATRIA;Petróleo Diesel;0,2817;[Ton/MWh];;;;;;;;;;313329,9999;6602431,014;19J;Petróleo Diesel;5;10/08/2026
SEN;SIC;SAGESA S.A.;;99.528.750-1;PMGD TER MULTIEXPORT;En Operacion;31/07/2009;2009;Región de Los Lagos;Puerto Montt;;;;1;;Convencional;Petróleo Diesel;0,8;0,8;No;PMGD;SAESA;S/E MELIPULLI 23KV;Petróleo Diesel;0,2212485;[Ton/MWh];;;;;;;;;;669196,0204;5407326,99;18G;Petróleo Diesel;14;10/08/2026
SEN;SIC;SAGESA S.A.;;99.528.750-1;PMGD TER MULTIEXPORT II;En Operacion;31/07/2009;2009;Región de Los Lagos;Puerto Montt;;;;2;;Convencional;Petróleo Diesel;1,6;1,6;No;PMGD;SAESA;S/E MELIPULLI 23KV;Petróleo Diesel;0,2212485;[Ton/MWh];;;;;;;;;;669030,0108;5407391,975;18G;Petróleo Diesel;14;10/08/2026
SEN;SIC;ORAFTI CHILE S.A.;;77.894.990-3;PMGD TER ORAFTI;En Operacion;27/02/2009;2009;Región de Ñuble;Pemuco;;;;3;;Convencional;Petróleo Diesel;8,2;7,2;No;PMGD;SAESA;Alimentador Bulnes /  S/ECabrero;;;;;;;;;;;;;736399,9982;5911781,032;18H;Petróleo Diesel;11;10/08/2026
SEN;SIC;ESPINOS S.A.;;76.925.800-0;PMGD TER PICOLTUE;En Operacion;27/06/2019;2019;Región del Biobío;Mulchén;;;;2;;Convencional;Petróleo Diesel;6;5,97;No;PMGD;FRONTEL;ID 1405 BA S/E PICOLTUE 23KV BP1;;;;;;;;;;;;;741708,3;5825138,87;18 H;Petróleo Diesel;10;10/08/2026
SEN;SIC;LLONQUÉN ENERGÍAS SPA;;;PMGD TER PRP CAMPESINA (EX ALDEA);En Operacion;21/10/2020;2020;Región de Los Ríos;La Unión;;;;6;;Convencional;Petróleo Diesel;2,99;2,99;No;PMGD;Sociedad Austral de Electricidad S.A.;52E4/A402 Aldea Campesina;;;;;;;;;;;;;669574;5535318;18 G;Petróleo Diesel;13;10/08/2026
SEN;SIC;LLONQUÉN ENERGÍAS SPA;;;PMGD TER PRP CHIFIN;En Operacion;07/10/2020;2020;Región de Los Lagos;Río Negro;;;;6;;Convencional;Petróleo Diesel;2,99;2,99;No;PMGD;Sociedad Austral de Electricidad S.A.;52E1/A475 Chifin -  S/ERio Negro;;;;;;;;;;;;;652196;5482998;18 G;Petróleo Diesel;14;10/08/2026
SEN;SIC;GENERSUR SPA;;;PMGD TER PRP LAS QUEMAS;En Operacion;05/06/2021;2021;Región de Los Lagos;Osorno;;;;9;;Convencional;Petróleo Diesel;9;9;No;PMGD;Sociedad Austral de Electricidad S.A.;Alimentador Con Con /  S/EBarro Blanco;;;;;;;;;;;;;661188;5502877;18H;Petróleo Diesel;14;10/08/2026
SEN;SIC;LLONQUÉN ENERGÍAS SPA;;;PMGD TER PRP LOS NEGROS;En Operacion;20/10/2020;2020;Región de Los Lagos;Osorno;;;;6;;Convencional;Petróleo Diesel;2,99;2,99;No;PMGD;Compañía Eléctrica Osorno S.A.;52E1/A424 LOSNEGROS;;;;;;;;;;;;;675017;5504479;18G;Petróleo Diesel;14;10/08/2026
SEN;SIC;MARVER SPA;;;PMGD TER PRP MARVER;En Operacion;23/07/2025;2025;Región de Los Lagos;Osorno;;;;9;;Convencional;Petróleo Diesel;9,01;9;No;PMGD;Sociedad Austral de Electricidad S.A.;ALIMENTADOR CAÑAL BAJO;;;;;;;;;;;;;668404;5502444;18G;Petróleo Diesel;14;10/08/2026
SEN;SIC;LLONQUÉN ENERGÍAS SPA;;;PMGD TER PRP MELIPULLI;En Operacion;15/01/2026;2026;Región de Los Ríos;Puerto Montt;;;;No aplica;;Convencional;Petróleo Diesel;9;9;No;PMGD;Sociedad Austral de Electricidad S.A.;ALIMENTADOR A561 SANGRA;;;;;;;;;;;;;668404;5502444;18G;Petróleo Diesel;13;10/08/2026
SEN;SIC;LLONQUÉN ENERGÍAS SPA;;;PMGD TER PRP RAPACO;En Operacion;21/10/2020;2020;Región de Los Ríos;La Unión;;;;6;;Convencional;Petróleo Diesel;2,99;2,99;No;PMGD;SAESA;S/E RAPACO;;;;;;;;;;;;;664105;5540381;18 H;Petróleo Diesel;13;10/08/2026
SEN;SIC;LLONQUÉN ENERGÍAS SPA;;;PMGD TER PRP TAMBORES;En Operacion;08/10/2020;2020;Región de Los Ríos;Río Bueno;;;;6;;Convencional;Petróleo Diesel;2,99;2,99;No;PMGD;Sociedad Austral de Electricidad S.A.;52E2/Alimentador Rio Bueno /  S/ETambores;;;;;;;;;;;;;670242;5532075;18G;Petróleo Diesel;13;10/08/2026
SEN;SIC;ELEKTRA GENERACIÓN S.A.;;76.594.660-3;PMGD TER PUNITAQUI;En Operacion;06/07/2007;2007;Región de Coquimbo;Punitaqui;;;;6;;Convencional;Petróleo Diesel;9;9;No;PMGD;CONAFE;S/E PUNITAQUI;Petróleo Diesel;0,2817;[Ton/MWh];;;;;;;;;;285760;6583984;19J;Petróleo Diesel;5;10/08/2026
SEN;SIC;GENERADORA LA CALERA SPA;;76.267.761-K;PMGD TER RAMADILLA;En Operacion;01/09/2018;2018;Región de Coquimbo;Los Vilos;;;;6;;Convencional;Petróleo Diesel;3;3;No;PMGD;CONAFE;S/E QUEREO;;;;;;;;;;;;;265785,12;6463594,72;19J;Petróleo Diesel;5;10/08/2026
SEN;SIC;ELÉCTRICA RASO POWER LTDA.;;76.426.029-5;PMGD TER RASO POWER;En Operacion;01/04/2016;2016;Región del Maule;Constitución;;;;5;;Convencional;Petróleo Diesel;8,48;8,48;No;PMGD;CGE;ID 565 BA S/E CONSTITUCIÓN 23KV BP1;;;;;;;;;;;;;738260,2;6080516,04;18H;Petróleo Diesel;9;10/08/2026
SEN;SIC;SAGESA S.A.;;99.528.750-1;PMGD TER REY;En Operacion;04/09/2016;2016;Región de Los Ríos;Corral;;;;1;;Convencional;Petróleo Diesel;0,8;0,78;No;PMGD;SAESA;ID 411 BA S/E CORRAL 13.2KV;;;;;;;;;;;;;635256,86;5582493,72;18H;Petróleo Diesel;13;10/08/2026
SEN;SIC;GENERADORA LA CALERA SPA;;76.267.761-K;PMGD TER RIO AZUL;En Operacion;30/08/2019;2019;Región de Los Lagos;Puerto Montt;;;;6;;Convencional;Petróleo Diesel;3;2,99;No;PMGD;SAESA;ID 1744 BA S/E ALTO BONITO 23KV;;;;;;;;;;;;;660485,67;5401306,61;18 G;Petróleo Diesel;14;10/08/2026
SEN;SIC;SALMOFOOD S.A.;;;PMGD TER SALMOFOOD;En Operacion;31/07/2009;2009;Región de Los Lagos;Castro;;;;1;;Convencional;Petróleo Diesel;1,6;1,6;No;PMGD;SAESA;S/E OSORNO 23 KV;;;;;;;;;;;;;601892,77;5307953,3;18G;Petróleo Diesel;14;10/08/2026
SEN;SIC;ENERGÍA GENERACIÓN SPA;;76.683.713-1;PMGD TER SEPULTURA;En Operacion;17/08/2018;2018;Región de Valparaíso;San Antonio;;;;6;;Convencional;Petróleo Diesel;3;2,985;No;PMGD;CGE;SE LEYDA;Petróleo Diesel;0,2353;[Kg/kWh];;;;;;;;;;277582,44;6277686,81;19H;Petróleo Diesel;6;10/08/2026
SEN;SIC;ROBERTO TAMM Y CIA LTDA.;;86.579.500-9;PMGD TER TAMM;En Operacion;11/03/2013;2013;Región del Libertador Gral. Bernardo O’Higgins;Chimbarongo;;;;1;;ERNC;Biogas;0,191;0,1815;No;PMGD;CGE;ALIMENTADOR TINGUIRIRICA;;;;;;;;;;;;;323017,0004;6161524,032;19H;Biomasa;8;10/08/2026
SEN;SIC;TECNORED S.A.;;77.302.440-5;PMGD TER TAPIHUE;En Operacion;27/08/2009;2009;Región de Valparaíso;Casablanca;;;;2;;Convencional;Gas Natural;6,4;6,4;No;PMGD;ENERGÍA CASABLANCA;S/E CASABLANCA;Gas Natural;0,293;[dam3/MWh];;;;;;;;;;277557,0082;6309276,069;19H;Gas Natural;6;10/08/2026
SEN;SIC;SAGESA S.A.;;99.528.750-1;PMGD TER TIRUA;En Operacion;21/07/2011;2011;Región del Biobío;Tirúa;;;;1;;Convencional;Petróleo Diesel;1,9;1,9;No;PMGD;FRONTEL;S/E TRES PINOS 13.2KV;Petróleo Diesel;0,2672;[Ton/MWh];;;;;;;;;;632464,9857;5757097,037;18H;Petróleo Diesel;10;10/08/2026
SEN;SIC;TOMAVAL GENERACIÓN S.A.;;76.171.705-7;PMGD TER TOMAVAL;En Operacion;01/04/2011;2011;Región de Valparaíso;La Cruz;;;;2;;Convencional;Petróleo Diesel;2,9;2,9;No;PMGD;CHILQUINTA;S/E SAN PEDRO;Petróleo Diesel;0,24;[m3/MWh];;;;;;;;;;291584,57;6362588,1;19H;Petróleo Diesel;6;10/08/2026
SEN;SIC;AGUAS ANDINAS S.A.;;76.078.231-9;PMGD TER TREBAL MAPOCHO;En Operacion;01/12/2012;2012;Región Metropolitana de Santiago;Padre Hurtado;;;;2;;ERNC;Biogas;9,284;9;Si;PMGD;CGE;ALIMENTADOR SANTA MARTA;;;;;;;;;;;;;329505,9799;6287289,052;19H;Biomasa;7;10/08/2026
SEN;SIC;SAGESA S.A.;;99.528.750-1;PMGD TER TRONGOL-CURANILAHUE;En Operacion;01/08/2012;2012;Región del Biobío;Curanilahue;;;;5;;Convencional;Petróleo Diesel;2,4;2,4;No;PMGD;FRONTEL;S/E CURANILAHUE;Diesel;0,2296;Ton/MWh;;;;;;;;;;648443,0269;5849287,983;18H;Petróleo Diesel;10;10/08/2026
SEN;SIC;ESPINOS S.A.;;76.925.800-0;PMGD TER YUMBEL;En Operacion;27/06/2019;2019;Región del Biobío;Yumbel;;;;2;;Convencional;Petróleo Diesel;3;2,985;No;PMGD;SAESA;ID 1207 BA S/E CABRERO 23KV BP1;;;;;;;;;;;;;717834,33;5887847,03;18 H;Petróleo Diesel;10;10/08/2026
SEN;SIC;GENERADORA ZAPALLAR SPA;;76.780.597-7;PMGD TER ZAPALLAR;En Operacion;15/02/2019;2019;Región del Maule;Curicó;;;;6;;Convencional;Petróleo Diesel;3;2,985;No;PMGD;CGE;Alimentador Zapallar S/E CURICO;;;;;;;;;;;;;296880,82;6125563,23;19 H;Petróleo Diesel;9;10/08/2026
SEN;SING;ENORCHILE S.A.;;96.774.300-3;PMGD TER ZOFRI;En Operacion;14/09/2018;2018;Región de Tarapacá;Iquique;;;;6;;Convencional;Petróleo Diesel;5,83;5,83;No;PMGD;CGE;S/E PALAFITOS 13,2KV;;;;;;;;;;;;;381947,75;7765268,95;19K;Petróleo Diesel;2;10/08/2026
SEM;PORVENIR;EDELMAG S.A.;Empresa Eléctrica de Magallanes S.A.;88221200-9;PORVENIR;En Operacion;01/01/1973;1973;Región de Magallanes y de la Antártica Chilena;Porvenir;;Motor diesel;1998;;MD Caterpillar 3508 (Unidad de respaldo);Convencional;Petróleo Diesel;0,72;0,648;No;;;Barra Porvenir;Petróleo diesel;;;;;;;;;;;;407981;4094384;19F;Petróleo Diesel;16;10/08/2026
SEM;PORVENIR;EDELMAG S.A.;Empresa Eléctrica de Magallanes S.A.;88221200-9;PORVENIR;En Operacion;01/01/1973;1973;Región de Magallanes y de la Antártica Chilena;Porvenir;;Motor diesel;1973;;MD Deutz (Unidad de respaldo);Convencional;Petróleo Diesel;0,2;0,18;No;;;Barra Porvenir;Petróleo diesel;;;;;;;;;;;;407981;4094384;19F;Petróleo Diesel;16;10/08/2026
SEM;PORVENIR;EDELMAG S.A.;Empresa Eléctrica de Magallanes S.A.;88221200-9;PORVENIR;En Operacion;01/01/1973;1973;Región de Magallanes y de la Antártica Chilena;Porvenir;;Motor diesel;1973;;MD Deutz (Unidad de respaldo);Convencional;Petróleo Diesel;0,2;0,18;No;;;Barra Porvenir;Petróleo diesel;;;;;;;;;;;;407981;4094384;18F;Petróleo Diesel;16;10/08/2026
SEM;PORVENIR;EDELMAG S.A.;Empresa Eléctrica de Magallanes S.A.;88221200-9;PORVENIR;En Operacion;01/01/1973;1973;Región de Magallanes y de la Antártica Chilena;Porvenir;;Motor a gas;1983;;MG Waukesha;Convencional;Gas Natural;0,88;0,792;No;;;Barra Porvenir;Gas natural;;;;;;;;;;;;407981;4094384;18F;Gas Natural;16;10/08/2026
SEM;PORVENIR;EDELMAG S.A.;Empresa Eléctrica de Magallanes S.A.;88221200-9;PORVENIR;En Operacion;01/01/1973;1973;Región de Magallanes y de la Antártica Chilena;Porvenir;;Motor diesel;1998;;MD Caterplillar 3512;Convencional;Petróleo Diesel;0,92;0,828;No;;;Barra Porvenir;Petróleo diesel;;;;;;;;;;;;407981;4094384;18F;Petróleo Diesel;16;10/08/2026
SEM;PORVENIR;EDELMAG S.A.;Empresa Eléctrica de Magallanes S.A.;88221200-9;PORVENIR;En Operacion;01/01/1973;1973;Región de Magallanes y de la Antártica Chilena;Porvenir;;Motor a gas;2003;;MG Waukesha;Convencional;Gas Natural;1,18;1,062;No;;;Barra Porvenir;Gas natural;;;;;;;;;;;;407981;4094384;18F;Gas Natural;16;10/08/2026
SEM;PORVENIR;EDELMAG S.A.;Empresa Eléctrica de Magallanes S.A.;88221200-9;PORVENIR;En Operacion;01/01/1973;1973;Región de Magallanes y de la Antártica Chilena;Porvenir;;Motor a gas;2006;;MG Waukesha;Convencional;Gas Natural;1,18;1,062;No;;;Barra Porvenir;Gas natural;;;;;;;;;;;;407981;4094384;18F;Gas Natural;16;10/08/2026
SEM;PORVENIR;EDELMAG S.A.;Empresa Eléctrica de Magallanes S.A.;88221200-9;PORVENIR;En Operacion;01/01/1973;1973;Región de Magallanes y de la Antártica Chilena;Porvenir;;Motor diesel;2008;;MD Palmero;Convencional;Petróleo Diesel;1,36;1,224;No;;;Barra Porvenir;Petróleo diesel;;;;;;;;;;;;407981;4094384;18F;Petróleo Diesel;16;10/08/2026
SEM;PORVENIR;EDELMAG S.A.;Empresa Eléctrica de Magallanes S.A.;88221200-9;PORVENIR;En Operacion;01/01/1973;1973;Región de Magallanes y de la Antártica Chilena;Porvenir;;Motor a gas;2010;;MG Caterpillar G3516;Convencional;Gas Natural;0,9;0,81;No;;;Barra Porvenir;Gas natural;;;;;;;;;;;;407981;4094384;18F;Gas Natural;16;10/08/2026
SEM;PORVENIR;EDELMAG S.A.;Empresa Eléctrica de Magallanes S.A.;88221200-9;PORVENIR;En Operacion;01/01/1973;1973;Región de Magallanes y de la Antártica Chilena;Porvenir;;Motor a gas;2012;;MG Jenbacher;Convencional;Gas Natural;1,42;1,278;No;;;Barra Porvenir;Gas natural;;;;;;;;;;;;407981;4094384;18F;Gas Natural;16;10/08/2026
SEM;PORVENIR;EDELMAG S.A.;Empresa Eléctrica de Magallanes S.A.;88221200-9;PORVENIR;En Operacion;01/01/1973;1973;Región de Magallanes y de la Antártica Chilena;Porvenir;;Motor diesel;2021;;MD Caterpillar 3516;Convencional;Petróleo Diesel;1,46;1,314;No;;;Barra Porvenir;Petróleo diesel;;;;;;;;;;;;407981;4094384;18F;Petróleo Diesel;16;10/08/2026
SEM;PORVENIR;EDELMAG S.A.;Empresa Eléctrica de Magallanes S.A.;88221200-9;PORVENIR;En Operacion;01/01/1973;1973;Región de Magallanes y de la Antártica Chilena;Porvenir;;Motor diesel;2021;;MD Cummins C2000D5;Convencional;Petróleo Diesel;1,5;1,35;No;;;Barra Porvenir;Petróleo diesel;;;;;;;;;;;;407981;4094384;18F;Petróleo Diesel;16;10/08/2026
SEM;PORVENIR;EDELMAG S.A.;Empresa Eléctrica de Magallanes S.A.;88221200-9;PORVENIR;En Operacion;01/01/1973;1973;Región de Magallanes y de la Antártica Chilena;Porvenir;;Motor diesel;2022;;MD Cummins C550-D5;Convencional;Petróleo Diesel;0,4;0,36;No;;;Barra Porvenir;Petróleo diesel;;;;;;;;;;;;407981;4094384;18F;Petróleo Diesel;16;10/08/2026
SEA;AYSEN;EDELAYSEN;Empresa Eléctrica de Aisén S.A.;88.272.600-2;PUERTO IBÁÑEZ;En Operacion;01/01/2015;2015;Región Aisén del Gral.Carlos Ibáñez del Campo;Río Ibáñez;G-5733;DIESEL;2015;;;Convencional;Petróleo Diesel;0,364;0,364;No;;;Alimentador Balmaceda;DIESEL;;;;;;;;;;;;734492,7879;4870459,806;18S;Petróleo Diesel;15;10/08/2026
SEM;PUERTO NATALES;EDELMAG S.A.;Empresa Eléctrica de Magallanes S.A.;88221200-9;PUERTO NATALES;En Operacion;01/01/1961;1961;Región de Magallanes y de la Antártica Chilena;Natales;;Mottor diesel;1961;;MD Motor F. Morse (Unidad de respaldo);Convencional;Petróleo Diesel;0,15;0,135;No;;;Barra Puerto Natales;Petróleo diesel;;;;;;;;;;;;674116;4265965;18F;Petróleo Diesel;16;10/08/2026
SEM;PUERTO NATALES;EDELMAG S.A.;Empresa Eléctrica de Magallanes S.A.;88221200-9;PUERTO NATALES;En Operacion;01/01/1961;1961;Región de Magallanes y de la Antártica Chilena;Natales;;Motor diesel;1961;;MD Motor F. Morse;Convencional;Petróleo Diesel;0,3;0,27;No;;;Barra Puerto Natales;Petróleo diesel;;;;;;;;;;;;674116;4265965;18F;Petróleo Diesel;16;10/08/2026
SEM;PUERTO NATALES;EDELMAG S.A.;Empresa Eléctrica de Magallanes S.A.;88221200-9;PUERTO NATALES;En Operacion;01/01/1961;1961;Región de Magallanes y de la Antártica Chilena;Natales;;Motor a gas;2001;;MG Waukesha;Convencional;Gas Natural;1,18;1,062;No;;;Barra Puerto Natales;Gas natural;;;;;;;;;;;;674116;4265965;18F;Gas Natural;16;10/08/2026
SEM;PUERTO NATALES;EDELMAG S.A.;Empresa Eléctrica de Magallanes S.A.;88221200-9;PUERTO NATALES;En Operacion;01/01/1961;1961;Región de Magallanes y de la Antártica Chilena;Natales;;Turbina a gas;1977;;TG Solar Saturno;Convencional;Gas Natural;0,8;0,72;No;;;Barra Puerto Natales;Gas natural;;;;;;;;;;;;674116;4265965;18F;Gas Natural;16;10/08/2026
SEM;PUERTO NATALES;EDELMAG S.A.;Empresa Eléctrica de Magallanes S.A.;88221200-9;PUERTO NATALES;En Operacion;01/01/1961;1961;Región de Magallanes y de la Antártica Chilena;Natales;;Turbina a gas;1977;;TG Solar Saturno;Convencional;Gas Natural;0,8;0,72;No;;;Barra Puerto Natales;Gas natural;;;;;;;;;;;;674116;4265965;18F;Gas Natural;16;10/08/2026
SEM;PUERTO NATALES;EDELMAG S.A.;Empresa Eléctrica de Magallanes S.A.;88221200-9;PUERTO NATALES;En Operacion;01/01/1961;1961;Región de Magallanes y de la Antártica Chilena;Natales;;Motor diesel;1996;;MD Caterpillar 3516;Convencional;Petróleo Diesel;1,5;1,35;No;;;Barra Puerto Natales;Petróleo diesel;;;;;;;;;;;;674116;4265965;18F;Petróleo Diesel;16;10/08/2026
SEM;PUERTO NATALES;EDELMAG S.A.;Empresa Eléctrica de Magallanes S.A.;88221200-9;PUERTO NATALES;En Operacion;01/01/1961;1961;Región de Magallanes y de la Antártica Chilena;Natales;;Motor a gas;2006;;MG Waukesha;Convencional;Gas Natural;1,18;1,062;No;;;Barra Puerto Natales;Gas natural;;;;;;;;;;;;674116;4265965;18F;Gas Natural;16;10/08/2026
SEM;PUERTO NATALES;EDELMAG S.A.;Empresa Eléctrica de Magallanes S.A.;88221200-9;PUERTO NATALES;En Operacion;01/01/1961;1961;Región de Magallanes y de la Antártica Chilena;Natales;;Motor a gas;2008;;MG Jembacher;Convencional;Gas Natural;1,42;1,278;No;;;Barra Puerto Natales;Gas natural;;;;;;;;;;;;674116;4265965;18F;Gas Natural;16;10/08/2026
SEM;PUERTO NATALES;EDELMAG S.A.;Empresa Eléctrica de Magallanes S.A.;88221200-9;PUERTO NATALES;En Operacion;01/01/1961;1961;Región de Magallanes y de la Antártica Chilena;Natales;;Motor diesel;2008;;MD Palmero;Convencional;Petróleo Diesel;1,36;1,224;No;;;Barra Puerto Natales;Petróleo diesel;;;;;;;;;;;;674116;4265965;18F;Petróleo Diesel;16;10/08/2026
SEM;PUERTO NATALES;EDELMAG S.A.;Empresa Eléctrica de Magallanes S.A.;88221200-9;PUERTO NATALES;En Operacion;01/01/1961;1961;Región de Magallanes y de la Antártica Chilena;Natales;;Motor a gas;2012;;MG Jembacher;Convencional;Gas Natural;1,42;1,278;No;;;Barra Puerto Natales;Gas natural;;;;;;;;;;;;674116;4265965;18F;Gas Natural;16;10/08/2026
SEM;PUERTO NATALES;EDELMAG S.A.;Empresa Eléctrica de Magallanes S.A.;88221200-9;PUERTO NATALES;En Operacion;01/01/1961;1961;Región de Magallanes y de la Antártica Chilena;Natales;;Motor diesel;2014;;MD CaterpillarB;Convencional;Petróleo Diesel;1,4;1,26;No;;;Barra Puerto Natales;Petróleo diesel;;;;;;;;;;;;674116;4265965;18F;Petróleo Diesel;16;10/08/2026
SEM;PUERTO NATALES;EDELMAG S.A.;Empresa Eléctrica de Magallanes S.A.;88221200-9;PUERTO NATALES;En Operacion;01/01/1961;1961;Región de Magallanes y de la Antártica Chilena;Natales;;Turbina a gas;2015;;TG Solar Centauro;Convencional;Gas Natural;3,52;3,168;No;;;Barra Puerto Natales;Gas natural;;;;;;;;;;;;674116;4265965;18F;Gas Natural;16;10/08/2026
SEM;PUERTO NATALES;EDELMAG S.A.;Empresa Eléctrica de Magallanes S.A.;88221200-9;PUERTO NATALES;En Operacion;01/01/1961;1961;Región de Magallanes y de la Antártica Chilena;Natales;;Motor a gas;2023;;MG Caterpilla G3512E;Convencional;Gas Natural;1;0,9;No;;;Barra Puerto Natales;Gas natural;;;;;;;;;;;;674116;4265965;18F;Gas Natural;16;10/08/2026
SEM;PUERTO WILLIAMS;EDELMAG S.A.;Empresa Eléctrica de Magallanes S.A.;88221200-9;PUERTO WILLIAMS;En Operacion;01/01/2005;2005;Región de Magallanes y de la Antártica Chilena;Cabo de Hornos;;Motor;2005;;Motor Caterpillar 3508B;Convencional;Petróleo Diesel;0,59;0,531;No;;;Barra Puerto Williams;Petróleo diesel;;;;;;;;;;;;591102;3911712;19F;Petróleo Diesel;16;10/08/2026
SEM;PUERTO WILLIAMS;EDELMAG S.A.;Empresa Eléctrica de Magallanes S.A.;88221200-9;PUERTO WILLIAMS;En Operacion;01/01/2005;2005;Región de Magallanes y de la Antártica Chilena;Cabo de Hornos;;Motor;2013;;Motor Caterpillar C-32;Convencional;Petróleo Diesel;0,8;0,72;No;;;Barra Puerto Williams;Petróleo diesel;;;;;;;;;;;;591102;3911712,02;19F;Petróleo Diesel;16;10/08/2026
SEM;PUERTO WILLIAMS;EDELMAG S.A.;Empresa Eléctrica de Magallanes S.A.;88221200-9;PUERTO WILLIAMS;En Operacion;01/01/2005;2005;Región de Magallanes y de la Antártica Chilena;Cabo de Hornos;;Motor;2012;;Motor Caterpillar C-18;Convencional;Petróleo Diesel;0,508;0,4572;No;;;Barra Puerto Williams;Petróleo diesel;;;;;;;;;;;;591102;3911712,04;19F;Petróleo Diesel;16;10/08/2026
SEM;PUERTO WILLIAMS;EDELMAG S.A.;Empresa Eléctrica de Magallanes S.A.;88221200-9;PUERTO WILLIAMS;En Operacion;01/01/2005;2005;Región de Magallanes y de la Antártica Chilena;Cabo de Hornos;;Motor;1999;;Motor Cummins (Unidad de respaldo);Convencional;Petróleo Diesel;0,25;0,225;No;;;Barra Puerto Williams;Petróleo diesel;;;;;;;;;;;;591102;3911712,06;19F;Petróleo Diesel;16;10/08/2026
SEM;PUERTO WILLIAMS;EDELMAG S.A.;Empresa Eléctrica de Magallanes S.A.;88221200-9;PUERTO WILLIAMS;En Operacion;01/01/2005;2005;Región de Magallanes y de la Antártica Chilena;Cabo de Hornos;;Motor;1999;;Motor Cummins (Unidad de respaldo);Convencional;Petróleo Diesel;0,25;0,225;No;;;Barra Puerto Williams;Petróleo diesel;;;;;;;;;;;;591102;3911712,08;19F;Petróleo Diesel;16;10/08/2026
SEM;PUERTO WILLIAMS;EDELMAG S.A.;Empresa Eléctrica de Magallanes S.A.;88221200-9;PUERTO WILLIAMS;En Operacion;01/01/2005;2005;Región de Magallanes y de la Antártica Chilena;Cabo de Hornos;;Motor;2006;;Motor Cummins Petbow;Convencional;Petróleo Diesel;0,25;0,225;No;;;Barra Puerto Williams;Petróleo diesel;;;;;;;;;;;;591102;3911712,1;19F;Petróleo Diesel;16;10/08/2026
SEM;PUNTA ARENAS;EDELMAG S.A.;Empresa Eléctrica de Magallanes S.A.;88221200-9;PUNTA ARENAS;En Operacion;01/01/1956;1956;Región de Magallanes y de la Antártica Chilena;Punta Arenas;;Motor Disel;1956;;MD Sulzer;Convencional;Petróleo Diesel;1,4;1,26;No;;;Barra Punta Arenas;Petróleo diesel;;;;;;;;;;;;372497;4108798;19F;Petróleo Diesel;16;10/08/2026
SEM;PUNTA ARENAS;EDELMAG S.A.;Empresa Eléctrica de Magallanes S.A.;88221200-9;PUNTA ARENAS;En Operacion;01/01/1956;1956;Región de Magallanes y de la Antártica Chilena;Punta Arenas;;Motor Diesel;1956;;MD Sulzer;Convencional;Petróleo Diesel;1,4;1,26;No;;;Barra Punta Arenas;Petróleo diesel;;;;;;;;;;;;372497;4108798;19F;Petróleo Diesel;16;10/08/2026
SEM;PUNTA ARENAS;EDELMAG S.A.;Empresa Eléctrica de Magallanes S.A.;88221200-9;PUNTA ARENAS;En Operacion;01/01/1956;1956;Región de Magallanes y de la Antártica Chilena;Punta Arenas;;Motor Disel;1956;;MD Sulzer;Convencional;Petróleo Diesel;1,4;1,26;No;;;Barra Punta Arenas;Petróleo diesel;;;;;;;;;;;;372497;4108798;19F;Petróleo Diesel;16;10/08/2026
SEM;PUNTA ARENAS;EDELMAG S.A.;Empresa Eléctrica de Magallanes S.A.;88221200-9;PUNTA ARENAS;En Operacion;01/01/1956;1956;Región de Magallanes y de la Antártica Chilena;Punta Arenas;;Turbina a gas;1972;;TG General Electric 3002 (Unidadde respaldo);Convencional;Gas Natural;6,7;6,03;No;;;Barra Punta Arenas;Gas Natural;;;;;;;;;;;;372497;4108798;19F;Gas Natural;16;10/08/2026
SEA;PALENA;EDELAYSEN;Empresa Eléctrica de Aisén S.A.;88.272.600-2;PUYUHUAPI;En Operacion;01/01/2008;2008;Región Aisén del Gral.Carlos Ibáñez del Campo;Cisnes;G-5514;DIESEL;2008;;;Convencional;Petróleo Diesel;0,292;0,292;No;;;Línea Media Tensión Puyuhuapi ;DIESEL;;;;;;;;;;;;694638,1256;4910251,205;18S;Petróleo Diesel;15;10/08/2026
SEA;PALENA;EDELAYSEN;Empresa Eléctrica de Aisén S.A.;88.272.600-2;RÍO AZUL;En Operacion;01/01/1987;1987;Región de Los Lagos;Palena;G-5133;pasada;1987;;;ERNC;Hidráulica Pasada;0,35;0,35;Si;;;Barra central Río Azul de Pto. Ramírez;;;;;;;;;;Turgo;0,35;146,53;736411,7968;4708077,994;18S;Mini Hidráulica de Pasada;14;10/08/2026
SEA;PALENA;EDELAYSEN;Empresa Eléctrica de Aisén S.A.;88.272.600-2;RÍO AZUL;En Operacion;01/01/1987;1987;Región de Los Lagos;Palena;G-5134;pasada;1987;;;ERNC;Hidráulica Pasada;0,35;0,35;Si;;;Barra central Río Azul de Pto. Ramírez;;;;;;;;;;Turgo;0,35;146,53;736411,7968;4708077,994;18S;Mini Hidráulica de Pasada;14;10/08/2026
SEA;PALENA;EDELAYSEN;Empresa Eléctrica de Aisén S.A.;88.272.600-2;RÍO AZUL;En Operacion;01/01/1987;1987;Región de Los Lagos;Palena;G-5135;pasada;1987;;;ERNC;Hidráulica Pasada;0,35;0,35;Si;;;Barra central Río Azul de Pto. Ramírez;;;;;;;;;;Turgo;0,35;146,53;736411,7968;4708077,994;18S;Mini Hidráulica de Pasada;14;10/08/2026
SEA;PALENA;EDELAYSEN;Empresa Eléctrica de Aisén S.A.;88.272.600-2;RÍO AZUL;En Operacion;01/01/1987;1987;Región de Los Lagos;Palena;G-5136;pasada;1987;;;ERNC;Hidráulica Pasada;0,35;0,35;Si;;;Barra central Río Azul de Pto. Ramírez;;;;;;;;;;Turgo;0,35;146,53;736411,7968;4708077,994;18S;Mini Hidráulica de Pasada;14;10/08/2026
SEN;SING;AES GENER;AES GENER S.A.;94.272.000-9;SALTA;En Operacion;23/12/1999;1999;Salta (Argentina);Cobos;CC SALTA;Gas Natural;;;;Convencional;Gas Natural;380;380;No;;;Central Salta 345 kV;Gas Natural ;0;m3/kWh;Diesel;0;m3/kWh;;;;;;;292534;7261547;19;Gas Natural;;10/08/2026
SEA;AYSEN;EDELAYSEN;Empresa Eléctrica San Víctor SA;76.363.971-1;SAN VÍCTOR;En Operacion;01/01/2022;2022;Región Aisén del Gral.Carlos Ibáñez del Campo;Aisén;G;pasada;2022;;;ERNC;Hidráulica Pasada;3;3;Si;;;Derivacion Sector Viviana - Alimentador Interconexión Coyhaique - Aysén;;;;;;;;;;Pelton;1,2;296;701142,73;4976966,64;18S;Mini Hidráulica de Pasada;15;10/08/2026
SEA;PALENA;EDELAYSEN;Empresa Eléctrica de Aisén S.A.;88.272.600-2;SANTA BARBARA(CHAITÉN);En Operacion;01/01/2010;2010;Región de Los Lagos;Palena;G-5776;DIESEL;2019;;;Convencional;Petróleo Diesel;0,8;0,8;No;;;Alimentador Chaiten;DIESEL;;;;;;;;;;;;679792,9;5253541,69;18G;Petróleo Diesel;14;10/08/2026
SEA;PALENA;EDELAYSEN;Empresa Eléctrica de Aisén S.A.;88.272.600-2;SANTA BARBARA;En Operacion;01/01/2010;2010;Región de Los Lagos;Palena;G-5146;DIESEL;2020;;;Convencional;Petróleo Diesel;0,36;0,36;No;;;Alimentador Chaiten;DIESEL;;;;;;;;;;;;679792,9;5253541,69;18G;Petróleo Diesel;14;10/08/2026
SEA;PALENA;EDELAYSEN;Empresa Eléctrica de Aisén S.A.;88.272.600-2;SANTA BARBARA;En Operacion;01/01/2010;2010;Región de Los Lagos;Palena;G-5859;DIESEL;2020;;;Convencional;Petróleo Diesel;0,89;0,89;No;;;Alimentador Chaiten;DIESEL;;;;;;;;;;;;679792,9;5253541,69;18G;Petróleo Diesel;14;10/08/2026
SEA;PALENA;EDELAYSEN;Empresa Eléctrica de Aisén S.A.;88.272.600-2;SANTA BARBARA;En Operacion;01/01/2010;2010;Región de Los Lagos;Palena;G-5872;DIESEL;2020;;;Convencional;Petróleo Diesel;0,508;0,508;No;;;Alimentador Chaiten;DIESEL;;;;;;;;;;;;679792,9;5253541,69;18G;Petróleo Diesel;14;10/08/2026
SEA;AYSEN;EDELAYSEN;Empresa Eléctrica de Aisén S.A.;88.272.600-2;TEHUELCHE PROVISORIA;En Operacion;01/01/2022;2022;Región Aisén del Gral.Carlos Ibáñez del Campo;Coihaique;G-5637;DIESEL;2022;;;Convencional;Petróleo Diesel;1,6;1,6;No;;;Barra central Tehuelche de Coyhaique;DIESEL;;;;;;;;;;;;725912,1185;5056449,841;18S;Petróleo Diesel;15;10/08/2026
SEA;AYSEN;EDELAYSEN;Empresa Eléctrica de Aisén S.A.;88.272.600-2;TEHUELCHE PROVISORIA;En Operacion;01/01/2022;2022;Región Aisén del Gral.Carlos Ibáñez del Campo;Coihaique;G-5638;DIESEL;2023;;;Convencional;Petróleo Diesel;1,6;1,6;No;;;Barra central Tehuelche de Coyhaique;DIESEL;;;;;;;;;;;;725912,1185;5056449,841;18S;Petróleo Diesel;15;10/08/2026
SEA;AYSEN;EDELAYSEN;Empresa Eléctrica de Aisén S.A.;88.272.600-2;TEHUELCHE PROVISORIA;En Operacion;01/01/2022;2022;Región Aisén del Gral.Carlos Ibáñez del Campo;Coihaique;G-5641;DIESEL;2022;;;Convencional;Petróleo Diesel;1,6;1,6;No;;;Barra central Tehuelche de Coyhaique;DIESEL;;;;;;;;;;;;725912,1185;5056449,841;18S;Petróleo Diesel;15;10/08/2026
SEA;AYSEN;EDELAYSEN;Empresa Eléctrica de Aisén S.A.;88.272.600-2;TEHUELCHE PROVISORIA;En Operacion;01/01/2022;2022;Región Aisén del Gral.Carlos Ibáñez del Campo;Coihaique;G-5642;DIESEL;2022;;;Convencional;Petróleo Diesel;1,6;1,6;No;;;Barra central Tehuelche de Coyhaique;DIESEL;;;;;;;;;;;;725912,1185;5056449,841;18S;Petróleo Diesel;15;10/08/2026
SEA;AYSEN;EDELAYSEN;Empresa Eléctrica de Aisén S.A.;88.272.600-2;TEHUELCHE;En Operacion;01/01/1993;1993;Región Aisén del Gral.Carlos Ibáñez del Campo;Coihaique;G-5102;DIESEL;1994;;;Convencional;Petróleo Diesel;1,915;1,915;No;;;Barra central Tehuelche de Coyhaique;DIESEL;;;;;;;;;;;;725912,1185;5056449,841;18S;Petróleo Diesel;15;10/08/2026
SEA;AYSEN;EDELAYSEN;Empresa Eléctrica de Aisén S.A.;88.272.600-2;TEHUELCHE;En Operacion;01/01/1993;1993;Región Aisén del Gral.Carlos Ibáñez del Campo;Coihaique;G-5147;DIESEL;2015;;;Convencional;Petróleo Diesel;1,6;1,6;No;;;Barra central Tehuelche de Coyhaique;DIESEL;;;;;;;;;;;;725912,1185;5056449,841;18S;Petróleo Diesel;15;10/08/2026
SEA;AYSEN;EDELAYSEN;Empresa Eléctrica de Aisén S.A.;88.272.600-2;TEHUELCHE;En Operacion;01/01/1993;1993;Región Aisén del Gral.Carlos Ibáñez del Campo;Coihaique;G-5748;DIESEL;2017;;;Convencional;Petróleo Diesel;2,08;1,8;No;;;Barra central Tehuelche de Coyhaique;DIESEL;;;;;;;;;;;;725912,1185;5056449,841;18S;Petróleo Diesel;15;10/08/2026
SEA;AYSEN;EDELAYSEN;Empresa Eléctrica de Aisén S.A.;88.272.600-2;TEHUELCHE;En Operacion;01/01/1993;1993;Región Aisén del Gral.Carlos Ibáñez del Campo;Coihaique;G-5806;DIESEL;2020;;;Convencional;Petróleo Diesel;2,84;2,84;No;;;Barra central Tehuelche de Coyhaique;DIESEL;;;;;;;;;;;;725912,1185;5056449,841;18S;Petróleo Diesel;15;10/08/2026
SEA;AYSEN;EDELAYSEN;Empresa Eléctrica de Aisén S.A.;88.272.600-2;TEHUELCHE;En Operacion;01/01/1993;1993;Región Aisén del Gral.Carlos Ibáñez del Campo;Coihaique;G-5807;DIESEL;2020;;;Convencional;Petróleo Diesel;2,84;2,84;No;;;Barra central Tehuelche de Coyhaique;DIESEL;;;;;;;;;;;;725912,1185;5056449,841;18S;Petróleo Diesel;15;10/08/2026
SEN;SIC;ENAP REFINERIAS S.A. - ACONCAGUA;;87.756.500-9;TER ACONCAGUA;En Operacion;02/10/2020;2020;Región de Valparaíso;Concón;;;;1;;Convencional;Gas Natural;27,31;26,29;No;;NO APLICA;ID 3224 BA S/E MAUCO 110KV BP1;;;;;;;;;;;;;266937,2;6353923,14;19 H;Gas Natural;6;10/08/2026
SEN;SING;ON-GROUP S.A.;;96.827.870-3;TER AGUAS BLANCAS;En Operacion;04/06/2013;2013;Región de Antofagasta;Antofagasta;;;;1;;Convencional;Petróleo Diesel;1,827;1,827;No;PMG;NO APLICA;AGUAS BLANCAS;Diesel;0,0003088;m3/kWh;Carbón;0,4008;kg/kWh;;;;;;;412159,1;7330505,14;19J;Petróleo Diesel;3;10/08/2026
SEN;SIC;ANDES GENERACIÓN SPA;;76.203.788-2;TER ANDES GENERACION;En Operacion;17/05/2016;2016;Región de Atacama;Diego de Almagro;;;;4;;Convencional;Petróleo Diesel;35,141;34,096;No;;NO APLICA;S/E DIEGO DE ALMAGRO 110KV;;;;;;;;;;;;;395897,9556;7078937,987;19J;Petróleo Diesel;4;10/08/2026
SEN;SING;ENGIE ENERGÍA CHILE S.A.;;76.708.710-1;TER ANDINA;En Operacion;15/07/2011;2011;Región de Antofagasta;Mejillones;;;;1;;Convencional;Carbón;176,6;161,15;No;;NO APLICA;S/E CHACAYA 220KV;;;;;;;;;;;;;355904,6594;7446095,274;19K;Carbón;3;10/08/2026
SEN;SING;EMPRESA ELÉCTRICA ANGAMOS SPA;;76.004.976-K;TER ANGAMOS;En Operacion;11/04/2011;2011;Región de Antofagasta;Mejillones;;;;2;;Convencional;Carbón;558,175;506,183;No;;NO APLICA;S/E ANGAMOS 220KV;;;;;;;;;;;;;359738,4123;7448524,703;19K;Carbón;3;10/08/2026
SEN;SIC;GENERADORA ANTILHUE SPA;;76.009.904-K;TER ANTILHUE;En Operacion;07/01/2005;2005;Región de Los Ríos;Valdivia;;;;2;;Convencional;Petróleo Diesel;95,923;94,403;No;;NO APLICA;S/E ANTILHUE 220KV;;;;;;;;;;;;;655366,5373;5592768,421;18H;Petróleo Diesel;13;10/08/2026
SEN;SIC;CELULOSA ARAUCO Y CONSTITUCIÓN S.A.;;93.458.000-1;TER ARAUCO;En Operacion;10/04/1996;1996;Región del Biobío;Arauco;;;;2;;ERNC;Biomasa;67;57;Si;;NO APLICA;S/E PLANTA ARAUCO 66KV;;;;;;;;;;;;;657411,07;5880425,25;18H;Biomasa;10;10/08/2026
SEN;SIC;CELULOSA ARAUCO Y CONSTITUCIÓN S.A.;;;TER ARAUCO MAPA;En Operacion;16/09/2025;2025;Región del Biobío;Arauco;;;;2;;ERNC;Biomasa;244,25;145,43;Si;;NO APLICA;S/E PLANTA ARAUCO 220 kV;;;;;;;;;;;;;658144;5881300;18H;Biomasa;10;10/08/2026
SEN;SING;ENGIE ENERGÍA CHILE S.A.;;88.006.900-4;TER ARICA;En Operacion;31/07/1953;1953;Región de Arica y Parinacota;Arica;;;;3;;Convencional;Petróleo Diesel;10,327;10,521;No;;NO APLICA;S/E CENTRAL DIESEL ARICA 66KV;;;;;;;;;;;;;362453;7957634,01;19K;Petróleo Diesel;1;10/08/2026
SEN;SING;ENEL GENERACIÓN CHILE S.A.;;91.081.000-6;TER ATACAMA;En Operacion;15/09/1999;1999;Región de Antofagasta;Mejillones;;;;6;;Convencional;Gas Natural;732,115;716,386;No;;NO APLICA;S/E ATACAMA 220 KV;;;;;;;;;;;;;354842;7445724,011;19H;Gas Natural;3;10/08/2026
SEN;SIC;SAGESA S.A.;;99.528.750-1;TER CALLE CALLE;En Operacion;28/04/2011;2011;Región de Los Ríos;Valdivia;;;;5;;Convencional;Petróleo Diesel;11,68;11,6;No;PMG;NO APLICA;S/E CENTRAL CALLE CALLE 0.4 KV;Petróleo Diesel;0,22815;[Ton/MWh];;;;;;;;;;655073,38;5592887,94;18H;Petróleo Diesel;13;10/08/2026
SEN;SIC;EMPRESA ELÉCTRICA VENTANAS SPA;;76.008.306-2;TER CAMPICHE;En Operacion;15/03/2013;2013;Región de Valparaíso;Puchuncaví;;;;1;;Convencional;Carbón;269,66;248,59;No;;NO APLICA;S/E VENTANAS 220 KV;Carbón;0,38;[Ton/MWh];;;;;;;;;;267333,8446;6373888,113;19H;Carbón;6;10/08/2026
SEN;SIC;COLBÚN S.A.;;96.505.760-9;TER CANDELARIA;En Operacion;02/05/2005;2005;Región del Libertador Gral. Bernardo O’Higgins;Mostazal;;;;2;;Convencional;Gas Natural;239,4;237,6;No;;NO APLICA;S/E CANDELARIA 220KV;;;;;;;;;;;;;351019,9802;6232915,014;19H;Gas Natural;8;10/08/2026
SEN;SIC;CENTRAL CARDONES S.A.;;76.550.580-1;TER CARDONES;En Operacion;04/07/2009;2009;Región de Atacama;Copiapó;;;;1;;Convencional;Petróleo Diesel;150,239;148,677;No;;NO APLICA;CENTRAL CARDONES;Petróleo Diesel;0,239;[Ton/MWh];;;;;;;;;;363119;6958777;19 J;Petróleo Diesel;4;10/08/2026
SEN;SIC;CELULOSA ARAUCO Y CONSTITUCIÓN S.A.;;93.458.000-1;TER CELCO;En Operacion;31/07/1996;1996;Región del Maule;Constitución;;;;1;;ERNC;Biomasa-Petróleo N°6;8;8;No;PMG;NO APLICA;S/E CONSTITUCION 66KV;;;;;;;;;;;;;734849,9773;6087723,968;18H;Biomasa;9;10/08/2026
SEN;SIC;NUEVO AMANECER FZ SPA;;76.115.484-2;TER CEMENTOS BIO BIO CENTRO;En Operacion;14/12/2010;2010;Región del Maule;Teno;;;;8;;Convencional;Petróleo Diesel;12,46;12,08;No;;NO APLICA;S/E CEMENTOS BIO BIO CENTRO 13,2KV;Petróleo Diesel ;0,192;[Ton/MWh];Petróleo FO6;0,218;[Ton/MWh];;;;;;;304098,3;6139650,2;19H;Petróleo Diesel;9;10/08/2026
SEN;SIC;ELÉCTRICA CENIZAS S.A.;;76.819.440-8;TER CENIZAS;En Operacion;31/07/2009;2009;Región de Atacama;Copiapó;;;;1;;Convencional;Petróleo Diesel;15,2545;14,0667;No;;NO APLICA;S/E CARDONES 110KV B1;Petróleo Diesel;0,2303;[Ton/MWh];;;;;;;;;;362486,76;6959148,91;19J;Petróleo Diesel;4;10/08/2026
SEN;SIC;PRIME ENERGÍA QUICKSTART SPA;;;TER CHAGUAL;En Operacion;27/08/2021;2021;Región de Coquimbo;Los Vilos;;;;56;;Convencional;Petróleo Diesel;103,2528;102,1888;No;;NO APLICA;LOS CONDORES - LOS VILOS 220KV C1;;;;;;;;;;;;;265810,9;6463355,56;19;Petróleo Diesel;5;10/08/2026
SEN;SIC;ELEKTRA GENERACIÓN S.A.;;76.594.660-3;TER CHILOE;En Operacion;16/07/2008;2008;Región de Los Lagos;Quellón;;;;9;;Convencional;Petróleo Diesel;9,227;9,056;No;PMG;NO APLICA;S/E QUELLON 23KV;Petróleo Diesel;0,281746032;[Ton/MWh];;;;;;;;;;612679,9727;5228107,067;18G;Petróleo Diesel;14;10/08/2026
SEN;SIC;MADERAS ARAUCO S.A.;;96.510.970-6;TER CHOLGUAN;En Operacion;06/06/2003;2003;Región de Ñuble;Yungay;;;;1;;ERNC;Biomasa-Petróleo N°6;13;13;No;;NO APLICA;S/E CHARRUA 66KV;;;;;;;;;;;;;760396,0241;5882809,055;18H;Biomasa;11;10/08/2026
SEN;SIC;SAGESA S.A.;;99.528.750-1;TER CHUYACA;En Operacion;11/05/2009;2009;Región de Los Lagos;Osorno;;;;8;;Convencional;Petróleo Diesel;14,24;13,28;No;;NO APLICA;S/E CENTRAL CHUYACA 66KV;;;;;;;;;;;;;661790,9885;5506258,98;18G;Petróleo Diesel;14;10/08/2026
SEN;SIC;CMPC MADERAS SPA;;;TER CMPC BUCALEMU;En Operacion;31/07/1995;1995;Región del Biobío;Cabrero;;;;2;;ERNC;Biomasa;12,6;11,466;Sí;;NO APLICA;S/E BUCALEMU 66KV;;;;;;;;;;;;;730075,32;5883248,26;18H;Biomasa;10;10/08/2026
SEN;SIC;PAPELES CORDILLERA SPA;;76.188.197-3;TER CMPC CORDILLERA;En Operacion;25/04/2016;2016;Región Metropolitana de Santiago;Puente Alto;;;;1;;Convencional;Gas Natural;52,93;51,85;No;;NO APLICA;S/E PUENTE ALTO CMPC 110KV;Gas Natural;116,38;[m3n/MWh];;;;;;;;;;355416,0245;6280267,973;19H;Gas Natural;7;10/08/2026
SEN;SIC;CMPC PULP SPA;;76.188.197-3;TER CMPC LAJA;En Operacion;01/05/2013;2013;Región del Biobío;Laja;;;;2;;ERNC;Biomasa;88,737;40,447;Si;;NO APLICA;S/E  CELULOSA LAJA 220KV;Biomasa;4,9;m3e/MWh;Biomasa;5;m3e/MWh;Biomasa;5;m3e/MWh;;;;702871,0407;5870553,018;18H;Biomasa;10;10/08/2026
SEN;SIC;CMPC PULP SPA;;76.188.197-3;TER CMPC PACIFICO;En Operacion;01/01/2014;2014;Región de La Araucanía;Collipulli;;;;3;;ERNC;Biomasa;33;33;Si;;NO APLICA;S/E CELULOSA PACIFICO 220KV;;;;;;;;;;;;;721307,5731;5814485,467;18H;Biomasa;12;10/08/2026
SEN;SIC;CMPC PULP SPA;;76.188.197-3;TER CMPC SANTA FE;En Operacion;10/04/2015;2015;Región del Biobío;Nacimiento;;;;3;;ERNC;Biomasa;5;5;Si;PMG;NO APLICA;S/E NACIMIENTO 220 KV;;;;;;;;;;;;;707137,316;5845367,351;18H;Biomasa;10;10/08/2026
SEN;SIC;CMPC TISSUE S.A.;;76.188.197-3;TER CMPC TISSUE;En Operacion;16/06/2016;2016;Región Metropolitana de Santiago;Talagante;;;;1;;Convencional;Gas Natural;3,9;3,9;No;PMG;NO APLICA;S/E ISLA DE MAIPO 66 KV;;;;;;;;;;;;;320389,9603;6268580,057;19H;Gas Natural;7;10/08/2026
SEN;SING;AES ANDES S.A.;;76.085.254-6;TER COCHRANE;En Operacion;09/07/2016;2016;Región de Antofagasta;Mejillones;;;;2;;Convencional;Carbón;549,719;489,603;No;;NO APLICA;S/E COCHRANE 220KV;;;;;;;;;;;;;360063,3462;7448864,72;19K;Carbón;3;10/08/2026
SEN;SIC;CENTRAL COLMITO S.A.;;76.326.949-3;TER COLMITO;En Operacion;18/08/2008;2008;Región de Valparaíso;Concón;;;;1;;Convencional;Petróleo Diesel;58,261;57,874;No;;NO APLICA;S/E COLMITO 110KV;Petróleo Diesel;0,24828;[Ton/MWh];GNL;9,72;[MMBtu/MWh];;;;;;;268676,0004;6353715,988;19H;Petróleo Diesel;6;10/08/2026
SEN;SIC;PRIME ENERGÍA QUICKSTART SPA;;;TER COMBARBALA;En Operacion;15/09/2021;2021;Región de Coquimbo;Combarbalá;;;;42;;Convencional;Petróleo Diesel;77,72;75,97;No;;NO APLICA;ID201 - TAP ESTRUCTURA N°248;;;;;;;;;;;;;303233,9999;6485793,015;19J;Petróleo Diesel;5;10/08/2026
SEN;SIC;TECNORED S.A.;;77.302.440-5;TER CONCON;En Operacion;23/04/2007;2007;Región de Valparaíso;Concón;;;;3;;Convencional;Petróleo Diesel;2,489;2,489;No;PMG;NO APLICA;S/E CONCON 12kV;Petróleo Diesel;0,284;[m3/MWh];;;;;;;;;;268663,9816;6353411,002;19H;Petróleo Diesel;6;10/08/2026
SEN;SIC;ELEKTRA GENERACIÓN S.A.;;76.594.660-3;TER CONSTITUCION;En Operacion;06/06/2007;2007;Región del Maule;Constitución;;;;6;;Convencional;Petróleo Diesel;9,593;9,012;No;PMG;NO APLICA;S/E CONSTITUCION 23KV;Petróleo Diesel;0,281746032;[Ton/MWh];;;;;;;;;;735611,9866;6083902,072;18H;Petróleo Diesel;9;10/08/2026
SEN;SIC;SAGESA S.A.;;99.528.750-1;TER CORONEL;En Operacion;01/05/2005;2005;Región del Biobío;Coronel;;;;1;;Convencional;Gas Natural;45,4;44,765;No;;NO APLICA;S/E CENTRAL CORONEL 66KV;Gas Natural;0,2757;[dam3/MWh];Petróleo Diesel;0,22815;[Ton/MWh];;;;;;;663028,9679;5907159,013;18H;Gas Natural;10;10/08/2026
SEN;SIC;GENERACIÓN DE ENERGÍA NUEVA DEGAN SPA;;76.265.287-0;TER DEGAÑ;En Operacion;04/07/2007;2007;Región de Los Lagos;Ancud;;;;20;;Convencional;Petróleo Diesel;32,77;31,995;No;;NO APLICA;S/E DEGAÑ 110KV;Petróleo Diesel;0,2187438;[Ton/MWh];;;;;;;;;;606245,22;5333313,72;18G;Petróleo Diesel;14;10/08/2026
SEN;SIC;GENERACIÓN DE ENERGÍA NUEVA DEGAN SPA;;;TER DEGAÑ 2;En Operacion;05/06/2018;2018;Región de Los Lagos;Ancud;;;;10;;Convencional;Petróleo Diesel;19,198;18,818;No;;NO APLICA;ID2078 - S/E CENTRAL DEGAÑ 2;;;;;;;;;;;;;606267;5333310;18G;Petróleo Diesel;14;10/08/2026
SEN;SIC;ELÉCTRICA MOKA SPA;;91.081.000-6;TER DIEGO DE ALMAGRO;En Operacion;31/07/1981;1981;Región de Atacama;Diego de Almagro;;;;1;;Convencional;Petróleo Diesel;23,8;23,6691;No;;NO APLICA;S/E DIEGO DE ALMAGRO 110 KV B2;Petróleo Diesel;0,337;[Ton/MWh];;;;;;;;;;396336;7079732;19J;Petróleo Diesel;4;10/08/2026
SEN;SIC;ENLASA GENERACIÓN CHILE S.A.;;76.009.328-9;TER EL PEÑON;En Operacion;23/07/2009;2009;Región de Coquimbo;Coquimbo;;;;58;;Convencional;Petróleo Diesel;81;80,838;No;;NO APLICA;S/E CENTRAL LAS PIEDRAS 23KV;Petróleo Diesel;0,2193;[Ton/MWh];;;;;;;;;;285208,37;6663361,23;19J;Petróleo Diesel;5;10/08/2026
SEN;SIC;ASESORÍAS G-51 SPA;;96.903.720-3;TER EL SALVADOR;En Operacion;06/08/2010;2010;Región de Atacama;Diego de Almagro;;;;1;;Convencional;Petróleo Diesel;17,753;17,702;No;;NO APLICA;S/E DIEGO DE ALMAGRO 110 B1;Petróleo Diesel;0,337;[Ton/MWh];;;;;;;;;;396504,6503;7079442,121;19J;Petróleo Diesel;4;10/08/2026
SEN;SIC;TECNORED S.A.;;77.302.440-5;TER EL TOTORAL;En Operacion;07/04/2008;2008;Región de Valparaíso;El Quisco;;;;3;;Convencional;Petróleo Diesel;3,103;3,103;No;PMG;NO APLICA;ID 1079 BA S/E EL TOTORAL 12KV BP1;Petróleo Diesel;0,278;[m3/MWh];;;;;;;;;;254844;6298187;19 H;Petróleo Diesel;6;10/08/2026
SEN;SIC;EMPRESA ELÉCTRICA DIEGO DE ALMAGRO SPA;;76.004.337-0;TER EMELDA;En Operacion;25/06/2010;2010;Región de Atacama;Diego de Almagro;;;;2;;Convencional;Petróleo Diesel;73,114;71,51;No;;NO APLICA;ID 1777 BA S/E CENTRAL EMELDA 110KV BP1;;;;;;;;;;;;;398023,969;7081793,011;19 J;Petróleo Diesel;4;10/08/2026
SEN;SIC;ENERGÍA PACÍFICO S.A.;;76.004.531-4;TER ENERGIA PACIFICO;En Operacion;01/04/2014;2014;Región del Libertador Gral. Bernardo O’Higgins;Mostazal;;;;1;;ERNC;Biomasa;15,6;14,3052;Si;;NO APLICA;S/E MOSTAZAL 66KV;Biomasa;4,88;[m3/MWh];;;;;;;;;;343191,0371;6238577,046;19H;Biomasa;8;10/08/2026
SEN;SIC;ELÉCTRICA NUEVA ENERGÍA S.A.;;76.045.612-8;TER ESCUADRON;En Operacion;06/03/2008;2008;Región del Biobío;Coronel;;;;2;;ERNC;Biomasa;14,2;12,4541;Si;;NO APLICA;S/E FPC 6KV;;;;;;;;;;;;;664254,033;5910749,98;18H;Biomasa;10;10/08/2026
SEN;SIC;ENORCHILE S.A.;;96.774.300-3;TER ESPERANZA;En Operacion;27/06/2007;2007;Región del Libertador Gral. Bernardo O’Higgins;Requínoa;;;;3;;Convencional;Petróleo Diesel;19,3911;19,2546;No;;NO APLICA;S/E MINERA VALLE CENTRAL 4,16KV B1;;;;;;;;;;;;;345751,92;6209913,404;19H;Petróleo Diesel;8;10/08/2026
SEN;SIC;GUACOLDA ENERGÍA SPA;;76.418.918-3;TER GUACOLDA;En Operacion;31/07/1995;1995;Región de Atacama;Huasco;;;;5;;Convencional;Carbón - Petcoke;763,788;702,659;No;;NO APLICA;S/E GUACOLDA 220KV;;;;;;;;;;;;;278994,0486;6848950,993;19J;Carbón;4;10/08/2026
SEN;SIC;ARAUCO BIOENERGÍA SPA;;96.547.510-9;TER HORCONES;En Operacion;22/09/2004;2004;Región del Biobío;Arauco;;;;1;;Convencional;Petróleo Diesel;24,3;24,3;No;;NO APLICA;S/E CENTRAL HORCONES 66KV;Petróleo Diesel;0,418;[m3/MWh];Gas Natural;15,55;[Mmbtu/MWh];;;;;;;658246,0001;5880178,014;18H;Petróleo Diesel;10;10/08/2026
SEN;SING;INVERSIONES HORNITOS SPA;;76.009.698-9;TER HORNITOS;En Operacion;05/08/2011;2011;Región de Antofagasta;Mejillones;;;;1;;Convencional;Carbón;174,26;157,61;No;;NO APLICA;S/E CHACAYA 220KV;;;;;;;;;;;;;355831,6528;7446059,468;19K;Carbón;3;10/08/2026
SEN;SIC;GUACOLDA ENERGÍA SPA;;91.081.000-6;TER HUASCO;En Operacion;31/07/1977;1977;Región de Atacama;Huasco;;;;3;;Convencional;Petróleo Diesel;58;57,681;No;;NO APLICA;S/E HUASCO 110KV;;;;;;;;;;;;;279458,9831;6848581,99;19J;Petróleo Diesel;4;10/08/2026
SEN;SING;ENGIE ENERGÍA CHILE S.A.;;88.006.900-4;TER IEM;En Operacion;16/05/2019;2019;Región de Antofagasta;Mejillones;;;;1;;Convencional;Carbón;376,96;347,95;No;;NO APLICA;ID 2565 BA S/E TEN 220KV BP1;Carbón;0,376;m3/MWh;;;;;;;;;;356081;7446223;19 K;Carbón;3;10/08/2026
SEN;SING;TAMAKAYA ENERGÍA SPA;;76.349.223-0;TER KELAR;En Operacion;27/12/2016;2016;Región de Antofagasta;Mejillones;;;;3;;Convencional;Gas Natural;532,46;521,71;No;;NO APLICA;S/E KELAR 220KV;;;;;;;;;;;;;362549,8088;7452204,731;19K;Gas Natural;3;10/08/2026
SEN;SING;TECNET S.A.;;96.837.950-K;TER LA PORTADA;En Operacion;09/08/2014;2014;Región de Antofagasta;Antofagasta;;;;3;;Convencional;Petróleo Diesel;2,9869;2,9524;No;PMG;NO APLICA;LA PORTADA;Diesel;0,2484705;kg/kWh;Diesel;0,2368;kg/kWh;;;;;;;411578,1073;7332281,188;19J;Petróleo Diesel;3;10/08/2026
SEN;SIC;TECNORED S.A.;;77.302.440-5;TER LAS VEGAS;En Operacion;20/04/2007;2007;Región de Valparaíso;Llaillay;;;;2;;Convencional;Petróleo Diesel;2,209;2,209;No;PMG;NO APLICA;S/E LAS VEGAS 110kv;Petróleo Diesel;0,284;[m3/MWh];;;;;;;;;;311789,1511;6364331,291;19H;Petróleo Diesel;6;10/08/2026
SEN;SIC;COMASA SPA;;96.546.010-1;TER LAUTARO;En Operacion;26/03/2012;2012;Región de La Araucanía;Lautaro;;;;2;;ERNC;Biomasa;47,721;43,965;Si;;NO APLICA;S/E Central Lautaro 66KV;Biomasa;5,86;m3/MWh;Biomasa;5,5;m3/MWh;Biomasa;6,2;m3/MWh;;;;720722,9896;5731020,986;18H;Biomasa;12;10/08/2026
SEN;SIC;CELULOSA ARAUCO Y CONSTITUCIÓN S.A.;;93.458.000-1;TER LICANTEN;En Operacion;28/04/2004;2004;Región del Maule;Licantén;;;;1;;ERNC;Biomasa-Petróleo N°6;6;6;Si;PMG;NO APLICA;S/E Licanten 66KV;;;;;;;;;;;;;771918,76;6124328;18H;Biomasa;9;10/08/2026
SEN;SIC;TECNORED S.A.;;77.302.440-5;TER LINARES NORTE;En Operacion;20/03/2009;2009;Región del Maule;Linares;;;;1;;Convencional;Petróleo Diesel;0,467;0,464;No;PMG;NO APLICA;S/E LINARES NORTE 13.2kV;Petróleo Diesel;0,263;[m3/MWh];;;;;;;;;;261185,8383;6032009,453;19H;Petróleo Diesel;9;10/08/2026
SEN;SIC;PRIME ENERGÍA QUICKSTART SPA;;;TER LLANOS BLANCOS;En Operacion;08/01/2022;2022;Región de Coquimbo;Coquimbo;;;;83;;Convencional;Petróleo Diesel;153,6662;149,8648;No;;NO APLICA;3197-BA S/E C.R. LLANOS BLANCOS 220kV BP;;;;;;;;;;;;;283996;6651327;19J;Petróleo Diesel;5;10/08/2026
SEN;SIC;KDM ENERGÍA S.A.;;76.059.578-0;TER LOMA LOS COLORADOS II;En Operacion;20/09/2011;2011;Región Metropolitana de Santiago;Tiltil;;;;16;;ERNC;Biogas;22,32;19,84;Si;;NO APLICA;S/E LOMA LOS COLORADOS 23KV;Biogas;687,099;[Nm3/MWh];;;;;;;;;;331349,0086;6352180,034;19H;Biomasa;7;10/08/2026
SEN;SIC;ESPINOS S.A.;;76.925.800-0;TER LOS ESPINOS;En Operacion;25/03/2009;2009;Región de Coquimbo;Los Vilos;;;;80;;Convencional;Petróleo Diesel;125,676;121,276;No;;NO APLICA;S/E CENTRAL LOS ESPINOS 23KV B1;Petróleo Diesel;0,221;[Ton/MWh];;;;;;;;;;268231;6469913;19J;Petróleo Diesel;5;10/08/2026
SEN;SIC;LOS GUINDOS GENERACIÓN SPA;;76.284.294-7;TER LOS GUINDOS;En Operacion;30/07/2015;2015;Región del Biobío;Cabrero;;;;2;;Convencional;Petróleo Diesel;273,11;270,923;No;;NO APLICA;1527 BA S/E CENTRAL LOS GUINDOS 220KV BP1 /  2972 BA S/E CENTRAL LOS GUINDOS 220KV BP2;;;;;;;;;;;;;740717,0048;5890368,057;18H;Petróleo Diesel;10;10/08/2026
SEN;SIC;COLBÚN S.A.;;96.505.760-9;TER LOS PINOS;En Operacion;07/04/2009;2009;Región del Biobío;Cabrero;;;;1;;Convencional;Petróleo Diesel;107,7;106,41;No;;NO APLICA;S/E CENTRAL LOS PINOS 220KV;Petróleo Diesel;Por escalones. Carta DE03817-19;[m3/MWh];;;;;;;;;;737798,06;5892265,95;18H;Petróleo Diesel;10;10/08/2026
SEN;SIC;GENERADORA METROPOLITANA SPA;;76.538.731-0;TER LOS VIENTOS;En Operacion;03/01/2007;2007;Región de Valparaíso;Llaillay;;;;1;;Convencional;Petróleo Diesel;129,829;128,283;No;;NO APLICA;S/E LAS VEGAS 110KV;Petróleo Diesel;4558;[kcal/kWh];;;;;;;;;;311620,9964;6364227,034;19H;Petróleo Diesel;6;10/08/2026
SEN;SIC;EMPRESA ELÉCTRICA VALLENAR S.A.;;;TER MAITENCILLO;En Operacion;03/11/2023;2023;Región de Atacama;Freirina;;;;38;;Convencional;Petróleo Diesel;69,1638;67,792;No;;No aplica;ID 26172 S/E MAITENCILLO HT1;;;;;;;;;;;;;312116;6844880,5;19J;Petróleo Diesel;4;10/08/2026
SEN;SING;MANTOS COPPER S.A.;;77.418.580-1;TER MANTOS BLANCOS;En Operacion;01/10/1995;1995;Región de Antofagasta;Antofagasta;;;;10;;Convencional;Petróleo Diesel;28,64;27,92;No;;NO APLICA;S/E MANTOS BLANCOS 23KV;Diesel;0,2368;kg/kWh;Diesel;0,2368;kg/kWh;;;;;;;391672;7407484,011;19K;Petróleo Diesel;3;10/08/2026
SEN;SIC;NEOMAS SPA;;76.112.774-8;TER MASISA;En Operacion;08/01/2011;2011;Región del Biobío;Cabrero;;;;1;;ERNC;Biomasa;11;11;Si;;NO APLICA;S/E MASISA 66KV;Biomasa;5,96;[m3 st/MWh];;;;;;;;;;731292,9817;5897007,986;18H;Biomasa;10;10/08/2026
SEN;SIC;ELEKTRA GENERACIÓN S.A.;;76.594.660-3;TER MAULE;En Operacion;07/06/2007;2007;Región del Maule;Constitución;;;;6;;Convencional;Petróleo Diesel;6,099;5,959;No;PMG;NO APLICA;S/E CONSTITUCION 23KV;Petróleo Diesel;0,281746032;[Ton/MWh];;;;;;;;;;735639;6083927;18H;Petróleo Diesel;9;10/08/2026
SEN;SING;ENGIE ENERGÍA CHILE S.A.;;88.006.900-4;TER MEJILLONES;En Operacion;31/07/1995;1995;Región de Antofagasta;Mejillones;;;;3;;Convencional;Carbón;330,36;305,087;No;;NO APLICA;S/E CHACAYA 220KV;Carbón + Petcoke;2627,5;kcal/kWh;Carbón;0,41544;kg/kWh;;;;;;;355393,8;7445914,03;19K;Carbón;3;10/08/2026
SEN;SIC;COLBÚN S.A.;;96.505.760-9;TER NEHUENCO;En Operacion;31/07/1998;1998;Región de Valparaíso;Quillota;;;;2;;Convencional;Gas Natural;335,37;326,97;No;;NO APLICA;S/E SAN LUIS 220KV;Gas Natural ;2831;[kcal/kWh];;;;;;;;;;282805,9569;6353344,066;19H;Gas Natural;6;10/08/2026
SEN;SIC;COLBÚN S.A.;;96.505.760-9;TER NEHUENCO 9B;En Operacion;15/05/2002;2002;Región de Valparaíso;Quillota;;;;1;;Convencional;Petróleo Diesel;89,2038;88,2043;No;;NO APLICA;S/E SAN LUIS 220KV;Gas Natural ;0,3158;[dam3/MWh];Petróleo Diesel;0,3273;[m3/MWh];GNL;0,3158;[dam3/MWh];;;;282805,9569;6353344,066;19H;Petróleo Diesel;6;10/08/2026
SEN;SIC;COLBÚN S.A.;;96.505.760-9;TER NEHUENCO II;En Operacion;30/04/2004;2004;Región de Valparaíso;Quillota;;;;2;;Convencional;Gas Natural;411,236;405,562;No;;NO APLICA;S/E SAN LUIS 220KV;Gas Natural;0,181222482;[dam3/MWh];Petróleo Diesel;0,189343645;[m3/MWh];GNL;0,181222482;[dam3/MWh];;;;282805,9569;6353344,066;19H;Gas Natural;6;10/08/2026
SEN;SIC;GAS SUR S.A.;;96.853.490-4;TER NEWEN;En Operacion;30/05/2009;2009;Región del Biobío;Hualpén;;;;1;;Convencional;Propano;14,73;14,61;No;;NO APLICA;S/E NEWEN 66KV;Propano;0,24342;[Ton/MWh];Diesel;0,28675;[Ton/MWh];Gas Natural;0,33;[Mm3/Mwh];;;;667928,8095;5928094,448;18H;Gas Natural;10;10/08/2026
SEN;SIC;CELULOSA ARAUCO Y CONSTITUCIÓN S.A.;;93.458.000-1;TER NUEVA ALDEA;En Operacion;01/05/2008;2008;Región de Ñuble;Ranquíl;;;;2;;ERNC;Biomasa;51;51;Si;;No Aplica;S/E Nueva Aldea 66kV;;;;;;;;;;;;;725852;5939891;18H;Biomasa;11;10/08/2026
SEN;SIC;ARAUCO BIOENERGÍA SPA;;96.547.510-9;TER NUEVA ALDEA II;En Operacion;01/05/2008;2006;Región de Ñuble;Ranquíl;;;;1;;Convencional;Petróleo Diesel;10,31388;9,88555;No;;NO APLICA;S/E NUEVA ALDEA 15KV;Petróleo Diesel;0,345;[m3/MWh];;;;;;;;;;725284,9619;5939907,073;18H;Petróleo Diesel;11;10/08/2026
SEN;SIC;GENERADORA METROPOLITANA SPA;;76.538.731-0;TER NUEVA RENCA;En Operacion;31/07/1997;1997;Región Metropolitana de Santiago;Renca;;;;2;;Convencional;Gas Natural;380,81;370,1;No;;NO APLICA;S/E RENCA 110KV B2;Petróleo Diesel;0,171;[Ton/MWh];GNL;0,2022;[dam3/MWh];;;;;;;343174,2961;6301070,101;19H;Gas Natural;7;10/08/2026
SEN;SIC;EMPRESA ELÉCTRICA VENTANAS SPA;;96.814.370-0;TER NUEVA VENTANAS;En Operacion;11/02/2010;2010;Región de Valparaíso;Puchuncaví;;;;1;;Convencional;Carbón;267,096;245,165;No;;NO APLICA;BA S/E CENTRAL NUEVA VENTANAS 220kV BP1;Carbón;2813,4;[kcal/kWh];;;;;;;;;;267351;6373720;19 H;Carbón;6;10/08/2026
SEN;SIC;ESPINOS S.A.;;76.925.800-0;TER OLIVOS;En Operacion;11/07/2008;2008;Región de Coquimbo;Los Vilos;;;;72;;Convencional;Petróleo Diesel;102,528;99,936;No;;NO APLICA;S/E CENTRAL OLIVOS 23KV B1;Petróleo Diesel;0,231;[Ton/MWh];;;;;;;;;;265848,0099;6464053,048;19J;Petróleo Diesel;5;10/08/2026
SEN;SIC;PRIME ENERGÍA QUICKSTART SPA;;76.452.055-6;TER PAJONALES;En Operacion;09/01/2021;2021;Región de Atacama;Vallenar;;;;56;;Convencional;Petróleo Diesel;104,16;101,36;No;;NO APLICA;DON HECTOR - CENTRAL PAJONALES 220kV C1;;;;;;;;;;;;;313651;6777839;19;Petróleo Diesel;4;10/08/2026
SEN;SIC;ENAP REFINERÍAS S.A.;;87.756.500-9;TER PETROPOWER;En Operacion;31/07/1998;1998;Región del Biobío;Hualpén;;;;1;;Convencional;Petcoke;20,5;20,5;No;;NO APLICA;S/E PETROPOWER 66KV;Petcoke;0,45;[Ton/MWh];;;;;;;;;;667595,9935;5927078,96;18H;Carbón;10;10/08/2026
SEN;SIC;TECNORED S.A.;;77.302.440-5;TER PLACILLA;En Operacion;02/05/2008;2008;Región de Valparaíso;Valparaíso;;;;2;;Convencional;Petróleo Diesel;2,373;2,373;No;PMG;NO APLICA;ID 3162 BA S/E PLACILLA (CHILQUINTA) 12KV BP1;Petróleo Diesel;0,278;[m3/MWh];;;;;;;;;;261209,2;6333777,86;19H;Petróleo Diesel;6;10/08/2026
SEN;SING;NORACID S.A.;;76.858.530-K;TER PLANTA DE ACIDO SULFURICO MEJILLONES;En Operacion;27/10/2012;2012;Región de Antofagasta;Mejillones;;;;1;;Convencional;Cogeneración;26,413;20,0682;No;;NO APLICA;S/E MEJILLONES;;;;;;;;;;;;;355137,73;7444817,17;19K;Gas Natural;3;10/08/2026
SEN;SIC;COMPAÑÍA BARRICK CHILE GENERACIÓN SPA;;96.576.920-K;TER PUNTA COLORADA;En Operacion;03/12/2010;2010;Región de Coquimbo;La Higuera;;;;1;;Convencional;Petróleo Diesel;16,056;15,856;No;;NO APLICA;S/E PUNTA COLORADA 220KV;Petróleo Diesel;0,191;[Ton/MWh];Petróleo IFO-180;0,219;[Ton/MWh];;;;;;;301661,24;6749612,96;19J;Petróleo Diesel;5;10/08/2026
SEN;SIC;ENEL GENERACIÓN CHILE S.A.;;91.081.000-6;TER QUINTERO;En Operacion;22/07/2009;2009;Región de Valparaíso;Quintero;;;;2;;Convencional;Petróleo Diesel;240,6021;239,0173;No;;NO APLICA;S/E QUINTERO 220KV;;;;;;;;;;;;;267224,0327;6369582,037;19H;Petróleo Diesel;6;10/08/2026
SEN;SIC;TECNORED S.A.;;77.302.440-5;TER SAN GREGORIO;En Operacion;20/03/2009;2009;Región de Ñuble;Ñiquén;;;;1;;Convencional;Petróleo Diesel;0,425;0,422;No;PMG;NO APLICA;S/E SAN GREGORIO 13.2kV;Petróleo Diesel;0,263;[m3/MWh];;;;;;;;;;246807,4656;5981448,365;19H;Petróleo Diesel;11;10/08/2026
SEN;SIC;ENEL GENERACIÓN CHILE S.A.;;91.081.000-6;TER SAN ISIDRO;En Operacion;31/07/1998;1998;Región de Valparaíso;Quillota;;;;2;;Convencional;Gas Natural;378,9;371,6;No;;NO APLICA;S/E SAN LUIS 220KV;Gas Natural ;3151,7;[kcal/kWh];Petróleo Diesel;0,185419266;[Ton/MWh];GNL;0,202859434;[dam3/MWh];;;;283636,86;6353399,07;19H;Gas Natural;6;10/08/2026
SEN;SIC;ENEL GENERACIÓN CHILE S.A.;;91.081.000-6;TER SAN ISIDRO II;En Operacion;23/04/2007;2007;Región de Valparaíso;Quillota;;;;2;;Convencional;Gas Natural;387,741;379,951;No;;NO APLICA;S/E SAN LUIS 220KV;Petróleo Diesel;0,182587516;[Ton/MWh];GNL;0,195009282;[m3/MWh];;;;;;;283511,62;6353394,9;19H;Gas Natural;6;10/08/2026
SEN;SIC;PRIME ENERGÍA QUICKSTART SPA;;;TER SAN JAVIER I;En Operacion;06/01/2022;2022;Región del Maule;Constitución;;;;14;;Convencional;Petróleo Diesel;25,9938;25,51108;No;;NO APLICA;3217-CENTRAL SAN JAVIER 66/23KV 37,5/50/58MVA T1;;;;;;;;;;;;;738274;6080575;18H;Petróleo Diesel;9;10/08/2026
SEN;SIC;PRIME ENERGÍA QUICKSTART SPA;;;TER SAN JAVIER II;En Operacion;06/11/2022;2022;Región del Maule;Constitución;;;;14;;Convencional;Petróleo Diesel;26;25,4338;No;;NO APLICA;3217-CENTRAL SAN JAVIER 66/23KV 37,5/50/58MVA T1;;;;;;;;;;;;;738274;6080575;18H;Petróleo Diesel;9;10/08/2026
SEN;SIC;ENLASA GENERACIÓN CHILE S.A.;;76.009.328-9;TER SAN LORENZO DE D. DE ALMAGRO;En Operacion;17/09/2009;2009;Región de Atacama;Diego de Almagro;;;;6;;Convencional;Petróleo Diesel;62,96;62,26;No;;NO APLICA;S/E SAN LORENZO (ENLASA) 11,5KV;;;;;;;;;;;;;396452,36;7079543,93;19H;Petróleo Diesel;4;10/08/2026
SEN;SIC;BIOENERGÍAS FORESTALES SPA;;76.188.197-3;TER SANTA FE;En Operacion;09/05/2012;2012;Región del Biobío;Nacimiento;;;;1;;ERNC;Biomasa;68,785;62,633;Si;;NO APLICA;S/E CELULOSA SANTA FE 220KV;;;;;;;;;;;;;707687,4034;5845227,373;18H;Biomasa;10;10/08/2026
SEN;SIC;GENERADORA METROPOLITANA SPA;;76.538.731-0;TER SANTA LIDIA;En Operacion;24/04/2009;2009;Región del Biobío;Cabrero;;;;1;;Convencional;Petróleo Diesel;142,36;140,88;No;;NO APLICA;S/E CHARRUA 220KV B2;Petróleo Diesel;4595;[kcal/kWh];;;;;;;;;;738496,28;5891439,41;18H;Petróleo Diesel;10;10/08/2026
SEN;SIC;COLBÚN S.A.;;96.505.760-9;TER SANTA MARIA;En Operacion;15/08/2012;2012;Región del Biobío;Coronel;;;;1;;Convencional;Carbón;378,95;348,35;No;;NO APLICA;S/E SANTA MARIA 220KV;Carbón;0,352;Ton/MWh;;;;;;;;;;666299,7501;5898833,615;18H;Carbón;10;10/08/2026
SEN;SIC;CONSORCIO SANTA MARTA S.A.;;96.828.810-5;TER SANTA MARTA;En Operacion;31/03/2014;2014;Región Metropolitana de Santiago;Talagante;;;;10;;ERNC;Biogas;15,01;14,185;Si;;NO APLICA;S/E SANTA MARTA 23 KV;;;;;;;;;;;;;333425,31;6269589,51;19H;Biomasa;7;10/08/2026
SEN;SIC;ENEL GENERACIÓN CHILE S.A.;;91.081.000-6;TER TALTAL;En Operacion;31/07/2000;2000;Región de Antofagasta;Taltal;;;;2;;Convencional;Gas Natural;240,48;240,113;No;;NO APLICA;S/E PAPOSO 220 KV B1;;;;;;;;;;;;;352039,9536;7235494,984;19J;Gas Natural;3;10/08/2026
SEN;SIC;ENLASA GENERACIÓN CHILE S.A.;;76.009.328-9;TER TENO;En Operacion;07/05/2009;2009;Región del Maule;Teno;;;;36;;Convencional;Petróleo Diesel;59;58,882;No;;NO APLICA;S/E AGUAS NEGRAS 14,4KV;Petróleo Diesel;0,2193;[Ton/MWh];;;;;;;;;;304171,9999;6139469,015;19H;Petróleo Diesel;9;10/08/2026
SEN;SIC;INNOVACIÓN ENERGÍA S.A.;;76.616.538-9;TER TENO GAS;En Operacion;13/02/2020;2020;Región del Maule;Teno;;;;26;;Convencional;Gas Natural;44,46;43,68;No;;no aplica;ID 361 BA S/E TENO 66KV BP1;Gas Licuado de Petróleo;2488,5;[kcal/kWh];;;;;;;;;;304237;6139442;19J;Gas Natural;9;10/08/2026
SEN;SIC;GENERADORA DEL PACÍFICO SPA;;76.010.367-5;TER TERMOPACIFICO;En Operacion;15/11/2009;2009;Región de Atacama;Copiapó;;;;60;;Convencional;Petróleo Diesel;95,6097;95,5623;No;;NO APLICA;S/E CENTRAL TERMOPACIFICO 23KV B1;Petróleo Diesel;0,265832;[Ton/MWh];;;;;;;;;;363495;6958309;19J;Petróleo Diesel;4;10/08/2026
SEN;SING;ENGIE ENERGÍA CHILE S.A.;;88.006.900-4;TER TOCOPILLA;En Operacion;31/07/1960;1960;Región de Antofagasta;Tocopilla;;;;4;;Convencional;Petróleo Diesel;433,4921;426,8117;No;;NO APLICA;GIS de 110 kV y de 220 kV;;;;;;;;;;;;;374700;7555454;19H;Petróleo Diesel;3;10/08/2026
SEN;SIC;ENLASA GENERACIÓN CHILE S.A.;;76.009.328-9;TER TRAPEN;En Operacion;31/07/2009;2009;Región de Los Lagos;Puerto Montt;;;;50;;Convencional;Petróleo Diesel;81;80,838;No;;NO APLICA;S/E MOLINOS (ENLASA) 23KV;Petróleo Diesel;0,2193;[Ton/MWh];;;;;;;;;;660418,73;5401965,52;18G;Petróleo Diesel;14;10/08/2026
SEN;SIC;ENERGÍA SIETE SPA;;76.451.022-4;TER TRINCAO;En Operacion;21/05/2019;2019;Región de Los Lagos;Quellón;;;;10;;Convencional;Petróleo Diesel;18,03;17,52;No;;NO APLICA;S/E CENTRAL QUELLON II 23KV;;;;;;;;;;;;;612765;5228037;18G;Petróleo Diesel;14;10/08/2026
SEN;SING;COMPAÑÍA DOÑA INÉS DE COLLAHUASI SCM;;89.468.900-5;TER UJINA;En Operacion;30/03/2016;2016;Región de Tarapacá;Pica;;;;5;;Convencional;Fuel Oil Nro. 6;37,06;35,435465;No;;NO APLICA;ID 2046 BA S/E COLLAHUASI SALA ELECTRICA 3502 23KV BP1 / ID 2047 BA S/E COLLAHUASI SALA ELECTRICA 3502 23KV  BP2;;;;;;;;;;;;;542365,92;7680208,84;19K;Petróleo Diesel;2;10/08/2026
SEN;SIC;CELULOSA ARAUCO Y CONSTITUCIÓN S.A.;;93.458.000-1;TER VALDIVIA;En Operacion;12/05/2004;2004;Región de Los Ríos;Mariquina;;;;1;;ERNC;Biomasa-Petróleo N°6;61;61;No;;NO APLICA;S/E CIRUELOS 220KV;;;;;;;;;;;;;680338,9666;5618578,062;18H;Biomasa;13;10/08/2026
SEN;SIC;COMPAÑÍA MINERA NEVADA SPA;;;TER VELADERO;En Pruebas;;;Región de Coquimbo;Andacollo;;;;Sin información;;Convencional;Petróleo Diesel;0;0;No;;Sin información;Sin información;;;;;;;;;;;;;;;;Petróleo Diesel;5;10/08/2026
SEN;SIC;MADERAS ARAUCO S.A.;;96.510.970-6;TER VIÑALES;En Operacion;01/07/2013;2013;Región del Maule;Constitución;;;;1;;ERNC;Biomasa;22;22;Si;;NO APLICA;S/E Planta Viñales 66KV;;;;;;;;;;;;;735226,9564;6082725,055;18H;Biomasa;9;10/08/2026
SEN;SIC;CENTRAL YUNGAY S.A.;;76.060.441-0;TER YUNGAY;En Operacion;21/03/2007;2007;Región del Biobío;Cabrero;;;;4;;Convencional;Petróleo Diesel;200,01;198,775;No;;NO APLICA;S/E YUNGAY 154KV;;;;;;;;;;;;;740521,9875;5889996,018;18H;Petróleo Diesel;10;10/08/2026
SEA;GENERAL CARRERA;EDELAYSEN;Empresa Eléctrica de Aisén S.A.;88.272.600-2;TRANQUILO;En Operacion;01/01/2019;2019;Región Aisén del Gral.Carlos Ibáñez del Campo;Río Ibáñez;G-5746;DIESEL;2019;;;Convencional;Petróleo Diesel;0,4;0,4;No;;;Barra central Tranquilo;DIESEL;;;;;;;;;;;;678209,2;4833796,69;18G;Petróleo Diesel;15;10/08/2026
SEM;PUNTA ARENAS;EDELMAG S.A.;Empresa Eléctrica de Magallanes S.A.;88221200-9;TRES PUENTES;En Operacion;01/01/1985;1985;Región de Magallanes y de la Antártica Chilena;Punta Arenas;;Turbina a gas;1985;;TG Hitachi 5001;Convencional;Gas Natural;24;21,6;No;;;Barra Tres Puentes;Gas Natural;;;;;;;;;;;;373042;4114739;19F;Gas Natural;16;10/08/2026
SEM;PUNTA ARENAS;EDELMAG S.A.;Empresa Eléctrica de Magallanes S.A.;88221200-9;TRES PUENTES;En Operacion;01/01/1985;1985;Región de Magallanes y de la Antártica Chilena;Punta Arenas;;Motor diesel;1994;;MD Caterpillar 3516 DITA;Convencional;Petróleo Diesel;1,46;1,314;No;;;Barra Tres Puentes;Petróleo diesel;;;;;;;;;;;;373042;4114739;19F;Petróleo Diesel;16;10/08/2026
SEM;PUNTA ARENAS;EDELMAG S.A.;Empresa Eléctrica de Magallanes S.A.;88221200-9;TRES PUENTES;En Operacion;01/01/1985;1985;Región de Magallanes y de la Antártica Chilena;Punta Arenas;;Turbina a gas;1996;;TG Solar Mars;Convencional;Gas Natural;10;9;No;;;Barra Tres Puentes;Gas Natural;;;;;;;;;;;;373042;4114739;19F;Gas Natural;16;10/08/2026
SEM;PUNTA ARENAS;EDELMAG S.A.;Empresa Eléctrica de Magallanes S.A.;88221200-9;TRES PUENTES;En Operacion;01/01/1985;1985;Región de Magallanes y de la Antártica Chilena;Punta Arenas;;Motor a Gas;1998;;MG Caterpillar G3612;Convencional;Gas Natural;2,72;2,448;No;;;Barra Tres Puentes;Gas Natural;;;;;;;;;;;;373042;4114739;19F;Gas Natural;16;10/08/2026
SEM;PUNTA ARENAS;EDELMAG S.A.;Empresa Eléctrica de Magallanes S.A.;88221200-9;TRES PUENTES;En Operacion;01/01/1985;1985;Región de Magallanes y de la Antártica Chilena;Punta Arenas;;Turbina a gas;2003;;TG Solar Titan;Convencional;Gas Natural;15;13,5;No;;;Barra Tres Puentes;Gas Natural;;;;;;;;;;;;373042;4114739;19F;Gas Natural;16;10/08/2026
SEM;PUNTA ARENAS;EDELMAG S.A.;Empresa Eléctrica de Magallanes S.A.;88221200-9;TRES PUENTES;En Operacion;01/01/1985;1985;Región de Magallanes y de la Antártica Chilena;Punta Arenas;;Turbina a gas;2006;;TG General Electric GE-10;Convencional;Gas Natural;10,5;9,45;No;;;Barra Tres Puentes;Gas Natural;;;;;;;;;;;;373042;4114739;19F;Gas Natural;16;10/08/2026
SEM;PUNTA ARENAS;EDELMAG S.A.;Empresa Eléctrica de Magallanes S.A.;88221200-9;TRES PUENTES;En Operacion;01/01/1985;1985;Región de Magallanes y de la Antártica Chilena;Punta Arenas;;Turbina a gas;2008;;TG Solar Titan;Convencional;Gas Natural;15;13,5;No;;;Barra Tres Puentes;Gas Natural;;;;;;;;;;;;373042;4114739;19F;Gas Natural;16;10/08/2026
SEM;PUNTA ARENAS;EDELMAG S.A.;Empresa Eléctrica de Magallanes S.A.;88221200-9;TRES PUENTES;En Operacion;01/01/1985;1985;Región de Magallanes y de la Antártica Chilena;Punta Arenas;;Motor a gas;2021;;MG Caterpillar XGC1900;Convencional;Gas Natural;1,9;1,71;No;;;Barra Tres Puentes;Gas Natural;;;;;;;;;;;;373042;4114739;19F;Gas Natural;16;10/08/2026
SEM;PUNTA ARENAS;EDELMAG S.A.;Empresa Eléctrica de Magallanes S.A.;88221200-9;TRES PUENTES;En Operacion;01/01/1985;1985;Región de Magallanes y de la Antártica Chilena;Punta Arenas;;Motor a gas;2021;;MG Caterpillar XGC1900;Convencional;Gas Natural;1,9;1,71;No;;;Barra Tres Puentes;Gas Natural;;;;;;;;;;;;373042;4114739;19F;Gas Natural;16;10/08/2026
SEM;PUNTA ARENAS;EDELMAG S.A.;Empresa Eléctrica de Magallanes S.A.;88221200-9;TRES PUENTES;En Operacion;01/01/1985;1985;Región de Magallanes y de la Antártica Chilena;Punta Arenas;;Motor a gas;2021;;MG Caterpillar XGC1900;Convencional;Gas Natural;1,9;1,71;No;;;Barra Tres Puentes;Gas Natural;;;;;;;;;;;;373042;4114739;19F;Gas Natural;16;10/08/2026
SEM;PUNTA ARENAS;EDELMAG S.A.;Empresa Eléctrica de Magallanes S.A.;88221200-9;TRES PUENTES;En Operacion;01/01/1985;1985;Región de Magallanes y de la Antártica Chilena;Punta Arenas;;Motor a gas;2021;;MG Caterpillar XGC1900;Convencional;Gas Natural;1,9;1,71;No;;;Barra Tres Puentes;Gas Natural;;;;;;;;;;;;373042;4114739;19F;Gas Natural;16;10/08/2026
SEM;PUNTA ARENAS;EDELMAG S.A.;Empresa Eléctrica de Magallanes S.A.;88221200-9;TRES PUENTES;En Operacion;01/01/1985;1985;Región de Magallanes y de la Antártica Chilena;Punta Arenas;;Motor a gas;2021;;MG Caterpillar XGC1900;Convencional;Gas Natural;1,9;1,71;No;;;Barra Tres Puentes;Gas Natural;;;;;;;;;;;;373042;4114739;19F;Gas Natural;16;10/08/2026
SEM;PUNTA ARENAS;VIENTOS PATAGÓNICOS S.A.;VIENTOS PATAGÓNICOS S.A.;76942837-2;VIENTOS PATAGÓNICOS;En Operacion;01/01/2020;2020;Región de Magallanes y de la Antártica Chilena;Punta Arenas;TE Vestas V-112;Turbina Eólica;2021;;;ERNC;Eólica;3,45;3,105;Si;;;Barra Tres Puentes;Eólica;;;;;;;;;;;;376682;4133137;19F;Eólica;16;10/08/2026
SEM;PUNTA ARENAS;VIENTOS PATAGÓNICOS S.A.;VIENTOS PATAGÓNICOS S.A.;76942837-2;VIENTOS PATAGÓNICOS;En Operacion;01/01/2020;2020;Región de Magallanes y de la Antártica Chilena;Punta Arenas;TE Vestas V-112;Turbina Eólica;2021;;;ERNC;Eólica;3,45;3,105;Si;;;Barra Tres Puentes;Eólica;;;;;;;;;;;;376682;4133137;19F;Eólica;16;10/08/2026
SEM;PUNTA ARENAS;VIENTOS PATAGÓNICOS S.A.;VIENTOS PATAGÓNICOS S.A.;76942837-2;VIENTOS PATAGÓNICOS;En Operacion;01/01/2020;2020;Región de Magallanes y de la Antártica Chilena;Punta Arenas;TE Vestas V-112;Turbina Eólica;2021;;;ERNC;Eólica;3,45;3,105;Si;;;Barra Tres Puentes;Eólica;;;;;;;;;;;;376682;4133137;19F;Eólica;16;10/08/2026
